answer_id,prompt_id,category,category_label,length_level,expected_response_type,has_context,has_constraints,role,role_text,context_text,constraints_text,template_text,variable_values,prompt_text,model_name,model_version,answer_text,generated_at,response_time_sec
71fc574f-08dc-4813-acfe-7c455f219893,48cf12d0-0d8b-4071-980f-d5dcecf9fbb5,code_generation,Генерация кода,short,code,0,0,none,,,,"Напиши функцию на Python, которая {task}.","{""task"": ""сортирует список чисел по возрастанию""}","Напиши функцию на Python, которая сортирует список чисел по возрастанию.

Ответ должен быть кратким.",yandexgpt-lite,latest,"```
def sort_numbers(numbers):
    return sorted(numbers)
```",2026-04-25T17:48:57,0.9364
b333d6aa-73b0-4315-89d6-defd43f8da69,25fd5172-edaf-45fd-809d-dcb22754ac31,code_generation,Генерация кода,short,code,0,0,python_developer,Ты Python-разработчик.,,,Реализуй на Python решение задачи: {task}.,"{""task"": ""проверяет, является ли строка палиндромом""}","Ты Python-разработчик.

Реализуй на Python решение задачи: проверяет, является ли строка палиндромом.

Ответ должен быть кратким.",yandexgpt-lite,latest,"```
def is_palindrome(s):
    return s == s[::-1]
```",2026-04-25T17:48:58,1.042
ff002152-20fe-4659-9ee8-c86c809dff1c,27cefcbb-88b0-4632-9ceb-2fd906ce4422,code_generation,Генерация кода,short,code,0,0,qa_engineer,Ты QA-инженер.,,,"Напиши функцию на Python, которая {task}.","{""task"": ""подсчитывает количество слов в строке""}","Ты QA-инженер.

Напиши функцию на Python, которая подсчитывает количество слов в строке.

Ответ должен быть кратким.",yandexgpt-lite,latest,"```
def count_words(s):
    return len(s.split())
```",2026-04-25T17:48:59,0.9635
a7b6bb92-541b-42f4-888a-b01b533ef4fe,8e562bca-b235-453f-b223-3f75ce7530ff,code_generation,Генерация кода,short,code,0,0,computer_science_teacher,Ты преподаватель информатики.,,,"Напиши функцию на Python, которая {task}.","{""task"": ""находит максимальный элемент в списке""}","Ты преподаватель информатики.

Напиши функцию на Python, которая находит максимальный элемент в списке.

Ответ должен быть кратким.",yandexgpt-lite,latest,"```
def max_element(lst):
    return max(lst)
```",2026-04-25T17:49:00,0.9251
1ac79baf-485f-456e-9db5-498209315aeb,b2916bb8-404a-425c-b23f-1e96b946339f,code_generation,Генерация кода,short,code,0,1,none,,,"Ограничения:
- Используй только стандартную библиотеку Python.
- Добавь комментарии к ключевым частям решения.",Реализуй на Python решение задачи: {task}.,"{""task"": ""сортирует список чисел по возрастанию""}","Реализуй на Python решение задачи: сортирует список чисел по возрастанию.

Ограничения:
- Используй только стандартную библиотеку Python.
- Добавь комментарии к ключевым частям решения.

Ответ должен быть кратким.",yandexgpt-lite,latest,"```
numbers = [6, 2, 4, 1, 5, 3]  # исходный список чисел

# Сортировка списка по возрастанию с использованием встроенной функции sorted()
sorted_numbers = sorted(numbers)

print(sorted_numbers)  # вывод отсортированного списка
```",2026-04-25T17:49:01,1.6712
e6034e09-3e05-4ff9-8e2f-4b753a7bb4e9,0489d218-765e-42b2-9815-fccfa55efa70,code_generation,Генерация кода,short,code,0,1,python_developer,Ты Python-разработчик.,,"Ограничения:
- Не используй внешние зависимости.
- Добавь комментарии к ключевым частям решения.","Напиши функцию на Python, которая {task}.","{""task"": ""проверяет, является ли строка палиндромом""}","Ты Python-разработчик.

Напиши функцию на Python, которая проверяет, является ли строка палиндромом.

Ограничения:
- Не используй внешние зависимости.
- Добавь комментарии к ключевым частям решения.

Ответ должен быть кратким.",yandexgpt-lite,latest,"```
def is_palindrome(s: str) -> bool:
    """"""
    Проверяет, является ли строка палиндромом.

    Параметры:
    s (str): строка для проверки

    Возвращает:
    bool: True, если строка является палиндромом, False - иначе
    """"""
    return s == s[::-1]  # сравниваем строку с её реверсом
```",2026-04-25T17:49:03,1.653
33668369-903e-4ba7-af6c-5f13d19791c7,ed7361ee-30e7-484d-8a3d-d145f6a405d9,code_generation,Генерация кода,short,code,0,1,qa_engineer,Ты QA-инженер.,,"Ограничения:
- Используй только стандартную библиотеку Python.
- Избегай избыточно сложных конструкций.","Напиши функцию на Python, которая {task}.","{""task"": ""считывает JSON-файл и возвращает его содержимое""}","Ты QA-инженер.

Напиши функцию на Python, которая считывает JSON-файл и возвращает его содержимое.

Ограничения:
- Используй только стандартную библиотеку Python.
- Избегай избыточно сложных конструкций.

Ответ должен быть кратким.",yandexgpt-lite,latest,"```
def read_json(file_path):
    with open(file_path, 'r', encoding='utf-8') as file:
        return json.load(file)
```",2026-04-25T17:49:05,1.3929
44cfae44-7e44-41b5-af59-3c7c67696caf,fef4d834-4cd1-4f11-bb71-53fd6478107e,code_generation,Генерация кода,short,code,0,1,computer_science_teacher,Ты преподаватель информатики.,,"Ограничения:
- Используй только стандартную библиотеку Python.
- Избегай избыточно сложных конструкций.",Реализуй на Python решение задачи: {task}.,"{""task"": ""сортирует список чисел по возрастанию""}","Ты преподаватель информатики.

Реализуй на Python решение задачи: сортирует список чисел по возрастанию.

Ограничения:
- Используй только стандартную библиотеку Python.
- Избегай избыточно сложных конструкций.

Ответ должен быть кратким.",yandexgpt-lite,latest,"```
numbers = [5, 3, 8, 1, 4]
numbers.sort()
print(numbers)
```",2026-04-25T17:49:06,1.1936
1fc5aad8-a12f-4b54-a454-018aad477bc9,bf21a020-8d2f-497b-bf33-3c36096a160e,code_generation,Генерация кода,short,code,1,0,none,,Это учебная задача для начинающего разработчика.,,Реализуй на Python решение задачи: {task}.,"{""task"": ""подсчитывает количество слов в строке""}","Контекст: Это учебная задача для начинающего разработчика.

Реализуй на Python решение задачи: подсчитывает количество слов в строке.

Ответ должен быть кратким.",yandexgpt-lite,latest,"```
def count_words(s):
    return len(s.split())
```",2026-04-25T17:49:07,0.8568
2f812e4e-bf4b-4613-93b3-5476a492fce5,e0b9e1cb-0dfe-471f-aef2-b9f110de64a2,code_generation,Генерация кода,short,code,1,0,python_developer,Ты Python-разработчик.,Это часть backend-сервиса.,,Реализуй на Python решение задачи: {task}.,"{""task"": ""находит максимальный элемент в списке""}","Ты Python-разработчик.

Контекст: Это часть backend-сервиса.

Реализуй на Python решение задачи: находит максимальный элемент в списке.

Ответ должен быть кратким.",yandexgpt-lite,latest,"```
def find_max(lst):
    return max(lst)
```",2026-04-25T17:49:07,0.8669
da29e551-b59d-423f-a9b8-26606904058a,8c5d4776-4a14-4f45-8229-26083f83dbc2,code_generation,Генерация кода,short,code,1,0,qa_engineer,Ты QA-инженер.,Это часть backend-сервиса.,,Реализуй на Python решение задачи: {task}.,"{""task"": ""находит максимальный элемент в списке""}","Ты QA-инженер.

Контекст: Это часть backend-сервиса.

Реализуй на Python решение задачи: находит максимальный элемент в списке.

Ответ должен быть кратким.",yandexgpt-lite,latest,"```
def max_element(lst):
    return max(lst)
```",2026-04-25T17:49:08,0.9204
754a56a5-ef73-477b-841e-950a4d3cc010,9211fd62-edef-4e58-be89-cd18e36501b1,code_generation,Генерация кода,short,code,1,0,computer_science_teacher,Ты преподаватель информатики.,Это учебная задача для начинающего разработчика.,,Реализуй на Python решение задачи: {task}.,"{""task"": ""объединяет два словаря""}","Ты преподаватель информатики.

Контекст: Это учебная задача для начинающего разработчика.

Реализуй на Python решение задачи: объединяет два словаря.

Ответ должен быть кратким.",yandexgpt-lite,latest,"```
dict1 = {'a': 1, 'b': 2}
dict2 = {'c': 3, 'd': 4}
result = {**dict1, **dict2}
```",2026-04-25T17:49:10,1.3846
0551dbb2-6020-4fab-9c8b-48bc4d12d44f,322831c5-672e-4c35-b942-e91c086ba516,code_generation,Генерация кода,short,code,1,1,none,,Это часть backend-сервиса.,"Ограничения:
- Ответ должен быть понятен начинающему специалисту.
- Добавь комментарии к ключевым частям решения.",Реализуй на Python решение задачи: {task}.,"{""task"": ""находит максимальный элемент в списке""}","Контекст: Это часть backend-сервиса.

Реализуй на Python решение задачи: находит максимальный элемент в списке.

Ограничения:
- Ответ должен быть понятен начинающему специалисту.
- Добавь комментарии к ключевым частям решения.

Ответ должен быть кратким.",yandexgpt-lite,latest,"```
def find_max_element(numbers):
    """"""
    Находит максимальный элемент в списке numbers.

    :param numbers: список чисел
    :return: максимальный элемент в списке
    """"""
    max_element = numbers[0]  # предполагаем, что первый элемент максимальный

    for number in numbers:  # проходим по всем элементам списка
        if number > max_element:  # если находим элемент больше текущего максимального
            max_element = number  # обновляем значение максимального элемента

    return max_element
```",2026-04-25T17:49:12,1.9155
1e0ba6ea-88f2-4936-8604-56730882d49b,46d0ba59-661d-4d96-ab26-a1c92d229978,code_generation,Генерация кода,short,code,1,1,python_developer,Ты Python-разработчик.,Это утилита для автоматизации обработки данных.,"Ограничения:
- Не используй внешние зависимости.
- Добавь комментарии к ключевым частям решения.",Реализуй на Python решение задачи: {task}.,"{""task"": ""удаляет дубликаты из списка с сохранением порядка""}","Ты Python-разработчик.

Контекст: Это утилита для автоматизации обработки данных.

Реализуй на Python решение задачи: удаляет дубликаты из списка с сохранением порядка.

Ограничения:
- Не используй внешние зависимости.
- Добавь комментарии к ключевым частям решения.

Ответ должен быть кратким.",yandexgpt-lite,latest,"```
def remove_duplicates(lst):
    """"""Удаляет дубликаты из списка с сохранением порядка.""""""
    seen = set()  # множество для хранения уникальных элементов
    result = []  # список для хранения результата

    for item in lst:
        if item not in seen:  # если элемента нет в множестве
            seen.add(item)  # добавляем в множество
            result.append(item)  # добавляем в результат

    return result
```",2026-04-25T17:49:14,2.0369
8860987c-33c1-4608-8b39-c86e4dbe3fc7,410e927c-7446-4746-9576-97918fc9846f,code_generation,Генерация кода,short,code,1,1,qa_engineer,Ты QA-инженер.,Это утилита для автоматизации обработки данных.,"Ограничения:
- Не используй внешние зависимости.
- Добавь комментарии к ключевым частям решения.","Напиши функцию на Python, которая {task}.","{""task"": ""сортирует список чисел по возрастанию""}","Ты QA-инженер.

Контекст: Это утилита для автоматизации обработки данных.

Напиши функцию на Python, которая сортирует список чисел по возрастанию.

Ограничения:
- Не используй внешние зависимости.
- Добавь комментарии к ключевым частям решения.

Ответ должен быть кратким.",yandexgpt-lite,latest,"```
def sort_numbers(numbers):
    """"""
    Сортирует список чисел по возрастанию.

    :param numbers: список чисел для сортировки
    :return: отсортированный список чисел
    """"""
    # Используем сортировку пузырьком
    for i in range(len(numbers)):
        for j in range(len(numbers) - i - 1):
            if numbers[j] > numbers[j + 1]:
                # Меняем местами элементы
                numbers[j], numbers[j + 1] = numbers[j + 1], numbers[j]
    return numbers
```",2026-04-25T17:49:16,2.2945
a561bc31-40da-4f32-9450-4b2487bcc13e,7592397c-0c5d-4f35-beea-07b8d3e7f58d,code_generation,Генерация кода,short,code,1,1,computer_science_teacher,Ты преподаватель информатики.,Это учебная задача для начинающего разработчика.,"Ограничения:
- Используй только стандартную библиотеку Python.
- Избегай избыточно сложных конструкций.","Напиши функцию на Python, которая {task}.","{""task"": ""проверяет, является ли строка палиндромом""}","Ты преподаватель информатики.

Контекст: Это учебная задача для начинающего разработчика.

Напиши функцию на Python, которая проверяет, является ли строка палиндромом.

Ограничения:
- Используй только стандартную библиотеку Python.
- Избегай избыточно сложных конструкций.

Ответ должен быть кратким.",yandexgpt-lite,latest,"```
def is_palindrome(s):
    return s == s[::-1]
```",2026-04-25T17:49:17,0.9603
a0c7e2f4-9813-48e7-9f05-856f104bf283,db05c550-8309-4a38-8e3d-716bb1b7ff37,code_generation,Генерация кода,medium,code_and_text,0,0,none,,,,Реализуй на Python решение задачи: {task}. Добавь краткое объяснение логики.,"{""task"": ""группирует список чисел на чётные и нечётные""}","Реализуй на Python решение задачи: группирует список чисел на чётные и нечётные. Добавь краткое объяснение логики.

Ответ должен быть средней подробности.",yandexgpt-lite,latest,"```
def group_even_odd(numbers):
    even_numbers = [num for num in numbers if num % 2 == 0]
    odd_numbers = [num for num in numbers if num % 2 != 0]
    return even_numbers, odd_numbers

numbers = [1, 2, 3, 4, 5, 6, 7, 8, 9, 10]
even, odd = group_even_odd(numbers)

print(""Четные числа:"", even)
print(""Нечетные числа:"", odd)
```

**Объяснение логики:**

- Используется списковое включение для разделения чисел на чётные и нечётные.
- Чётные числа (`even_numbers`) — это те, которые делятся на 2 без остатка (`num % 2 == 0`).
- Нечётные числа (`odd_numbers`) — это те, которые при делении на 2 дают остаток (`num % 2 != 0`).
- Затем возвращаются два списка: чётные и нечётные числа.",2026-04-25T17:49:20,3.3883
312281d0-dcd3-46b3-87de-4731473ba077,8921513d-6969-45bf-b3ad-c5853992edce,code_generation,Генерация кода,medium,code_and_text,0,0,python_developer,Ты Python-разработчик.,,,Реализуй на Python решение задачи: {task}. Добавь краткое объяснение логики.,"{""task"": ""подсчитывает количество слов в строке""}","Ты Python-разработчик.

Реализуй на Python решение задачи: подсчитывает количество слов в строке. Добавь краткое объяснение логики.

Ответ должен быть средней подробности.",yandexgpt-lite,latest,"```
def count_words(input_string):
    """"""
    Подсчитывает количество слов в строке.

    Параметры:
    input_string (str): строка, в которой нужно подсчитать слова.

    Возвращает:
    int: количество слов в строке.
    """"""
    # Разбиваем строку на слова по пробелам
    words = input_string.split()
    # Возвращаем количество слов
    return len(words)

# Пример использования
input_string = ""Hello world, this is a test string.""
word_count = count_words(input_string)
print(f""Количество слов в строке: {word_count}"")
```

Логика решения:

1. Используем метод `split()`, который разбивает строку на список слов по пробелам.
2. Затем с помощью функции `len()` подсчитываем количество элементов в списке, что соответствует количеству слов в исходной строке.",2026-04-25T17:49:23,2.9671
5b009d93-a03f-4b3d-a9d4-86c63a6387b8,4c4ac2d3-51b5-4733-974f-12ad716fbe2c,code_generation,Генерация кода,medium,code_and_text,0,0,qa_engineer,Ты QA-инженер.,,,Реализуй на Python решение задачи: {task}. Добавь краткое объяснение логики.,"{""task"": ""удаляет дубликаты из списка с сохранением порядка""}","Ты QA-инженер.

Реализуй на Python решение задачи: удаляет дубликаты из списка с сохранением порядка. Добавь краткое объяснение логики.

Ответ должен быть средней подробности.",yandexgpt-lite,latest,"```
def remove_duplicates(lst):
    """"""
    Удаляет дубликаты из списка, сохраняя порядок элементов.

    :param lst: исходный список
    :return: список без дубликатов
    """"""
    seen = set()
    result = []
    for item in lst:
        if item not in seen:
            seen.add(item)
            result.append(item)
    return result

# Пример использования
example_list = [1, 2, 3, 2, 4, 3, 5, 6, 6, 7]
print(remove_duplicates(example_list))
```

### Объяснение логики:
1. Инициализируем пустое множество `seen` для отслеживания уже встреченных элементов.
2. Проходим по каждому элементу `item` в исходном списке `lst`.
3. Проверяем, есть ли `item` в множестве `seen`. Если нет, добавляем `item` в `seen` и в результирующий список `result`.
4. Таким образом, мы сохраняем порядок элементов и удаляем дубликаты.",2026-04-25T17:49:27,3.4394
75627796-0352-4d73-bf1a-f1732d930940,12bb1208-8178-4f49-9b91-d80f9c69602d,code_generation,Генерация кода,medium,code_and_text,0,0,computer_science_teacher,Ты преподаватель информатики.,,,"Напиши функцию на Python, которая {task}. Кратко поясни решение.","{""task"": ""объединяет два словаря""}","Ты преподаватель информатики.

Напиши функцию на Python, которая объединяет два словаря. Кратко поясни решение.

Ответ должен быть средней подробности.",yandexgpt-lite,latest,"```python
def merge_dictionaries(dict1, dict2):
    """"""
    Объединяет два словаря в один. Если ключи повторяются, значения из dict2 перезаписывают значения из dict1.
    """"""
    merged_dict = dict1.copy()  # Создаем копию dict1, чтобы не изменять исходный словарь
    merged_dict.update(dict2)   # Добавляем элементы из dict2 в merged_dict
    return merged_dict
```

Эта функция `merge_dictionaries` принимает два словаря `dict1` и `dict2` и возвращает новый словарь, который содержит все ключи и значения из обоих входных словарей. Если ключи совпадают, значение из `dict2` будет использовано в итоговом словаре. Это достигается с помощью метода `copy()` для создания копии `dict1` и метода `update()`, который добавляет элементы из `dict2` в `merged_dict`.",2026-04-25T17:49:30,2.974
bbe5bf8f-7188-4df6-9123-bb0964801e52,b0ebf02d-ffd1-4edf-bc24-a0543d4baf17,code_generation,Генерация кода,medium,code_and_text,0,1,none,,,"Ограничения:
- Не используй внешние зависимости.
- Добавь комментарии к ключевым частям решения.","Напиши функцию на Python, которая {task}. Кратко поясни решение.","{""task"": ""подсчитывает количество слов в строке""}","Напиши функцию на Python, которая подсчитывает количество слов в строке. Кратко поясни решение.

Ограничения:
- Не используй внешние зависимости.
- Добавь комментарии к ключевым частям решения.

Ответ должен быть средней подробности.",yandexgpt-lite,latest,"```
def count_words(input_string):
    # Разбиваем строку на список слов, используя метод split()
    # По умолчанию метод split() разбивает строку по пробельным символам
    words_list = input_string.split()
    # Подсчитываем количество элементов в списке, что соответствует количеству слов
    number_of_words = len(words_list)
    return number_of_words

# Пример использования функции
input_string = ""Пример строки для подсчета слов.""
print(count_words(input_string))  # Вывод: 7
```

### Пояснение:

- Функция `count_words` принимает строку `input_string`.
- Метод `split()` разделяет строку на список слов по пробелам.
- `len(words_list)` возвращает количество элементов в списке, что соответствует количеству слов в строке.",2026-04-25T17:49:33,2.9963
658cd4de-7af9-4a1e-be32-6cc3d3505175,a8460cf7-1954-4a1c-9d9e-3f970d951ea1,code_generation,Генерация кода,medium,code_and_text,0,1,python_developer,Ты Python-разработчик.,,"Ограничения:
- Ответ должен быть понятен начинающему специалисту.
- Избегай избыточно сложных конструкций.","Напиши функцию на Python, которая {task}. Кратко поясни решение.","{""task"": ""группирует список чисел на чётные и нечётные""}","Ты Python-разработчик.

Напиши функцию на Python, которая группирует список чисел на чётные и нечётные. Кратко поясни решение.

Ограничения:
- Ответ должен быть понятен начинающему специалисту.
- Избегай избыточно сложных конструкций.

Ответ должен быть средней подробности.",yandexgpt-lite,latest,"```
def group_even_odd(numbers):
    even_numbers = []  # Список для чётных чисел
    odd_numbers = []   # Список для нечётных чисел

    for number in numbers:
        if number % 2 == 0:
            even_numbers.append(number)
        else:
            odd_numbers.append(number)

    return even_numbers, odd_numbers

# Пример использования функции
numbers = [1, 2, 3, 4, 5, 6, 7, 8, 9, 10]
even, odd = group_even_odd(numbers)

print(""Чётные числа:"", even)
print(""Нечётные числа:"", odd)
```

### Пояснение:

Функция `group_even_odd` принимает список чисел `numbers`. Она перебирает все числа в списке и проверяет каждое число на чётность с помощью оператора `%`. Если остаток от деления числа на 2 равен 0, число считается чётным и добавляется в список `even_numbers`. В противном случае число считается нечётным и добавляется в список `odd_numbers`. В конце функция возвращает два списка: `even_numbers` и `odd_numbers`.",2026-04-25T17:49:36,3.719
e6ef9f8b-32e0-47b2-8cdf-85e82f6d1658,dda0cd9a-42f9-4132-912c-57b8dd6cc0c2,code_generation,Генерация кода,medium,code_and_text,0,1,qa_engineer,Ты QA-инженер.,,"Ограничения:
- Используй только стандартную библиотеку Python.
- Добавь комментарии к ключевым частям решения.","Напиши функцию на Python, которая {task}. Кратко поясни решение.","{""task"": ""удаляет дубликаты из списка с сохранением порядка""}","Ты QA-инженер.

Напиши функцию на Python, которая удаляет дубликаты из списка с сохранением порядка. Кратко поясни решение.

Ограничения:
- Используй только стандартную библиотеку Python.
- Добавь комментарии к ключевым частям решения.

Ответ должен быть средней подробности.",yandexgpt-lite,latest,"```
def remove_duplicates(lst):
    """"""
    Удаляет дубликаты из списка, сохраняя порядок элементов.

    Параметры:
    lst (list) — список, из которого удаляются дубликаты.

    Возвращает:
    list — список без дубликатов.
    """"""
    # Инициализируем пустой список для хранения уникальных элементов
    unique_lst = []

    # Проходим по каждому элементу в исходном списке
    for item in lst:
        # Проверяем, есть ли элемент в списке уникальных элементов
        if item not in unique_lst:
            # Если нет, добавляем его в список уникальных элементов
            unique_lst.append(item)

    return unique_lst
```",2026-04-25T17:49:39,2.3724
c6e8bdaa-8f83-41cf-9645-117b29a6aaa5,97629cea-ffc2-45d9-959c-8aee542964e5,code_generation,Генерация кода,medium,code_and_text,0,1,computer_science_teacher,Ты преподаватель информатики.,,"Ограничения:
- Ответ должен быть понятен начинающему специалисту.
- Избегай избыточно сложных конструкций.","Напиши функцию на Python, которая {task}. Кратко поясни решение.","{""task"": ""удаляет дубликаты из списка с сохранением порядка""}","Ты преподаватель информатики.

Напиши функцию на Python, которая удаляет дубликаты из списка с сохранением порядка. Кратко поясни решение.

Ограничения:
- Ответ должен быть понятен начинающему специалисту.
- Избегай избыточно сложных конструкций.

Ответ должен быть средней подробности.",yandexgpt-lite,latest,"```
def remove_duplicates(lst):
    """"""
    Удаляет дубликаты из списка, сохраняя порядок элементов.

    Параметры:
    lst (list) - список, из которого удаляются дубликаты.

    Возвращает:
    list - список без дубликатов.
    """"""
    seen = set()  # множество для хранения уже встреченных элементов
    result = []   # список для хранения результата

    for item in lst:
        if item not in seen:
            seen.add(item)
            result.append(item)

    return result
```

Эта функция проходит по списку `lst` и добавляет элементы в `result` только если они ещё не были добавлены. Множество `seen` используется для отслеживания уже встреченных элементов, что позволяет эффективно проверять наличие дубликатов.",2026-04-25T17:49:42,2.8865
bb44a41c-9f11-47ac-9b75-5e66ab555bd6,5b7e63a0-f575-4c44-a5e4-a7e94c1f3c6f,code_generation,Генерация кода,medium,code_and_text,1,0,none,,Это часть backend-сервиса.,,"Напиши функцию на Python, которая {task}. Кратко поясни решение.","{""task"": ""удаляет дубликаты из списка с сохранением порядка""}","Контекст: Это часть backend-сервиса.

Напиши функцию на Python, которая удаляет дубликаты из списка с сохранением порядка. Кратко поясни решение.

Ответ должен быть средней подробности.",yandexgpt-lite,latest,"```
def remove_duplicates(lst):
    seen = set()
    result = []
    for item in lst:
        if item not in seen:
            seen.add(item)
            result.append(item)
    return result
```

### Пояснение:
Функция `remove_duplicates` принимает список `lst` и удаляет из него дубликаты, сохраняя порядок элементов. Для этого используется множество `seen`, в котором хранятся уже встреченные элементы. Если элемент не был встречен ранее, он добавляется в множество `seen` и в результирующий список `result`. Таким образом, в `result` остаются только уникальные элементы в исходном порядке.",2026-04-25T17:49:44,2.6077
16bbfa59-e617-491a-8f1f-68a099decc9d,320e84bd-37be-44e5-8122-62b79c36299f,code_generation,Генерация кода,medium,code_and_text,1,0,python_developer,Ты Python-разработчик.,Это часть backend-сервиса.,,Реализуй на Python решение задачи: {task}. Добавь краткое объяснение логики.,"{""task"": ""считывает JSON-файл и возвращает его содержимое""}","Ты Python-разработчик.

Контекст: Это часть backend-сервиса.

Реализуй на Python решение задачи: считывает JSON-файл и возвращает его содержимое. Добавь краткое объяснение логики.

Ответ должен быть средней подробности.",yandexgpt-lite,latest,"```
import json

def read_json_file(file_path):
    """"""
    Считывает содержимое JSON-файла и возвращает его.

    Параметры:
    file_path (str): путь к файлу.

    Возвращает:
    dict: содержимое файла в формате dict.
    """"""
    try:
        with open(file_path, 'r', encoding='utf-8') as file:
            data = json.load(file)
    except FileNotFoundError:
        raise Exception(f""Файл не найден: {file_path}"")
    except json.JSONDecodeError:
        raise Exception(f""Ошибка декодирования JSON: {file_path}"")

    return data
```

Логика:

1. Функция `read_json_file` принимает путь к файлу `file_path`.
2. Открывает файл в режиме чтения (`'r'`).
3. Читает содержимое файла с помощью `json.load`, который преобразует JSON в Python-объект (обычно dict).
4. Обрабатывает возможные исключения:
   - `FileNotFoundError` — если файл не найден.
   - `json.JSONDecodeError` — если произошла ошибка при декодировании JSON.
5. Возвращает содержимое файла в виде словаря `data`.",2026-04-25T17:49:48,3.9079
1e8d8083-fb47-4bb1-bf80-4e93ae714d2c,93347964-7271-4995-965b-17077bc91c9d,code_generation,Генерация кода,medium,code_and_text,1,0,qa_engineer,Ты QA-инженер.,Это утилита для автоматизации обработки данных.,,Реализуй на Python решение задачи: {task}. Добавь краткое объяснение логики.,"{""task"": ""подсчитывает количество слов в строке""}","Ты QA-инженер.

Контекст: Это утилита для автоматизации обработки данных.

Реализуй на Python решение задачи: подсчитывает количество слов в строке. Добавь краткое объяснение логики.

Ответ должен быть средней подробности.",yandexgpt-lite,latest,"```python
def count_words(input_string):
    """"""
    Подсчитывает количество слов в строке.

    Параметры:
    input_string (str) - строка, в которой нужно подсчитать слова.

    Возвращает:
    int - количество слов в строке.
    """"""
    words = input_string.split()
    return len(words)

# Пример использования
input_str = ""Hello, world! This is a test.""
word_count = count_words(input_str)
print(f""Количество слов: {word_count}"")
```

Логика: строка разбивается на список слов с помощью метода `split()`, который по умолчанию разделяет строку по пробелам. Затем с помощью функции `len()` подсчитывается количество элементов в списке, что и является количеством слов в исходной строке.",2026-04-25T17:49:51,2.5541
fcb9f14a-e377-4f93-9cc5-dcdfd3241d62,f89fcf1b-1884-4f9d-9867-ee58ea8b2bb5,code_generation,Генерация кода,medium,code_and_text,1,0,computer_science_teacher,Ты преподаватель информатики.,Это учебная задача для начинающего разработчика.,,"Напиши функцию на Python, которая {task}. Кратко поясни решение.","{""task"": ""проверяет, является ли строка палиндромом""}","Ты преподаватель информатики.

Контекст: Это учебная задача для начинающего разработчика.

Напиши функцию на Python, которая проверяет, является ли строка палиндромом. Кратко поясни решение.

Ответ должен быть средней подробности.",yandexgpt-lite,latest,"```
def is_palindrome(s):
    return s == s[::-1]

# Пояснение: функция проверяет, равна ли строка своей обратной копии. Если да, то строка является палиндромом.
```",2026-04-25T17:49:52,1.2264
653dd4d4-5098-4c5b-a472-c872c02041bd,6bd7a4c3-51fa-4e65-aefb-f4ce22097f2e,code_generation,Генерация кода,medium,code_and_text,1,1,none,,Это утилита для автоматизации обработки данных.,"Ограничения:
- Не используй внешние зависимости.
- Избегай избыточно сложных конструкций.",Реализуй на Python решение задачи: {task}. Добавь краткое объяснение логики.,"{""task"": ""считывает JSON-файл и возвращает его содержимое""}","Контекст: Это утилита для автоматизации обработки данных.

Реализуй на Python решение задачи: считывает JSON-файл и возвращает его содержимое. Добавь краткое объяснение логики.

Ограничения:
- Не используй внешние зависимости.
- Избегай избыточно сложных конструкций.

Ответ должен быть средней подробности.",yandexgpt-lite,latest,"```
def read_json_file(file_path):
    """"""
    Считывает содержимое JSON-файла и возвращает его.

    Параметры:
    file_path (str): путь к JSON-файлу.

    Возвращает:
    dict: содержимое файла в виде словаря.
    """"""
    with open(file_path, 'r', encoding='utf-8') as file:
        json_content = json.load(file)
    return json_content

# Пример использования
file_path = 'example.json'
content = read_json_file(file_path)
print(content)
```

Логика:
1. Функция `read_json_file` принимает путь к файлу в качестве аргумента.
2. Открывает файл в режиме чтения (`'r'`).
3. Использует `json.load` для преобразования содержимого файла в словарь.
4. Возвращает полученный словарь.",2026-04-25T17:49:55,3.2059
f145d062-698f-455d-b0b7-fc89057b64ca,548f358a-2b1a-4ac1-9527-cbd67e1961b3,code_generation,Генерация кода,medium,code_and_text,1,1,python_developer,Ты Python-разработчик.,Это учебная задача для начинающего разработчика.,"Ограничения:
- Не используй внешние зависимости.
- Избегай избыточно сложных конструкций.","Напиши функцию на Python, которая {task}. Кратко поясни решение.","{""task"": ""подсчитывает количество слов в строке""}","Ты Python-разработчик.

Контекст: Это учебная задача для начинающего разработчика.

Напиши функцию на Python, которая подсчитывает количество слов в строке. Кратко поясни решение.

Ограничения:
- Не используй внешние зависимости.
- Избегай избыточно сложных конструкций.

Ответ должен быть средней подробности.",yandexgpt-lite,latest,"```
def count_words(input_string):
    """"""
    Подсчитывает количество слов в строке.

    Параметры:
    input_string (str) - строка, в которой нужно подсчитать количество слов.

    Возвращает:
    int - количество слов в строке.
    """"""
    return len(input_string.split())

# Пример использования
input_str = ""Это пример строки для подсчета слов""
print(count_words(input_str))  # Вывод: 5
```

Функция `count_words` принимает строку `input_string` и использует метод `split()`, который разделяет строку на список слов по пробелам. Затем функция возвращает количество элементов в этом списке с помощью `len()`.",2026-04-25T17:49:58,2.6052
80a0d981-4a08-4db8-889b-b3a6d89709a1,baed63fc-4aa9-407b-9379-3dce4b20b7ca,code_generation,Генерация кода,medium,code_and_text,1,1,qa_engineer,Ты QA-инженер.,Это часть backend-сервиса.,"Ограничения:
- Используй только стандартную библиотеку Python.
- Добавь комментарии к ключевым частям решения.","Напиши функцию на Python, которая {task}. Кратко поясни решение.","{""task"": ""находит максимальный элемент в списке""}","Ты QA-инженер.

Контекст: Это часть backend-сервиса.

Напиши функцию на Python, которая находит максимальный элемент в списке. Кратко поясни решение.

Ограничения:
- Используй только стандартную библиотеку Python.
- Добавь комментарии к ключевым частям решения.

Ответ должен быть средней подробности.",yandexgpt-lite,latest,"```
def find_max_element(lst):
    """"""
    Находит максимальный элемент в списке.

    Параметры:
    lst (list) - список, в котором нужно найти максимальный элемент.

    Возвращает:
    max_element (int/float) - максимальный элемент в списке.
    """"""

    # Инициализируем переменную для хранения максимального элемента
    max_element = lst[0]  # Сначала предполагаем, что первый элемент - максимальный

    # Проходим по всем элементам списка
    for element in lst:
        # Если находим элемент, который больше текущего максимального
        if element > max_element:
            # Обновляем значение максимального элемента
            max_element = element

    # Возвращаем максимальный элемент
    return max_element
```",2026-04-25T17:50:00,2.5658
04daa792-0976-47d7-a882-5e6c80294711,cadcdfe6-ea12-4ae5-8788-d6c47af8df6c,code_generation,Генерация кода,medium,code_and_text,1,1,computer_science_teacher,Ты преподаватель информатики.,Это утилита для автоматизации обработки данных.,"Ограничения:
- Ответ должен быть понятен начинающему специалисту.
- Избегай избыточно сложных конструкций.",Реализуй на Python решение задачи: {task}. Добавь краткое объяснение логики.,"{""task"": ""находит максимальный элемент в списке""}","Ты преподаватель информатики.

Контекст: Это утилита для автоматизации обработки данных.

Реализуй на Python решение задачи: находит максимальный элемент в списке. Добавь краткое объяснение логики.

Ограничения:
- Ответ должен быть понятен начинающему специалисту.
- Избегай избыточно сложных конструкций.

Ответ должен быть средней подробности.",yandexgpt-lite,latest,"```
def find_max_element(numbers):
    max_element = numbers[0]  # Предполагаем, что первый элемент максимальный
    for number in numbers:    # Проходим по всем элементам списка
        if number > max_element:  # Сравниваем текущий элемент с максимальным
            max_element = number  # Если текущий больше, обновляем максимальный элемент
    return max_element

# Пример использования функции
numbers = [3, 1, 4, 1, 5, 9, 2, 6, 5, 3, 5]
print(""Максимальный элемент:"", find_max_element(numbers))
```

**Объяснение логики:**

1. Инициализируем переменную `max_element` значением первого элемента списка.
2. Проходим по всем элементам списка в цикле `for`.
3. Сравниваем каждый элемент с текущим значением `max_element`.
4. Если находим элемент, который больше `max_element`, обновляем значение `max_element`.
5. По завершении цикла `max_element` будет содержать максимальный элемент из списка.",2026-04-25T17:50:04,3.5595
d0d03906-75eb-4f7d-82ae-4588276b5c64,37b06404-814a-4d37-b1f8-ed4cf9dd87da,code_generation,Генерация кода,long,code_and_text,0,0,none,,,,Реализуй на Python решение задачи: {task}. Добавь пошаговое объяснение и комментарии в коде.,"{""task"": ""объединяет два словаря""}","Реализуй на Python решение задачи: объединяет два словаря. Добавь пошаговое объяснение и комментарии в коде.

Ответ должен быть подробным и структурированным.",yandexgpt-lite,latest,"```
def merge_dicts(dict1, dict2):
    """"""
    Объединяет два словаря. Если ключи одинаковые, то значение из второго словаря
    перезапишет значение из первого.

    :param dict1: первый словарь для объединения
    :param dict2: второй словарь для объединения
    :return: новый словарь, объединяющий dict1 и dict2
    """"""

    # Создаем копию первого словаря, чтобы не изменять исходный
    result = dict1.copy()

    # Добавляем элементы из второго словаря в первый
    for key, value in dict2.items():
        result[key] = value  # Если ключ уже есть, значение будет перезаписано

    return result

# Пример использования функции
dict1 = {""a"": 1, ""b"": 2, ""c"": 3}
dict2 = {""b"": 10, ""d"": 4, ""e"": 5}

# Вызываем функцию и выводим результат
merged_dict = merge_dicts(dict1, dict2)
print(merged_dict)  # {'a': 1, 'b': 10, 'c': 3, 'd': 4, 'e': 5}
```

### Пошаговое объяснение:
1. **Определение функции `merge_dicts`**:
   - Функция принимает два словаря `dict1` и `dict2`.
   - Цель функции — объединить эти два словаря в один.

2. **Создание копии `dict1`**:
   - Используется `dict1.copy()` для создания копии первого словаря. Это делается для того, чтобы не изменять исходный словарь `dict1`.

3. **Добавление элементов из `dict2` в `result`**:
   - Используется цикл `for` для перебора всех пар ""ключ-значение"" в `dict2`.
   - Для каждого ключа в `dict2` его значение добавляется в `result`. Если ключ уже существует в `result`, его значение будет перезаписано.

4. **Возвращение результата**:
   - Функция возвращает объединённый словарь `result`.",2026-04-25T17:50:10,5.9453
d2a0248d-2e3a-48a4-8f83-6238191e72e7,f199a2c0-6a97-4a37-ac60-155e30a50fd8,code_generation,Генерация кода,long,code_and_text,0,0,python_developer,Ты Python-разработчик.,,,"Напиши функцию на Python, которая {task}. Подробно объясни решение и прокомментируй ключевые части кода.","{""task"": ""находит максимальный элемент в списке""}","Ты Python-разработчик.

Напиши функцию на Python, которая находит максимальный элемент в списке. Подробно объясни решение и прокомментируй ключевые части кода.

Ответ должен быть подробным и структурированным.",yandexgpt-lite,latest,"```
def find_max_element(lst):
    """"""
    Функция находит максимальный элемент в списке.

    Параметры:
    lst (list) - список, в котором нужно найти максимальный элемент.

    Возвращает:
    max_element (int/float/etc) - максимальный элемент в списке.
    """"""

    # Инициализируем переменную для хранения максимального элемента
    # Изначально предполагаем, что первый элемент списка является максимальным
    max_element = lst[0]

    # Проходим по всем элементам списка
    for element in lst:
        # Если находим элемент, который больше текущего максимального
        if element > max_element:
            # Обновляем значение максимального элемента
            max_element = element

    # Возвращаем найденный максимальный элемент
    return max_element

# Пример использования функции
my_list = [3, 1, 4, 1, 5, 9, 2, 6, 5, 3, 5]
print(""Максимальный элемент в списке:"", find_max_element(my_list))
```

### Пояснение:

1. **Определение функции**:
   - Функция `find_max_element` принимает на вход список `lst`.
   - Функция возвращает максимальный элемент в списке.

2. **Инициализация переменной `max_element`**:
   - Переменная `max_element` инициализируется значением первого элемента списка. Это делается для того, чтобы иметь начальное значение для сравнения.

3. **Проход по списку**:
   - С помощью цикла `for` мы проходим по всем элементам списка `lst`.
   - На каждом шаге проверяется, больше ли текущий элемент `element` текущего максимального элемента `max_element`.

4. **Обновление максимального элемента**:
   - Если текущий элемент `element` больше `max_element`, то `max_element` обновляется значением `element`.

5. **Возвращение результата**:
   - После прохода по всему списку, функция возвращает значение `max_element`, которое является максимальным элементом в списке.",2026-04-25T17:50:16,6.3082
9f83e707-3b85-4f8e-81ae-f8c74e5db3c5,2abb61a5-f33b-41c3-8574-d0149a22d1ea,code_generation,Генерация кода,long,code_and_text,0,0,qa_engineer,Ты QA-инженер.,,,Реализуй на Python решение задачи: {task}. Добавь пошаговое объяснение и комментарии в коде.,"{""task"": ""удаляет дубликаты из списка с сохранением порядка""}","Ты QA-инженер.

Реализуй на Python решение задачи: удаляет дубликаты из списка с сохранением порядка. Добавь пошаговое объяснение и комментарии в коде.

Ответ должен быть подробным и структурированным.",yandexgpt-lite,latest,"```
def remove_duplicates(input_list):
    """"""
    Удаляет дубликаты из списка, сохраняя порядок элементов.

    :param input_list: исходный список для обработки
    :return: список без дубликатов
    """"""
    # Инициализируем пустой список для хранения уникальных элементов
    unique_list = []

    # Проходим по каждому элементу исходного списка
    for element in input_list:
        # Проверяем, есть ли элемент в списке уникальных элементов
        if element not in unique_list:
            # Если элемента нет, добавляем его в список уникальных элементов
            unique_list.append(element)

    return unique_list

# Пример использования функции
input_list = [1, 2, 3, 2, 4, 3, 5]
print(""Исходный список:"", input_list)

unique_list = remove_duplicates(input_list)
print(""Список без дубликатов:"", unique_list)
```

### Пояснение:
1. **Инициализация пустого списка**: создаём пустой список `unique_list`, который будет содержать только уникальные элементы из исходного списка.
2. **Проход по исходному списку**: с помощью цикла `for` перебираем каждый элемент `element` в `input_list`.
3. **Проверка на уникальность**: для каждого элемента проверяем, есть ли он уже в `unique_list` с помощью `if element not in unique_list`.
4. **Добавление уникальных элементов**: если элемент `element` ещё не был добавлен в `unique_list`, мы добавляем его с помощью `unique_list.append(element)`.
5. **Возврат результата**: после завершения цикла возвращаем `unique_list` как список без дубликатов.",2026-04-25T17:50:21,5.2993
2a3aeaaa-b704-443f-bf6d-560ecc2a0621,bd5cdfb9-9f47-4e0a-b3e3-326ce21f65c5,code_generation,Генерация кода,long,code_and_text,0,0,computer_science_teacher,Ты преподаватель информатики.,,,"Напиши функцию на Python, которая {task}. Подробно объясни решение и прокомментируй ключевые части кода.","{""task"": ""объединяет два словаря""}","Ты преподаватель информатики.

Напиши функцию на Python, которая объединяет два словаря. Подробно объясни решение и прокомментируй ключевые части кода.

Ответ должен быть подробным и структурированным.",yandexgpt-lite,latest,"```python
def merge_dictionaries(dict1, dict2):
    """"""
    Объединяет два словаря в один. Если ключи одинаковые, то значение из второго словаря
    перезапишет значение из первого словаря.

    Параметры:
    dict1 (dict): первый словарь для объединения.
    dict2 (dict): второй словарь для объединения.

    Возвращает:
    dict: объединённый словарь.
    """"""
    # Создаём новый словарь, который будет содержать объединённые данные
    merged_dict = {}

    # Добавляем все ключи и значения из первого словаря
    merged_dict.update(dict1)

    # Добавляем все ключи и значения из второго словаря
    # Если ключи совпадают, то значение из dict2 перезапишет значение из dict1
    merged_dict.update(dict2)

    return merged_dict

# Пример использования функции
dict_a = {'a': 1, 'b': 2, 'c': 3}
dict_b = {'b': 4, 'd': 5, 'e': 6}

result = merge_dictionaries(dict_a, dict_b)

print(result)  # {'a': 1, 'b': 4, 'c': 3, 'd': 5, 'e': 6}
```

### Пояснение:

1. **Функция `merge_dictionaries`**:
   - Принимает два словаря `dict1` и `dict2`.
   - Создаёт новый словарь `merged_dict`, который будет содержать объединённые данные.

2. **Метод `update`**:
   - Используется для добавления всех ключей и значений из `dict1` в `merged_dict`.
   - Затем `update` используется для добавления всех ключей и значений из `dict2` в `merged_dict`. Если ключи совпадают, то значение из `dict2` перезапишет значение из `dict1`.

3. **Пример использования**:
   - Создаются два словаря `dict_a` и `dict_b`.
   - Вызывается функция `merge_dictionaries` с этими словарями в качестве аргументов.
   - Результат выводится на экран.",2026-04-25T17:50:27,5.9322
dedad7c3-ff73-42b8-9ed9-8795db853af4,674cbbac-8b41-4edb-b62d-75e8e3821624,code_generation,Генерация кода,long,code_and_text,0,1,none,,,"Ограничения:
- Ответ должен быть понятен начинающему специалисту.
- Добавь комментарии к ключевым частям решения.",Реализуй на Python решение задачи: {task}. Добавь пошаговое объяснение и комментарии в коде.,"{""task"": ""подсчитывает количество слов в строке""}","Реализуй на Python решение задачи: подсчитывает количество слов в строке. Добавь пошаговое объяснение и комментарии в коде.

Ограничения:
- Ответ должен быть понятен начинающему специалисту.
- Добавь комментарии к ключевым частям решения.

Ответ должен быть подробным и структурированным.",yandexgpt-lite,latest,"```
# Инициализируем строку для подсчета слов
input_string = ""Это пример строки для подсчета количества слов""

# Разделяем строку на отдельные слова с помощью метода split(). По умолчанию split() разделяет строку по пробелам.
# Результат сохраняется в список words
words = input_string.split()

# Подсчитываем количество элементов в списке words, что соответствует количеству слов в строке
# Используем встроенную функцию len()
word_count = len(words)

# Выводим результат на экран
print(""Количество слов в строке:"", word_count)
```

### Пояснение:

1. **Инициализация строки:** мы задаём строку `input_string`, в которой содержится некоторый текст.

2. **Разделение строки на слова:** метод `split()` разбивает строку на список слов по пробелам. По умолчанию `split()` использует пробел в качестве разделителя, но можно использовать и другие разделители, если это необходимо.

3. **Подсчёт количества слов:** используем функцию `len()`, которая возвращает количество элементов в списке `words`. Это количество и будет количеством слов в исходной строке.

4. **Вывод результата:** выводим количество слов на экран с помощью `print()`.",2026-04-25T17:50:31,3.6911
c7415cc0-b0c9-4145-994f-cebb942ea68f,6377cf18-306f-4387-8fe8-f0cd185bccd8,code_generation,Генерация кода,long,code_and_text,0,1,python_developer,Ты Python-разработчик.,,"Ограничения:
- Не используй внешние зависимости.
- Добавь комментарии к ключевым частям решения.",Реализуй на Python решение задачи: {task}. Добавь пошаговое объяснение и комментарии в коде.,"{""task"": ""подсчитывает количество слов в строке""}","Ты Python-разработчик.

Реализуй на Python решение задачи: подсчитывает количество слов в строке. Добавь пошаговое объяснение и комментарии в коде.

Ограничения:
- Не используй внешние зависимости.
- Добавь комментарии к ключевым частям решения.

Ответ должен быть подробным и структурированным.",yandexgpt-lite,latest,"```
def count_words(input_string):
    """"""
    Подсчитывает количество слов в строке.

    Параметры:
    input_string (str): строка, в которой нужно подсчитать количество слов.

    Возвращает:
    int: количество слов в строке.
    """"""

    # Инициализируем счетчик слов
    word_count = 0

    # Устанавливаем флаг для обнаружения начала нового слова
    # Изначально считаем, что мы находимся вне слова
    in_word = False

    # Проходим по каждому символу в строке
    for char in input_string:

        # Если символ является буквой или цифрой, то мы находимся внутри слова
        if char.isalnum():
            if not in_word:  # Если мы только что вошли в слово
                word_count += 1  # Увеличиваем счетчик слов
                in_word = True  # Устанавливаем флаг, что мы находимся внутри слова

        else:  # Если символ не является буквой или цифрой
            in_word = False  # Устанавливаем флаг, что мы вышли из слова

    # Возвращаем общее количество слов
    return word_count

# Пример использования функции
input_string = ""Hello, world! This is a test.""
print(f""Количество слов в строке: {count_words(input_string)}"")
```

### Пояснение:

1. **Инициализация счётчика слов**: мы начинаем с `word_count = 0`, чтобы отслеживать количество слов.
2. **Флаг для обнаружения начала слова**: `in_word` используется для отслеживания того, находимся ли мы внутри слова.
3. **Проход по строке**: мы перебираем каждый символ в строке `input_string`.
4. **Обработка символов**:
   - Если символ является буквой или цифрой (`char.isalnum()`), мы проверяем, не были ли мы уже вне слова (`not in_word`). Если да, то увеличиваем счётчик слов и устанавливаем `in_word = True`.
   - Если символ не является буквой или цифрой, мы устанавливаем `in_word = False`, что означает выход из слова.
5. **Возвращение результата**: после прохода по всей строке мы возвращаем общее количество слов.",2026-04-25T17:50:37,6.2213
3a0c09cf-2a9b-4bd3-82cf-4eb679f7a3d4,18607ab8-96e6-4350-8f27-a7d3a5630c0f,code_generation,Генерация кода,long,code_and_text,0,1,qa_engineer,Ты QA-инженер.,,"Ограничения:
- Используй только стандартную библиотеку Python.
- Избегай избыточно сложных конструкций.",Реализуй на Python решение задачи: {task}. Добавь пошаговое объяснение и комментарии в коде.,"{""task"": ""проверяет, является ли строка палиндромом""}","Ты QA-инженер.

Реализуй на Python решение задачи: проверяет, является ли строка палиндромом. Добавь пошаговое объяснение и комментарии в коде.

Ограничения:
- Используй только стандартную библиотеку Python.
- Избегай избыточно сложных конструкций.

Ответ должен быть подробным и структурированным.",yandexgpt-lite,latest,"```
def is_palindrome(s: str) -> bool:
    """"""
    Проверяет, является ли строка палиндромом.

    Параметры:
    s (str): строка для проверки.

    Возвращает:
    bool: True, если строка является палиндромом, False в противном случае.
    """"""

    # Очистка строки от лишних символов (удаляем пробелы и пунктуацию)
    # Для этого используем метод translate и предварительно создадим таблицу замены
    translator = str.maketrans('', '', string.whitespace + string.punctuation)
    cleaned_string = s.translate(translator)

    # Приводим строку к нижнему регистру для корректного сравнения
    cleaned_string = cleaned_string.lower()

    # Проверяем, равна ли строка своему реверсу
    # Для этого используем срез строки [::-1], который возвращает строку в обратном порядке
    return cleaned_string == cleaned_string[::-1]

# Пример использования
test_string = ""Able was I ere I saw Elba""
print(f""{test_string} is a palindrome: {is_palindrome(test_string)}"")
```

### Объяснение:

1. **Очистка строки**:
   - Используем `str.maketrans` для создания таблицы замены, которая удаляет все пробельные символы и пунктуацию.
   - Применяем `translate` для удаления ненужных символов.

2. **Приведение к нижнему регистру**:
   - Все символы строки приводятся к нижнему регистру с помощью метода `lower()`, чтобы сравнение было регистронезависимым.

3. **Проверка на палиндром**:
   - Сравниваем исходную очищенную и приведённую к нижнему регистру строку с её реверсом (`cleaned_string[::-1]`).
   - Если они равны, возвращаем `True`, иначе `False`.",2026-04-25T17:50:43,5.1891
2e2d5d73-43ff-4f36-a450-74707d06b2f1,0240d630-e202-47ce-846f-7aa79ebb0a91,code_generation,Генерация кода,long,code_and_text,0,1,computer_science_teacher,Ты преподаватель информатики.,,"Ограничения:
- Не используй внешние зависимости.
- Избегай избыточно сложных конструкций.","Напиши функцию на Python, которая {task}. Подробно объясни решение и прокомментируй ключевые части кода.","{""task"": ""сортирует список чисел по возрастанию""}","Ты преподаватель информатики.

Напиши функцию на Python, которая сортирует список чисел по возрастанию. Подробно объясни решение и прокомментируй ключевые части кода.

Ограничения:
- Не используй внешние зависимости.
- Избегай избыточно сложных конструкций.

Ответ должен быть подробным и структурированным.",yandexgpt-lite,latest,"```python
def sort_numbers(numbers):
    """"""
    Сортирует список чисел по возрастанию.

    Параметры:
    numbers (list): список чисел для сортировки.

    Возвращает:
    list: отсортированный список чисел.
    """"""

    # Используем алгоритм сортировки пузырьком
    # Этот алгоритм прост для понимания и реализации
    # Он работает путем многократного прохода по списку,
    # сравнивая соседние элементы и меняя их местами,
    # если они стоят в неправильном порядке

    # Количество проходов по списку
    n = len(numbers)

    # Проходим по списку n раз
    for i in range(n):
        # Для каждого прохода сравниваем элементы
        # и меняем их местами, если они стоят не по порядку
        for j in range(n - 1):
            # Если текущий элемент больше следующего, меняем их местами
            if numbers[j] > numbers[j + 1]:
                numbers[j], numbers[j + 1] = numbers[j + 1], numbers[j]

    return numbers
```

### Объяснение решения:

1. **Функция `sort_numbers`**:
   - Принимает список `numbers` в качестве параметра.
   - Возвращает отсортированный список чисел.

2. **Алгоритм сортировки пузырьком**:
   - Проходит по списку несколько раз.
   - На каждом проходе сравнивает соседние элементы.
   - Если текущий элемент больше следующего, меняет их местами.
   - После каждого прохода наибольший элемент ""всплывает"" в конец списка.
   - Повторяет процесс до тех пор, пока список не будет полностью отсортирован.

3. **Переменные и циклы**:
   - `n` — количество проходов по списку.
   - Внешний цикл `for i in range(n)` контролирует количество проходов.
   - Внутренний цикл `for j in range(n - 1)` сравнивает соседние элементы.

4. **Условие `if numbers[j] > numbers[j + 1]`**:
   - Проверяет, нужно ли поменять местами элементы.
   - Если условие истинно, меняет элементы местами с помощью `numbers[j], numbers[j + 1] = numbers[j + 1], numbers[j]`.

5. **Возврат отсортированного списка**:
   - После завершения сортировки возвращает `numbers`.",2026-04-25T17:50:49,6.0829
b210d4b0-7c5a-42e5-b8f6-22813136d11b,6f05d13f-edc1-44d9-a12f-d73978e2c179,code_generation,Генерация кода,long,code_and_text,1,0,none,,Это учебная задача для начинающего разработчика.,,"Напиши функцию на Python, которая {task}. Подробно объясни решение и прокомментируй ключевые части кода.","{""task"": ""находит максимальный элемент в списке""}","Контекст: Это учебная задача для начинающего разработчика.

Напиши функцию на Python, которая находит максимальный элемент в списке. Подробно объясни решение и прокомментируй ключевые части кода.

Ответ должен быть подробным и структурированным.",yandexgpt-lite,latest,"```
def find_max_element(numbers):
    """"""
    Функция находит максимальный элемент в списке numbers.

    Параметры:
    numbers (list) — список чисел, в котором нужно найти максимум.

    Возвращает:
    int/float — максимальный элемент в списке.
    """"""

    # Инициализируем переменную для хранения максимального значения
    # Первым значением будет первый элемент списка
    max_element = numbers[0]

    # Проходим по всем элементам списка, начиная со второго
    for number in numbers[1:]:
        # Сравниваем текущий элемент с максимальным значением
        # Если текущий элемент больше, обновляем значение max_element
        if number > max_element:
            max_element = number

    # Возвращаем найденное максимальное значение
    return max_element

# Пример использования функции
numbers = [3, 5, 1, 7, 2, 8, 4, 6]
print(find_max_element(numbers))  # Вывод: 8
```

### Пояснение:

1. **Функция `find_max_element`**:
   - Принимает на вход список `numbers`.
   - Инициализирует переменную `max_element` значением первого элемента списка.
   - Проходит по всем элементам списка, начиная со второго.
   - Сравнивает каждый элемент с текущим максимальным значением.
   - Если находит элемент больше текущего максимального, обновляет `max_element`.
   - Возвращает максимальное значение после завершения цикла.

2. **Пример использования**:
   - Создаётся список `numbers` с несколькими числами.
   - Вызывается функция `find_max_element` для поиска максимального элемента в списке.
   - Результат выводится на экран.",2026-04-25T17:50:53,4.8232
c52e3c4b-e3c4-4144-89ea-0792fdc42917,787a3b89-104c-4c5f-bd2d-47bbb4b7aee2,code_generation,Генерация кода,long,code_and_text,1,0,python_developer,Ты Python-разработчик.,Это учебная задача для начинающего разработчика.,,Реализуй на Python решение задачи: {task}. Добавь пошаговое объяснение и комментарии в коде.,"{""task"": ""проверяет, является ли строка палиндромом""}","Ты Python-разработчик.

Контекст: Это учебная задача для начинающего разработчика.

Реализуй на Python решение задачи: проверяет, является ли строка палиндромом. Добавь пошаговое объяснение и комментарии в коде.

Ответ должен быть подробным и структурированным.",yandexgpt-lite,latest,"```
def is_palindrome(s: str) -> bool:
    """"""
    Проверяет, является ли строка палиндромом.

    Параметры:
    s (str): строка для проверки

    Возвращает:
    bool: True, если строка является палиндромом, False в противном случае
    """"""
    # Преобразуем строку в нижний регистр для корректной проверки
    s = s.lower()

    # Инициализируем две переменные: одну для начала строки, другую для конца
    start = 0
    end = len(s) - 1

    # Проходим по строке до середины и сравниваем символы
    while start < end:
        # Если символы не равны, возвращаем False
        if s[start] != s[end]:
            return False
        # Увеличиваем индекс начала и уменьшаем индекс конца
        start += 1
        end -= 1

    # Если все символы совпали, возвращаем True
    return True

# Примеры использования
print(is_palindrome(""""))  # True (пустая строка является палиндромом)
print(is_palindrome(""aba""))  # True
print(is_palindrome(""abba""))  # True
print(is_palindrome(""abc""))  # False
```

### Пояснение:
1. **Функция `is_palindrome` принимает строку `s` и возвращает `True`, если строка является палиндромом, `False` в противном случае.**
2. **Преобразование строки в нижний регистр (`s.lower()`) обеспечивает корректную проверку независимо от регистра символов.**
3. **Инициализация переменных `start` и `end` позволяет отслеживать начало и конец строки для сравнения символов.**
4. **Цикл `while` проходит по строке до середины и сравнивает символы.**
5. **Если символы не совпадают, функция возвращает `False`.**
6. **Если все символы совпадают, функция возвращает `True`.**",2026-04-25T17:50:59,5.6708
a836add8-6a98-48da-a1cd-c369759427b4,9f29e1d6-8943-4310-9450-8a23ddcbb002,code_generation,Генерация кода,long,code_and_text,1,0,qa_engineer,Ты QA-инженер.,Это часть backend-сервиса.,,"Напиши функцию на Python, которая {task}. Подробно объясни решение и прокомментируй ключевые части кода.","{""task"": ""находит максимальный элемент в списке""}","Ты QA-инженер.

Контекст: Это часть backend-сервиса.

Напиши функцию на Python, которая находит максимальный элемент в списке. Подробно объясни решение и прокомментируй ключевые части кода.

Ответ должен быть подробным и структурированным.",yandexgpt-lite,latest,"```python
def find_max_element(numbers):
    """"""
    Функция находит максимальный элемент в списке чисел.

    Параметры:
    numbers (list) - список чисел, в котором нужно найти максимальный элемент.

    Возвращает:
    int/float - максимальный элемент из списка.
    """"""

    # Проверка на пустой список
    if not numbers:
        raise ValueError(""Список чисел пустой"")

    # Инициализация переменной для хранения максимального значения
    max_value = numbers[0]

    # Проход по всем элементам списка
    for number in numbers:
        # Сравнение текущего элемента с максимальным значением
        if number > max_value:
            # Обновление максимального значения, если текущий элемент больше
            max_value = number

    # Возврат максимального значения
    return max_value
```

### Пояснение:

1. **Определение функции**:
   - Функция `find_max_element` принимает на вход список `numbers`.
   - Функция возвращает максимальное значение из списка.

2. **Проверка на пустой список**:
   - Перед началом поиска максимального значения проверяется, не является ли список пустым.
   - Если список пустой, вызывается исключение `ValueError` с соответствующим сообщением.

3. **Инициализация переменной `max_value`**:
   - Переменная `max_value` инициализируется первым элементом списка.

4. **Проход по всем элементам списка**:
   - Цикл `for` проходит по всем элементам списка `numbers`.
   - На каждом шаге цикла текущий элемент сравнивается с `max_value`.

5. **Обновление `max_value`**:
   - Если текущий элемент больше `max_value`, `max_value` обновляется.

6. **Возврат максимального значения**:
   - После завершения цикла возвращается `max_value`, которое является максимальным элементом из списка.",2026-04-25T17:51:04,5.3252
cb97808a-31e3-44a1-ab1e-05725c0568fa,90582a5a-16ca-4ef5-bddd-525a0a33631a,code_generation,Генерация кода,long,code_and_text,1,0,computer_science_teacher,Ты преподаватель информатики.,Это часть backend-сервиса.,,Реализуй на Python решение задачи: {task}. Добавь пошаговое объяснение и комментарии в коде.,"{""task"": ""находит максимальный элемент в списке""}","Ты преподаватель информатики.

Контекст: Это часть backend-сервиса.

Реализуй на Python решение задачи: находит максимальный элемент в списке. Добавь пошаговое объяснение и комментарии в коде.

Ответ должен быть подробным и структурированным.",yandexgpt-lite,latest,"```
# Объявляем пустой список для хранения чисел
numbers = []

# Пример списка чисел
example_list = [3, 7, 1, 8, 4, 5, 6, 9, 2]

# Заполняем список числами
numbers.extend(example_list)

# Инициализируем переменную для хранения максимального элемента
max_number = numbers[0]

# Проходим по всем элементам списка
for number in numbers:
    # Проверяем, является ли текущий элемент больше текущего максимального
    if number > max_number:
        # Если да, то обновляем значение максимального элемента
        max_number = number

# Выводим результат
print(""Максимальный элемент в списке:"", max_number)
```

### Пояснение:

1. **Инициализация списка**: сначала мы объявляем пустой список `numbers`, который будет использоваться для хранения чисел. Затем мы задаём пример списка `example_list` с числами.

2. **Заполнение списка**: мы используем метод `extend` для добавления всех элементов из `example_list` в `numbers`.

3. **Поиск максимального элемента**:
   - Инициализируем переменную `max_number` значением первого элемента списка `numbers`.
   - Проходим по всем элементам списка `numbers` с помощью цикла `for`.
   - На каждом шаге проверяем, является ли текущий элемент `number` больше текущего максимального `max_number`.
   - Если да, то обновляем значение `max_number` на текущее значение `number`.

4. **Вывод результата**: после завершения цикла выводим найденный максимальный элемент.",2026-04-25T17:51:09,4.8888
adda306b-ff7f-4eda-8d72-31f78cdca256,974be5d8-197e-4493-815d-342b642383d9,code_generation,Генерация кода,long,code_and_text,1,1,none,,Это утилита для автоматизации обработки данных.,"Ограничения:
- Не используй внешние зависимости.
- Избегай избыточно сложных конструкций.","Напиши функцию на Python, которая {task}. Подробно объясни решение и прокомментируй ключевые части кода.","{""task"": ""подсчитывает количество слов в строке""}","Контекст: Это утилита для автоматизации обработки данных.

Напиши функцию на Python, которая подсчитывает количество слов в строке. Подробно объясни решение и прокомментируй ключевые части кода.

Ограничения:
- Не используй внешние зависимости.
- Избегай избыточно сложных конструкций.

Ответ должен быть подробным и структурированным.",yandexgpt-lite,latest,"```
def count_words(input_string):
    """"""
    Подсчитывает количество слов в строке.

    Параметры:
    input_string (str) - строка, в которой нужно подсчитать количество слов.

    Возвращает:
    int - количество слов в строке.
    """"""

    # Разделяем строку на список слов по пробелам
    words_list = input_string.split()

    # Подсчитываем количество элементов в списке
    word_count = len(words_list)

    return word_count

# Пример использования функции
input_string = ""Это утилита для автоматизации обработки данных.""
print(count_words(input_string))  # Должно вывести 8
```

### Пояснение:

1. **Функция `count_words` принимает строку `input_string` в качестве параметра.** Эта строка содержит текст, в котором нужно подсчитать количество слов.

2. **Метод `split()` разделяет строку на список слов по пробелам.** В результате получается список `words_list`, где каждый элемент — это отдельное слово.

3. **Функция `len()` возвращает количество элементов в списке `words_list`.** Это и есть количество слов в исходной строке.

4. **Результат возвращается функцией `count_words`.**",2026-04-25T17:51:13,3.6435
1b207501-17aa-4c96-a07f-2256e619c780,74381c02-0aa3-4ed1-bb43-2bf5285e14f7,code_generation,Генерация кода,long,code_and_text,1,1,python_developer,Ты Python-разработчик.,Это утилита для автоматизации обработки данных.,"Ограничения:
- Не используй внешние зависимости.
- Избегай избыточно сложных конструкций.","Напиши функцию на Python, которая {task}. Подробно объясни решение и прокомментируй ключевые части кода.","{""task"": ""объединяет два словаря""}","Ты Python-разработчик.

Контекст: Это утилита для автоматизации обработки данных.

Напиши функцию на Python, которая объединяет два словаря. Подробно объясни решение и прокомментируй ключевые части кода.

Ограничения:
- Не используй внешние зависимости.
- Избегай избыточно сложных конструкций.

Ответ должен быть подробным и структурированным.",yandexgpt-lite,latest,"```
def merge_dictionaries(dict1, dict2):
    """"""
    Объединяет два словаря в один. Если ключи одинаковые, значения из второго словаря перезаписывают значения из первого.

    Параметры:
    dict1 (dict): первый словарь для объединения.
    dict2 (dict): второй словарь для объединения.

    Возвращает:
    dict: объединённый словарь.
    """"""
    # Создаём новый словарь, который будет содержать объединённые данные
    merged_dict = {}

    # Добавляем в новый словарь элементы из первого словаря
    merged_dict.update(dict1)

    # Добавляем в новый словарь элементы из второго словаря, перезаписывая значения при совпадении ключей
    merged_dict.update(dict2)

    return merged_dict

# Пример использования функции
dict1 = {'a': 1, 'b': 2}
dict2 = {'b': 3, 'c': 4}

result = merge_dictionaries(dict1, dict2)
print(result)  # {'a': 1, 'b': 3, 'c': 4}
```

### Пояснение:

1. **Функция `merge_dictionaries`**:
   - Принимает два словаря `dict1` и `dict2`.
   - Создаёт новый словарь `merged_dict`, который будет содержать объединённые данные.
   - Использует метод `update` для добавления элементов из `dict1` в `merged_dict`.
   - Затем снова использует `update` для добавления элементов из `dict2` в `merged_dict`. При этом, если ключи совпадают, значения из `dict2` перезаписывают значения из `merged_dict`, которые были добавлены из `dict1`.

2. **Пример использования**:
   - Создаются два словаря `dict1` и `dict2`.
   - Вызывается функция `merge_dictionaries` с этими словарями в качестве аргументов.
   - Результат выводится на экран.",2026-04-25T17:51:19,5.8193
7318fec9-073f-4e20-b933-d55e3640a752,5fb285df-1595-4524-a3d6-8ebdf0240b12,code_generation,Генерация кода,long,code_and_text,1,1,qa_engineer,Ты QA-инженер.,Это часть backend-сервиса.,"Ограничения:
- Ответ должен быть понятен начинающему специалисту.
- Избегай избыточно сложных конструкций.","Напиши функцию на Python, которая {task}. Подробно объясни решение и прокомментируй ключевые части кода.","{""task"": ""объединяет два словаря""}","Ты QA-инженер.

Контекст: Это часть backend-сервиса.

Напиши функцию на Python, которая объединяет два словаря. Подробно объясни решение и прокомментируй ключевые части кода.

Ограничения:
- Ответ должен быть понятен начинающему специалисту.
- Избегай избыточно сложных конструкций.

Ответ должен быть подробным и структурированным.",yandexgpt-lite,latest,"```python
def merge_dictionaries(dict1, dict2):
    """"""
    Объединяет два словаря в один. Если ключи совпадают, то значения из второго словаря
    перезаписывают значения из первого.

    Параметры:
    dict1 (dict): первый словарь для объединения.
    dict2 (dict): второй словарь для объединения.

    Возвращает:
    dict: объединённый словарь.
    """"""

    # Создаём новый словарь, который будет содержать объединённые данные
    merged_dict = {}

    # Добавляем в новый словарь элементы из первого словаря
    merged_dict.update(dict1)

    # Добавляем в новый словарь элементы из второго словаря
    merged_dict.update(dict2)

    # Возвращаем объединённый словарь
    return merged_dict
```

### Пояснение:

1. **Функция `merge_dictionaries`**:
   - Принимает два словаря `dict1` и `dict2` в качестве аргументов.
   - Создаёт новый пустой словарь `merged_dict`.

2. **Метод `update`**:
   - Используется для добавления элементов из `dict1` в `merged_dict`.
   - Затем используется для добавления элементов из `dict2` в `merged_dict`.
   - Если ключи совпадают, значения из `dict2` перезапишут значения из `merged_dict`, которые были добавлены из `dict1`.

3. **Возвращение результата**:
   - Функция возвращает `merged_dict`, который содержит объединённые данные из обоих входных словарей.",2026-04-25T17:51:23,4.5861
799c59d0-3fbd-497c-9602-abdeeb97e68c,9c2ad7e7-c94e-4bad-bc49-ba5ece4cd309,code_generation,Генерация кода,long,code_and_text,1,1,computer_science_teacher,Ты преподаватель информатики.,Это учебная задача для начинающего разработчика.,"Ограничения:
- Используй только стандартную библиотеку Python.
- Добавь комментарии к ключевым частям решения.",Реализуй на Python решение задачи: {task}. Добавь пошаговое объяснение и комментарии в коде.,"{""task"": ""находит максимальный элемент в списке""}","Ты преподаватель информатики.

Контекст: Это учебная задача для начинающего разработчика.

Реализуй на Python решение задачи: находит максимальный элемент в списке. Добавь пошаговое объяснение и комментарии в коде.

Ограничения:
- Используй только стандартную библиотеку Python.
- Добавь комментарии к ключевым частям решения.

Ответ должен быть подробным и структурированным.",yandexgpt-lite,latest,"```
# Объявляем список чисел
numbers = [3, 7, 1, 8, 5, 6, 4, 9, 2, 7]

# Инициализируем переменную для хранения максимального элемента. 
# Изначально предполагаем, что первый элемент списка является максимальным
max_number = numbers[0]

# Проходим по всем элементам списка, начиная со второго
for i in range(1, len(numbers)):
    # Сравниваем текущий элемент с текущим значением max_number
    # Если текущий элемент больше, то обновляем значение max_number
    if numbers[i] > max_number:
        max_number = numbers[i]

# Выводим результат
print(""Максимальный элемент в списке:"", max_number)
```

### Пояснение:
1. **Инициализация списка**: мы создаём список `numbers` с некоторыми числами.
2. **Инициализация переменной `max_number`**: мы предполагаем, что первый элемент списка является максимальным, и сохраняем его в `max_number`.
3. **Проход по списку**: мы используем цикл `for` для перебора всех элементов списка, начиная со второго (`range(1, len(numbers))`).
4. **Сравнение элементов**: внутри цикла мы сравниваем каждый элемент списка с текущим значением `max_number`. Если текущий элемент больше, мы обновляем `max_number`.
5. **Вывод результата**: после завершения цикла мы выводим найденный максимальный элемент.",2026-04-25T17:51:28,4.3972
f198254a-8fc0-46d3-8c4f-5afc1308ca3e,a3e04272-0ef1-4d83-a162-51b5966146c4,bug_fixing,Исправление ошибок,short,code,0,0,none,,,,"Найди и исправь ошибку в коде:
{code}","{""code"": ""for i in range(5)\n    print(i)""}","Найди и исправь ошибку в коде:
for i in range(5)
 print(i)

Ответ должен быть кратким.",yandexgpt-lite,latest,"```
for i in range(5):
    print(i)
```",2026-04-25T17:51:29,0.8356
0cd8fa05-59f7-447c-93d2-95bbe5118c95,e6ef1562-6285-44ed-a03c-5266cdcb74b5,bug_fixing,Исправление ошибок,short,code,0,0,python_developer,Ты Python-разработчик.,,,"Найди и исправь ошибку в коде:
{code}","{""code"": ""def divide(a, b):\n    return a / b\n\nprint(divide(10, 0))""}","Ты Python-разработчик.

Найди и исправь ошибку в коде:
def divide(a, b):
 return a / b

print(divide(10, 0))

Ответ должен быть кратким.",yandexgpt-lite,latest,"```
def divide(a, b):
    if b == 0:
        return None
    return a / b
```",2026-04-25T17:51:30,1.0183
86c3b4fc-5021-46f2-8e1a-10a652024031,64cec367-5311-4e0e-b40d-478b711e7915,bug_fixing,Исправление ошибок,short,code,0,0,qa_engineer,Ты QA-инженер.,,,"Найди и исправь ошибку в коде:
{code}","{""code"": ""def divide(a, b):\n    return a / b\n\nprint(divide(10, 0))""}","Ты QA-инженер.

Найди и исправь ошибку в коде:
def divide(a, b):
 return a / b

print(divide(10, 0))

Ответ должен быть кратким.",yandexgpt-lite,latest,"```
def divide(a, b):
    if b == 0:
        return None
    return a / b
```",2026-04-25T17:51:31,1.086
136d88f7-5f35-4edc-a0c2-c6bfa0ea6573,31cf981d-d765-46f3-97ee-e9539cf375a5,bug_fixing,Исправление ошибок,short,code,0,0,computer_science_teacher,Ты преподаватель информатики.,,,"Найди и исправь ошибку в коде:
{code}","{""code"": ""def add_one(x):\n    return x + '1'""}","Ты преподаватель информатики.

Найди и исправь ошибку в коде:
def add_one(x):
 return x + '1'

Ответ должен быть кратким.",yandexgpt-lite,latest,"```
def add_one(x):
    return x + 1
```",2026-04-25T17:51:32,0.8631
0723b15c-fc7c-437b-bd06-78c34d364ee3,1b7a9cd6-cc68-4113-bac1-57ede7151fca,bug_fixing,Исправление ошибок,short,code,0,1,none,,,"Ограничения:
- Не используй внешние зависимости.
- Сохрани исходную логику программы, исправив только ошибку.","Найди и исправь ошибку в коде:
{code}","{""code"": ""data = {'a': 1}\nprint(data['b'])""}","Найди и исправь ошибку в коде:
data = {'a': 1}
print(data['b'])

Ограничения:
- Не используй внешние зависимости.
- Сохрани исходную логику программы, исправив только ошибку.

Ответ должен быть кратким.",yandexgpt-lite,latest,"```
data = {'a': 1}
print(data.get('b', None))
```",2026-04-25T17:51:33,0.9527
aa4010b3-ff81-46fa-96cb-775ceee3a7a9,2e208749-faf4-481d-a16a-f6c80502a0fa,bug_fixing,Исправление ошибок,short,code,0,1,python_developer,Ты Python-разработчик.,,"Ограничения:
- Используй только стандартную библиотеку Python.
- Объясни причину ошибки перед исправленным кодом.","Найди и исправь ошибку в коде:
{code}","{""code"": ""def add_one(x):\n    return x + '1'""}","Ты Python-разработчик.

Найди и исправь ошибку в коде:
def add_one(x):
 return x + '1'

Ограничения:
- Используй только стандартную библиотеку Python.
- Объясни причину ошибки перед исправленным кодом.

Ответ должен быть кратким.",yandexgpt-lite,latest,"```
def add_one(x):
    return x + 1
```",2026-04-25T17:51:33,0.883
84440451-55c2-452b-9ad0-29fb408185ef,8de302b2-503c-4a20-b351-177ae547c4de,bug_fixing,Исправление ошибок,short,code,0,1,qa_engineer,Ты QA-инженер.,,"Ограничения:
- Используй только стандартную библиотеку Python.
- Объясни причину ошибки перед исправленным кодом.","Найди и исправь ошибку в коде:
{code}","{""code"": ""def divide(a, b):\n    return a / b\n\nprint(divide(10, 0))""}","Ты QA-инженер.

Найди и исправь ошибку в коде:
def divide(a, b):
 return a / b

print(divide(10, 0))

Ограничения:
- Используй только стандартную библиотеку Python.
- Объясни причину ошибки перед исправленным кодом.

Ответ должен быть кратким.",yandexgpt-lite,latest,"```
def divide(a, b):
    if b == 0:
        return None
    return a / b

print(divide(10, 0))
```",2026-04-25T17:51:35,1.1502
5dba1adb-8200-4cd7-b47d-efae6d134bbf,b910f3d7-20b8-49fe-9f12-9a1ca2c03ea4,bug_fixing,Исправление ошибок,short,code,0,1,computer_science_teacher,Ты преподаватель информатики.,,"Ограничения:
- Не используй внешние зависимости.
- Сохрани исходную логику программы, исправив только ошибку.","Исправь ошибку в следующем коде:
{code}","{""code"": ""numbers = [1, 2, 3]\nprint(numbers[3])""}","Ты преподаватель информатики.

Исправь ошибку в следующем коде:
numbers = [1, 2, 3]
print(numbers[3])

Ограничения:
- Не используй внешние зависимости.
- Сохрани исходную логику программы, исправив только ошибку.

Ответ должен быть кратким.",yandexgpt-lite,latest,"```
numbers = [1, 2, 3]
print(numbers[2])
```",2026-04-25T17:51:35,0.9517
ad516121-0574-417d-80cd-50ef822a40f2,af4aea13-6470-4816-b848-14349af62bd1,bug_fixing,Исправление ошибок,short,code,1,0,none,,Этот код является частью внутреннего инструмента.,,"Исправь ошибку в следующем коде:
{code}","{""code"": ""numbers = [1, 2, 3]\nprint(numbers[3])""}","Контекст: Этот код является частью внутреннего инструмента.

Исправь ошибку в следующем коде:
numbers = [1, 2, 3]
print(numbers[3])

Ответ должен быть кратким.",yandexgpt-lite,latest,"```
numbers = [1, 2, 3]
print(numbers[2])
```",2026-04-25T17:51:36,0.9494
9b63eb02-d874-4134-a167-1a020b9b5d78,75a10144-6658-4963-99ae-7d215fdf1744,bug_fixing,Исправление ошибок,short,code,1,0,python_developer,Ты Python-разработчик.,Это фрагмент учебного примера с ошибкой.,,"Исправь ошибку в следующем коде:
{code}","{""code"": ""numbers = [1, 2, 3]\nprint(numbers[3])""}","Ты Python-разработчик.

Контекст: Это фрагмент учебного примера с ошибкой.

Исправь ошибку в следующем коде:
numbers = [1, 2, 3]
print(numbers[3])

Ответ должен быть кратким.",yandexgpt-lite,latest,"```
numbers = [1, 2, 3]
print(numbers[2])
```",2026-04-25T17:51:37,0.8912
60fe899e-8e44-4c6b-873f-648b3b40a2d2,596e2629-17b6-4fcf-9fc0-8e40dfed7b68,bug_fixing,Исправление ошибок,short,code,1,0,qa_engineer,Ты QA-инженер.,Код используется в небольшом Python-проекте.,,"Найди и исправь ошибку в коде:
{code}","{""code"": ""data = {'a': 1}\nprint(data['b'])""}","Ты QA-инженер.

Контекст: Код используется в небольшом Python-проекте.

Найди и исправь ошибку в коде:
data = {'a': 1}
print(data['b'])

Ответ должен быть кратким.",yandexgpt-lite,latest,"```
data = {'a': 1}
print(data.get('b', 'Not found'))
```",2026-04-25T17:51:38,0.958
edb59e6d-7cc3-4fe3-a992-97fa4e7d629b,9c1c096e-d19d-492e-8199-3fc926e55f8f,bug_fixing,Исправление ошибок,short,code,1,0,computer_science_teacher,Ты преподаватель информатики.,Это фрагмент учебного примера с ошибкой.,,"Исправь ошибку в следующем коде:
{code}","{""code"": ""value = int('abc')""}","Ты преподаватель информатики.

Контекст: Это фрагмент учебного примера с ошибкой.

Исправь ошибку в следующем коде:
value = int('abc')

Ответ должен быть кратким.",yandexgpt-lite,latest,"```
value = int('0')
```",2026-04-25T17:51:39,0.7241
c686d61a-ac26-4feb-9273-94a1f1f4f64d,fb9a3ccc-5087-47dd-8615-fb1bc64a57e5,bug_fixing,Исправление ошибок,short,code,1,1,none,,Это фрагмент учебного примера с ошибкой.,"Ограничения:
- Используй только стандартную библиотеку Python.
- Сохрани исходную логику программы, исправив только ошибку.","Исправь ошибку в следующем коде:
{code}","{""code"": ""data = {'a': 1}\nprint(data['b'])""}","Контекст: Это фрагмент учебного примера с ошибкой.

Исправь ошибку в следующем коде:
data = {'a': 1}
print(data['b'])

Ограничения:
- Используй только стандартную библиотеку Python.
- Сохрани исходную логику программы, исправив только ошибку.

Ответ должен быть кратким.",yandexgpt-lite,latest,"```
data = {'a': 1}
print('Key \'b\' not found, maybe check the keys') if 'b' not in data else print(data['b'])
```",2026-04-25T17:51:40,1.075
851d50c4-d25b-4e9d-8772-8b9f16c3e8ac,767de7bc-4edc-431d-a2e3-2123a21091e8,bug_fixing,Исправление ошибок,short,code,1,1,python_developer,Ты Python-разработчик.,Код используется в небольшом Python-проекте.,"Ограничения:
- Ответ должен быть понятен начинающему специалисту.
- Сохрани исходную логику программы, исправив только ошибку.","Исправь ошибку в следующем коде:
{code}","{""code"": ""data = {'a': 1}\nprint(data['b'])""}","Ты Python-разработчик.

Контекст: Код используется в небольшом Python-проекте.

Исправь ошибку в следующем коде:
data = {'a': 1}
print(data['b'])

Ограничения:
- Ответ должен быть понятен начинающему специалисту.
- Сохрани исходную логику программы, исправив только ошибку.

Ответ должен быть кратким.",yandexgpt-lite,latest,"```
data = {'a': 1}
print(data.get('b', None))
```",2026-04-25T17:51:41,1.1207
7a4a8cf0-cf37-40d9-987a-a592b9dfcd91,d1639aac-cdfc-4ac8-9216-f181c1b3b4f7,bug_fixing,Исправление ошибок,short,code,1,1,qa_engineer,Ты QA-инженер.,Код используется в небольшом Python-проекте.,"Ограничения:
- Не используй внешние зависимости.
- Объясни причину ошибки перед исправленным кодом.","Найди и исправь ошибку в коде:
{code}","{""code"": ""numbers = [1, 2, 3]\nprint(numbers[3])""}","Ты QA-инженер.

Контекст: Код используется в небольшом Python-проекте.

Найди и исправь ошибку в коде:
numbers = [1, 2, 3]
print(numbers[3])

Ограничения:
- Не используй внешние зависимости.
- Объясни причину ошибки перед исправленным кодом.

Ответ должен быть кратким.",yandexgpt-lite,latest,"```
numbers = [1, 2, 3]
print(numbers[2])
```",2026-04-25T17:51:42,0.9899
b9b339dd-9077-40ff-aba8-077a576389c5,638a5a8a-3036-4cf1-9761-e6163b1a5928,bug_fixing,Исправление ошибок,short,code,1,1,computer_science_teacher,Ты преподаватель информатики.,Код используется в небольшом Python-проекте.,"Ограничения:
- Ответ должен быть понятен начинающему специалисту.
- Объясни причину ошибки перед исправленным кодом.","Исправь ошибку в следующем коде:
{code}","{""code"": ""numbers = [1, 2, 3]\nprint(numbers[3])""}","Ты преподаватель информатики.

Контекст: Код используется в небольшом Python-проекте.

Исправь ошибку в следующем коде:
numbers = [1, 2, 3]
print(numbers[3])

Ограничения:
- Ответ должен быть понятен начинающему специалисту.
- Объясни причину ошибки перед исправленным кодом.

Ответ должен быть кратким.",yandexgpt-lite,latest,"```
numbers = [1, 2, 3]
print(numbers[2])
```

В исходном коде попытка обращения к несуществующему элементу списка (индексация начинается с 0, поэтому последний элемент имеет индекс 2).",2026-04-25T17:51:43,1.184
c4202c0e-1944-489f-8645-d399b9eddf3c,b3b9b6b0-3fb9-4343-8fd4-aaed2c9298dc,bug_fixing,Исправление ошибок,medium,code_and_text,0,0,none,,,,"Найди и исправь ошибку в коде. Кратко объясни причину ошибки:
{code}","{""code"": ""def add_one(x):\n    return x + '1'""}","Найди и исправь ошибку в коде. Кратко объясни причину ошибки:
def add_one(x):
 return x + '1'

Ответ должен быть средней подробности.",yandexgpt-lite,latest,"**Код:**
```python
def add_one(x):
    return x + 1
```

**Пояснение:**
В исходном коде функция `add_one` пытается сложить число с строкой, что вызывает ошибку типа. Исправленный вариант складывает число с числом, что является корректным действием в контексте данной задачи.",2026-04-25T17:51:45,1.4103
2e0809cb-a6a8-4980-bc2f-4ca29bd75980,75443178-b2ff-472a-b297-0c33ca5cfdee,bug_fixing,Исправление ошибок,medium,code_and_text,0,0,python_developer,Ты Python-разработчик.,,,"Исправь ошибку в следующем коде и поясни, что было не так:
{code}","{""code"": ""def divide(a, b):\n    return a / b\n\nprint(divide(10, 0))""}","Ты Python-разработчик.

Исправь ошибку в следующем коде и поясни, что было не так:
def divide(a, b):
 return a / b

print(divide(10, 0))

Ответ должен быть средней подробности.",yandexgpt-lite,latest,"```
def divide(a, b):
    if b == 0:
        return ""Ошибка: деление на ноль""
    return a / b

print(divide(10, 0))
```

В исходном коде при попытке разделить число `a` на `0` возникала ошибка `ZeroDivisionError`. Чтобы избежать этой ошибки, добавлена проверка: если `b` равно `0`, возвращается сообщение об ошибке, иначе выполняется деление.",2026-04-25T17:51:47,1.7592
b69a3c12-b09c-43e5-973a-3717e08d187a,36fb5652-d29f-4e49-a72f-c53ea9ca883d,bug_fixing,Исправление ошибок,medium,code_and_text,0,0,qa_engineer,Ты QA-инженер.,,,"Найди и исправь ошибку в коде. Кратко объясни причину ошибки:
{code}","{""code"": ""def add_one(x):\n    return x + '1'""}","Ты QA-инженер.

Найди и исправь ошибку в коде. Кратко объясни причину ошибки:
def add_one(x):
 return x + '1'

Ответ должен быть средней подробности.",yandexgpt-lite,latest,"```
def add_one(x):
    return str(int(x) + 1)
```

Код возвращал строку, к которой был присоединён символ '1', а не увеличивал число на единицу. Преобразование x в число и затем обратно в строку позволяет корректно выполнить операцию сложения.",2026-04-25T17:51:48,1.6785
e8d604f1-e3d7-4fdc-881b-68629aa9725e,0e62e9ed-4b62-410a-b374-6062e0be831d,bug_fixing,Исправление ошибок,medium,code_and_text,0,0,computer_science_teacher,Ты преподаватель информатики.,,,"Найди и исправь ошибку в коде. Кратко объясни причину ошибки:
{code}","{""code"": ""def add_one(x):\n    return x + '1'""}","Ты преподаватель информатики.

Найди и исправь ошибку в коде. Кратко объясни причину ошибки:
def add_one(x):
 return x + '1'

Ответ должен быть средней подробности.",yandexgpt-lite,latest,"**Ошибка в коде:** попытка сложить число и строку.

**Исправленный код:**

```python
def add_one(x):
    return x + 1
```

**Пояснение:** в исходном коде к числу `x` добавляется строка `'1'`, что приводит к конкатенации (объединению строк), а не сложению чисел. Поэтому для корректной работы функции необходимо сложить число `x` с числом `1`.",2026-04-25T17:51:50,1.657
402b8656-ae5e-4767-b45a-0fcde31a0ed6,bad163a4-3253-45f6-b583-67c915c85be8,bug_fixing,Исправление ошибок,medium,code_and_text,0,1,none,,,"Ограничения:
- Ответ должен быть понятен начинающему специалисту.
- Объясни причину ошибки перед исправленным кодом.","Найди и исправь ошибку в коде. Кратко объясни причину ошибки:
{code}","{""code"": ""numbers = [1, 2, 3]\nprint(numbers[3])""}","Найди и исправь ошибку в коде. Кратко объясни причину ошибки:
numbers = [1, 2, 3]
print(numbers[3])

Ограничения:
- Ответ должен быть понятен начинающему специалисту.
- Объясни причину ошибки перед исправленным кодом.

Ответ должен быть средней подробности.",yandexgpt-lite,latest,"**Причина ошибки:** в списке `numbers` только три элемента, а индекс `3` выходит за пределы допустимых значений (допустимые индексы — `0`, `1`, `2`).

**Исправленный код:**
```
numbers = [1, 2, 3]
print(numbers[2])
```",2026-04-25T17:51:51,1.4543
bad867f5-856a-4d8e-9255-63db3d8445ec,7fb81b4d-ad92-4d06-beb6-c70d3549e43b,bug_fixing,Исправление ошибок,medium,code_and_text,0,1,python_developer,Ты Python-разработчик.,,"Ограничения:
- Ответ должен быть понятен начинающему специалисту.
- Сохрани исходную логику программы, исправив только ошибку.","Исправь ошибку в следующем коде и поясни, что было не так:
{code}","{""code"": ""numbers = [1, 2, 3]\nprint(numbers[3])""}","Ты Python-разработчик.

Исправь ошибку в следующем коде и поясни, что было не так:
numbers = [1, 2, 3]
print(numbers[3])

Ограничения:
- Ответ должен быть понятен начинающему специалисту.
- Сохрани исходную логику программы, исправив только ошибку.

Ответ должен быть средней подробности.",yandexgpt-lite,latest,"```
numbers = [1, 2, 3]
print(numbers[2])
```

В исходном коде была попытка обратиться к элементу списка с индексом 3, однако список `numbers` содержит только три элемента, пронумерованных от 0 до 2. Поэтому при обращении к `numbers[3]` возникает ошибка `IndexError`, так как индекс 3 выходит за пределы допустимых значений для данного списка. Исправленный код обращается к элементу с индексом 2, что соответствует последнему элементу в списке `numbers`.",2026-04-25T17:51:53,1.8604
6d516f59-d9a5-4593-9886-eedf644f6cfa,54f1da85-680b-4259-9e58-24904af92ae5,bug_fixing,Исправление ошибок,medium,code_and_text,0,1,qa_engineer,Ты QA-инженер.,,"Ограничения:
- Используй только стандартную библиотеку Python.
- Объясни причину ошибки перед исправленным кодом.","Найди и исправь ошибку в коде. Кратко объясни причину ошибки:
{code}","{""code"": ""value = int('abc')""}","Ты QA-инженер.

Найди и исправь ошибку в коде. Кратко объясни причину ошибки:
value = int('abc')

Ограничения:
- Используй только стандартную библиотеку Python.
- Объясни причину ошибки перед исправленным кодом.

Ответ должен быть средней подробности.",yandexgpt-lite,latest,"**Причина ошибки:** попытка преобразования строки `'abc'` в целое число с помощью функции `int()` приводит к ошибке, так как строка `'abc'` не может быть преобразована в числовое значение.

**Исправленный код:**
```
value = int('123')
```",2026-04-25T17:51:54,1.2805
02e56d44-79de-42ef-b871-e20700810bb9,e2ca8d1f-d770-4594-85e4-604677888828,bug_fixing,Исправление ошибок,medium,code_and_text,0,1,computer_science_teacher,Ты преподаватель информатики.,,"Ограничения:
- Ответ должен быть понятен начинающему специалисту.
- Объясни причину ошибки перед исправленным кодом.","Исправь ошибку в следующем коде и поясни, что было не так:
{code}","{""code"": ""value = int('abc')""}","Ты преподаватель информатики.

Исправь ошибку в следующем коде и поясни, что было не так:
value = int('abc')

Ограничения:
- Ответ должен быть понятен начинающему специалисту.
- Объясни причину ошибки перед исправленным кодом.

Ответ должен быть средней подробности.",yandexgpt-lite,latest,"**Ошибка:** попытка преобразовать строку `'abc'` в целое число, хотя она содержит нецифровые символы.

**Исправление:** для корректного преобразования строки в число нужно использовать строку, содержащую только цифры.

**Исправленный код:**
```
value = int('123')
```",2026-04-25T17:51:56,1.4045
a9f60ed2-8be1-43ed-a0e5-eac63568b72f,4261d839-b2f4-48e1-ae0c-7deb1d1d69db,bug_fixing,Исправление ошибок,medium,code_and_text,1,0,none,,Этот код является частью внутреннего инструмента.,,"Исправь ошибку в следующем коде и поясни, что было не так:
{code}","{""code"": ""numbers = [1, 2, 3]\nprint(numbers[3])""}","Контекст: Этот код является частью внутреннего инструмента.

Исправь ошибку в следующем коде и поясни, что было не так:
numbers = [1, 2, 3]
print(numbers[3])

Ответ должен быть средней подробности.",yandexgpt-lite,latest,"```python
numbers = [1, 2, 3]
print(numbers[2])
```

В исходном коде была попытка обратиться к элементу списка с индексом 3, однако список `numbers` содержит только три элемента, пронумерованных от 0 до 2. Поэтому при попытке вывести `numbers[3]`, возникает ошибка выхода за пределы массива. Исправленный код обращается к элементу с индексом 2, который является последним элементом в списке.",2026-04-25T17:51:58,1.8861
6c01d084-9a50-434d-be1b-6d86c6c99bca,dac4f70d-517c-487b-ab66-03c92d8bcfe0,bug_fixing,Исправление ошибок,medium,code_and_text,1,0,python_developer,Ты Python-разработчик.,Код используется в небольшом Python-проекте.,,"Исправь ошибку в следующем коде и поясни, что было не так:
{code}","{""code"": ""numbers = [1, 2, 3]\nprint(numbers[3])""}","Ты Python-разработчик.

Контекст: Код используется в небольшом Python-проекте.

Исправь ошибку в следующем коде и поясни, что было не так:
numbers = [1, 2, 3]
print(numbers[3])

Ответ должен быть средней подробности.",yandexgpt-lite,latest,"```python
numbers = [1, 2, 3]
print(numbers[3])  # Выведет ошибку, так как индексация в Python начинается с 0, а не с 1
```

В исходном коде была попытка обратиться к элементу списка по индексу 3, что привело к ошибке `IndexError`, так как в списке `numbers` всего три элемента, и допустимыми индексами являются только 0, 1 и 2. Индексация в Python начинается с 0.",2026-04-25T17:52:00,1.897
77adc0a7-e237-4862-9f8c-e4151724599c,10ee5109-b964-4eb1-afcf-5c5c89df894c,bug_fixing,Исправление ошибок,medium,code_and_text,1,0,qa_engineer,Ты QA-инженер.,Код используется в небольшом Python-проекте.,,"Найди и исправь ошибку в коде. Кратко объясни причину ошибки:
{code}","{""code"": ""data = {'a': 1}\nprint(data['b'])""}","Ты QA-инженер.

Контекст: Код используется в небольшом Python-проекте.

Найди и исправь ошибку в коде. Кратко объясни причину ошибки:
data = {'a': 1}
print(data['b'])

Ответ должен быть средней подробности.",yandexgpt-lite,latest,"```
data = {'a': 1}
print(data.get('b'))
```

В исходном коде предпринимается попытка обратиться к ключу `b` в словаре `data`, который не существует. Это приводит к ошибке `KeyError`. Метод `get()` позволяет получить значение по ключу, но в случае отсутствия ключа возвращает `None`, что избегает возникновения ошибки.",2026-04-25T17:52:01,1.6601
5d388481-8b8b-4794-8bc8-a13d7873e232,628652ab-33a8-409e-a143-1f02e1b19e08,bug_fixing,Исправление ошибок,medium,code_and_text,1,0,computer_science_teacher,Ты преподаватель информатики.,Это фрагмент учебного примера с ошибкой.,,"Найди и исправь ошибку в коде. Кратко объясни причину ошибки:
{code}","{""code"": ""def add_one(x):\n    return x + '1'""}","Ты преподаватель информатики.

Контекст: Это фрагмент учебного примера с ошибкой.

Найди и исправь ошибку в коде. Кратко объясни причину ошибки:
def add_one(x):
 return x + '1'

Ответ должен быть средней подробности.",yandexgpt-lite,latest,"**Ошибка в коде:** неправильная операция при сложении числа и строки.

**Исправленный код:**
```
def add_one(x):
    return x + 1
```

При использовании оператора `+` с разными типами данных (число и строка) интерпретатор Python пытается преобразовать число в строку для конкатенации, что не соответствует цели функции, которая должна увеличивать число на единицу.",2026-04-25T17:52:03,1.6247
ea17ea55-00f2-426b-ad61-e8623b217320,fa3c8db4-ede8-4323-b43a-a00c90e946a9,bug_fixing,Исправление ошибок,medium,code_and_text,1,1,none,,Этот код является частью внутреннего инструмента.,"Ограничения:
- Не используй внешние зависимости.
- Сохрани исходную логику программы, исправив только ошибку.","Исправь ошибку в следующем коде и поясни, что было не так:
{code}","{""code"": ""def divide(a, b):\n    return a / b\n\nprint(divide(10, 0))""}","Контекст: Этот код является частью внутреннего инструмента.

Исправь ошибку в следующем коде и поясни, что было не так:
def divide(a, b):
 return a / b

print(divide(10, 0))

Ограничения:
- Не используй внешние зависимости.
- Сохрани исходную логику программы, исправив только ошибку.

Ответ должен быть средней подробности.",yandexgpt-lite,latest,"```
def divide(a, b):
    if b == 0:
        return None  # Возвращаем None при делении на ноль
    else:
        return a / b

print(divide(10, 0))  # Выведет None, так как деление на ноль не определено
```

**Пояснение:**

В исходном коде при делении на ноль возникает ошибка `ZeroDivisionError`. Чтобы избежать этого, можно добавить проверку на ноль в знаменателе. Если `b` равно нулю, функция возвращает `None`, что означает отсутствие результата. Это предотвращает возникновение ошибки и сохраняет логику программы.",2026-04-25T17:52:05,2.2372
2eebeaba-6501-4515-954c-0e18467f2cd7,5c3bdc34-39e4-41e8-8a06-fad91a2f7edf,bug_fixing,Исправление ошибок,medium,code_and_text,1,1,python_developer,Ты Python-разработчик.,Код используется в небольшом Python-проекте.,"Ограничения:
- Используй только стандартную библиотеку Python.
- Сохрани исходную логику программы, исправив только ошибку.","Найди и исправь ошибку в коде. Кратко объясни причину ошибки:
{code}","{""code"": ""numbers = [1, 2, 3]\nprint(numbers[3])""}","Ты Python-разработчик.

Контекст: Код используется в небольшом Python-проекте.

Найди и исправь ошибку в коде. Кратко объясни причину ошибки:
numbers = [1, 2, 3]
print(numbers[3])

Ограничения:
- Используй только стандартную библиотеку Python.
- Сохрани исходную логику программы, исправив только ошибку.

Ответ должен быть средней подробности.",yandexgpt-lite,latest,"```
numbers = [1, 2, 3]
print(numbers[2])
```

**Пояснение:**

В исходном коде попытка обращения к элементу списка `numbers` по индексу `3` приводит к ошибке `IndexError`, поскольку список содержит только три элемента, пронумерованных от `0` до `2`. Исправленный код обращается к элементу с индексом `2`, что соответствует третьему элементу в нулевом индексировании.",2026-04-25T17:52:07,1.778
b0c25692-ca92-4b12-be42-400549a77025,8c32ab44-b927-4123-a472-9d1130b430b6,bug_fixing,Исправление ошибок,medium,code_and_text,1,1,qa_engineer,Ты QA-инженер.,Этот код является частью внутреннего инструмента.,"Ограничения:
- Используй только стандартную библиотеку Python.
- Сохрани исходную логику программы, исправив только ошибку.","Найди и исправь ошибку в коде. Кратко объясни причину ошибки:
{code}","{""code"": ""value = int('abc')""}","Ты QA-инженер.

Контекст: Этот код является частью внутреннего инструмента.

Найди и исправь ошибку в коде. Кратко объясни причину ошибки:
value = int('abc')

Ограничения:
- Используй только стандартную библиотеку Python.
- Сохрани исходную логику программы, исправив только ошибку.

Ответ должен быть средней подробности.",yandexgpt-lite,latest,"```
value = int('abc')
```

**Ошибка:** попытка преобразования строки `'abc'` в целое число приведёт к возникновению исключения `ValueError`, так как строка не может быть напрямую преобразована в число без числовых символов.

**Исправленный код:**
```
try:
    value = int('abc')
except ValueError:
    value = None  # или любое другое значение, которое подходит по контексту
```",2026-04-25T17:52:09,1.6217
f0045d20-c8be-4fe8-b3ad-344629db8126,ec5d3aec-f854-48dc-91ca-4ef9cb9c8226,bug_fixing,Исправление ошибок,medium,code_and_text,1,1,computer_science_teacher,Ты преподаватель информатики.,Этот код является частью внутреннего инструмента.,"Ограничения:
- Используй только стандартную библиотеку Python.
- Объясни причину ошибки перед исправленным кодом.","Найди и исправь ошибку в коде. Кратко объясни причину ошибки:
{code}","{""code"": ""def divide(a, b):\n    return a / b\n\nprint(divide(10, 0))""}","Ты преподаватель информатики.

Контекст: Этот код является частью внутреннего инструмента.

Найди и исправь ошибку в коде. Кратко объясни причину ошибки:
def divide(a, b):
 return a / b

print(divide(10, 0))

Ограничения:
- Используй только стандартную библиотеку Python.
- Объясни причину ошибки перед исправленным кодом.

Ответ должен быть средней подробности.",yandexgpt-lite,latest,"**Причина ошибки:** при попытке разделить число на ноль возникает ошибка `ZeroDivisionError`, так как деление на ноль не определено в математике.

**Исправленный код:**

```python
def divide(a, b):
    if b == 0:
        return None  # или можно вернуть сообщение об ошибке
    else:
        return a / b

print(divide(10, 0))  # теперь выведет None, а не вызовет ошибку
```",2026-04-25T17:52:10,1.7509
0d7b2abf-d99c-4e57-a5f9-5f29fac0e870,f9963991-7b74-4779-a1cf-f67239c4079b,bug_fixing,Исправление ошибок,long,code_and_text,0,0,none,,,,"Проанализируй код, укажи ошибку, объясни причину и предложи исправленный вариант:
{code}","{""code"": ""for i in range(5)\n    print(i)""}","Проанализируй код, укажи ошибку, объясни причину и предложи исправленный вариант:
for i in range(5)
 print(i)

Ответ должен быть подробным и структурированным.",yandexgpt-lite,latest,"**Код:**
```python
for i in range(5):
    print(i)
```

**Ошибка:**
Отсутствует двоеточие в конце строки с `for`.

**Причина:**
В Python каждый блок кода, начинающийся с инструкции `for`, должен быть явно обозначен отступом. Отсутствие двоеточия после `range(5)` делает интерпретатор Python неспособным определить начало блока, что приводит к синтаксической ошибке.

**Исправленный вариант:**
```python
for i in range(5):
    print(i)
```",2026-04-25T17:52:12,1.9284
5af8f0e9-a8bc-4ea5-bc4a-d577e432017d,97feaf16-abd5-435c-b3d9-6fcbb8d7a8c9,bug_fixing,Исправление ошибок,long,code_and_text,0,0,python_developer,Ты Python-разработчик.,,,"Найди и исправь ошибку в коде. Подробно объясни причину проблемы и покажи исправленную версию:
{code}","{""code"": ""data = {'a': 1}\nprint(data['b'])""}","Ты Python-разработчик.

Найди и исправь ошибку в коде. Подробно объясни причину проблемы и покажи исправленную версию:
data = {'a': 1}
print(data['b'])

Ответ должен быть подробным и структурированным.",yandexgpt-lite,latest,"**Проблема:** в коде происходит обращение к ключу `b` в словаре `data`, который не существует. Это вызывает ошибку `KeyError`.

**Исправленный код:**

```python
data = {'a': 1}
# Проверяем наличие ключа 'b' перед обращением к нему
if 'b' in data:
    print(data['b'])
else:
    print(""Key 'b' not found in the dictionary"")
```

**Пояснение:**

1. В исходном коде `print(data['b'])` приводит к ошибке, так как `data` не содержит ключа `b`.
2. Чтобы избежать ошибки, можно добавить проверку наличия ключа `b` в словаре `data` с помощью `if 'b' in data`.
3. Если ключ `b` найден, выполняется `print(data['b'])`, иначе выводится сообщение о том, что ключа `b` нет в словаре.",2026-04-25T17:52:15,2.925
d7a89e38-493b-4c25-8c45-f31d769e065b,9d565c3e-1ed6-46df-b260-9802add4ca82,bug_fixing,Исправление ошибок,long,code_and_text,0,0,qa_engineer,Ты QA-инженер.,,,"Проанализируй код, укажи ошибку, объясни причину и предложи исправленный вариант:
{code}","{""code"": ""numbers = [1, 2, 3]\nprint(numbers[3])""}","Ты QA-инженер.

Проанализируй код, укажи ошибку, объясни причину и предложи исправленный вариант:
numbers = [1, 2, 3]
print(numbers[3])

Ответ должен быть подробным и структурированным.",yandexgpt-lite,latest,"**Ошибка в коде:**

- Попытка обратиться к элементу списка по индексу, который выходит за пределы допустимого диапазона.

**Причина ошибки:**

- В списке `numbers` всего три элемента, индексы которых равны 0, 1 и 2. Попытка обратиться к элементу с индексом 3 приведёт к ошибке, так как такого элемента не существует.

**Исправленный вариант:**

```python
numbers = [1, 2, 3]
print(numbers[2])  # Доступ к третьему элементу списка (индекс 2)
```

**Пояснение:**

- В исправленном варианте код обращается к элементу списка с индексом 2, что соответствует третьему элементу в списке `numbers`. Это корректный доступ к элементу списка, и код не будет вызывать ошибку.",2026-04-25T17:52:18,2.5556
3374ce15-0d73-4e86-8d75-cce36c9b8b5f,6341c1ad-16de-4dec-b7a3-7fd2a3298257,bug_fixing,Исправление ошибок,long,code_and_text,0,0,computer_science_teacher,Ты преподаватель информатики.,,,"Проанализируй код, укажи ошибку, объясни причину и предложи исправленный вариант:
{code}","{""code"": ""value = int('abc')""}","Ты преподаватель информатики.

Проанализируй код, укажи ошибку, объясни причину и предложи исправленный вариант:
value = int('abc')

Ответ должен быть подробным и структурированным.",yandexgpt-lite,latest,"**Анализ кода:**

В представленном коде:
```python
value = int('abc')
```
попытка преобразовать строку `'abc'` в целое число с помощью функции `int()`.

**Ошибка:**

Строка `'abc'` содержит символы, которые не могут быть интерпретированы как цифры. Python не может преобразовать строку, содержащую буквы, в целое число.

**Причина ошибки:**

Функция `int()` предназначена для преобразования строки, представляющей собой текстовое представление целого числа, в само целое число. Однако строка `'abc'` не соответствует этому условию.

**Исправленный вариант:**

Для корректного преобразования строки в целое число необходимо убедиться, что строка содержит только цифры. Если вы уверены, что строка должна быть преобразована, и она действительно содержит только цифры, код будет работать корректно. Например:
```python
value = int('123')  # Пример корректного использования
```
Если же строка может содержать не только цифры, необходимо добавить проверку на соответствие строки формату целого числа.",2026-04-25T17:52:21,2.93
7e913ccb-348d-45cc-ab8d-4f1108fa1031,7db2007c-f84c-4b98-aa14-e2df1dc862c6,bug_fixing,Исправление ошибок,long,code_and_text,0,1,none,,,"Ограничения:
- Не используй внешние зависимости.
- Объясни причину ошибки перед исправленным кодом.","Найди и исправь ошибку в коде. Подробно объясни причину проблемы и покажи исправленную версию:
{code}","{""code"": ""data = {'a': 1}\nprint(data['b'])""}","Найди и исправь ошибку в коде. Подробно объясни причину проблемы и покажи исправленную версию:
data = {'a': 1}
print(data['b'])

Ограничения:
- Не используй внешние зависимости.
- Объясни причину ошибки перед исправленным кодом.

Ответ должен быть подробным и структурированным.",yandexgpt-lite,latest,"**Причина ошибки:** в словаре `data` нет ключа `'b'`, поэтому при попытке вывести значение `data['b']` возникает ошибка `KeyError`.

**Исправленный код:**
```
data = {'a': 1}
# Проверяем наличие ключа 'b' в словаре перед попыткой обращения к нему
if 'b' in data:
    print(data['b'])
else:
    print(""Key 'b' not found in the dictionary"")
```

В этом коде добавлена проверка наличия ключа `'b'` в словаре `data` перед попыткой обращения к нему. Если ключ `'b'` найден, выводится соответствующее значение. В противном случае выводится сообщение об отсутствии ключа.",2026-04-25T17:52:23,2.1852
42617f2a-cad7-4fd8-9498-34f4436457c5,0aad89bc-b20b-4497-83e1-12f951773bbb,bug_fixing,Исправление ошибок,long,code_and_text,0,1,python_developer,Ты Python-разработчик.,,"Ограничения:
- Используй только стандартную библиотеку Python.
- Сохрани исходную логику программы, исправив только ошибку.","Проанализируй код, укажи ошибку, объясни причину и предложи исправленный вариант:
{code}","{""code"": ""for i in range(5)\n    print(i)""}","Ты Python-разработчик.

Проанализируй код, укажи ошибку, объясни причину и предложи исправленный вариант:
for i in range(5)
 print(i)

Ограничения:
- Используй только стандартную библиотеку Python.
- Сохрани исходную логику программы, исправив только ошибку.

Ответ должен быть подробным и структурированным.",yandexgpt-lite,latest,"**Ошибка в коде:**

В представленном фрагменте кода отсутствует двоеточие в конце строки с `for`, что приводит к синтаксической ошибке.

**Причина ошибки:**

В Python, как и в других языках программирования с блочной структурой, начало цикла `for` обозначается не только ключевым словом, но и отступом. Отсутствие двоеточия после `range(5)` делает синтаксис некорректным.

**Исправленный вариант:**

```python
for i in range(5):
    print(i)
```

**Пояснение:**

- `for i in range(5):` — корректное написание цикла `for` с указанием переменной `i`, которая будет принимать значения от `0` до `4` (так как `range(5)` генерирует числа от `0` до `4` включительно).
- `print(i)` — команда вывода значения переменной `i` на каждой итерации цикла. Отступ после `for` обязателен для корректной работы цикла в Python.",2026-04-25T17:52:26,2.8939
56c154f1-4a5d-4bab-845e-9905ceeec8bf,5c240d63-3e8e-47d8-b148-3734d5fca704,bug_fixing,Исправление ошибок,long,code_and_text,0,1,qa_engineer,Ты QA-инженер.,,"Ограничения:
- Не используй внешние зависимости.
- Сохрани исходную логику программы, исправив только ошибку.","Проанализируй код, укажи ошибку, объясни причину и предложи исправленный вариант:
{code}","{""code"": ""def divide(a, b):\n    return a / b\n\nprint(divide(10, 0))""}","Ты QA-инженер.

Проанализируй код, укажи ошибку, объясни причину и предложи исправленный вариант:
def divide(a, b):
 return a / b

print(divide(10, 0))

Ограничения:
- Не используй внешние зависимости.
- Сохрани исходную логику программы, исправив только ошибку.

Ответ должен быть подробным и структурированным.",yandexgpt-lite,latest,"**Ошибка в коде:**

В Python деление на ноль приводит к ошибке `ZeroDivisionError`. В данном случае, когда `b` равно `0`, возникает эта ошибка.

**Причина ошибки:**

При делении числа `a` на `b`, когда `b` равно `0`, результат не может быть определён, что приводит к ошибке выполнения программы.

**Исправленный вариант:**

```python
def divide(a, b):
    if b == 0:
        return None  # или можно вернуть сообщение об ошибке, например, ""Деление на ноль""
    else:
        return a / b

print(divide(10, 0))  # Выведет None, так как деление на ноль не определено
```

**Пояснение:**

В исправленном варианте добавлена проверка на равенство `b` нулю. Если `b` равно `0`, функция возвращает `None` (или другое подходящее значение, например, сообщение об ошибке). В противном случае выполняется деление `a` на `b`. Это позволяет избежать ошибки `ZeroDivisionError` и обеспечивает корректную работу программы.",2026-04-25T17:52:29,3.1866
91cbf942-696b-4a04-8f29-c17bbcbaf777,098dfca5-d1fd-430b-8a4f-a50763ae2928,bug_fixing,Исправление ошибок,long,code_and_text,0,1,computer_science_teacher,Ты преподаватель информатики.,,"Ограничения:
- Используй только стандартную библиотеку Python.
- Объясни причину ошибки перед исправленным кодом.","Найди и исправь ошибку в коде. Подробно объясни причину проблемы и покажи исправленную версию:
{code}","{""code"": ""def divide(a, b):\n    return a / b\n\nprint(divide(10, 0))""}","Ты преподаватель информатики.

Найди и исправь ошибку в коде. Подробно объясни причину проблемы и покажи исправленную версию:
def divide(a, b):
 return a / b

print(divide(10, 0))

Ограничения:
- Используй только стандартную библиотеку Python.
- Объясни причину ошибки перед исправленным кодом.

Ответ должен быть подробным и структурированным.",yandexgpt-lite,latest,"В коде, который вы предоставили, есть потенциальная проблема: попытка деления на ноль. В Python деление на ноль приводит к ошибке `ZeroDivisionError`.

**Причина проблемы:**
В функции `divide` мы делим число `a` на число `b`. Если `b` равно нулю, возникает ошибка при выполнении операции деления.

**Исправленный код:**
```
def divide(a, b):
    if b == 0:
        return ""Ошибка: деление на ноль""
    else:
        return a / b

print(divide(10, 0))
```

**Пояснение:**
В исправленном коде добавлена проверка: если `b` равно нулю, функция возвращает строку с сообщением об ошибке. Это предотвращает возникновение `ZeroDivisionError` и делает поведение программы более предсказуемым. Если `b` не равно нулю, функция выполняет деление как раньше.",2026-04-25T17:52:32,2.737
256e1362-3bdf-460a-b2cc-db72404ff8df,3a5bf9cd-e0a4-40d6-bb73-2f99d510200c,bug_fixing,Исправление ошибок,long,code_and_text,1,0,none,,Код используется в небольшом Python-проекте.,,"Проанализируй код, укажи ошибку, объясни причину и предложи исправленный вариант:
{code}","{""code"": ""def add_one(x):\n    return x + '1'""}","Контекст: Код используется в небольшом Python-проекте.

Проанализируй код, укажи ошибку, объясни причину и предложи исправленный вариант:
def add_one(x):
 return x + '1'

Ответ должен быть подробным и структурированным.",yandexgpt-lite,latest,"**Ошибка в коде:**

В функции `add_one(x)` происходит попытка сложить целое число `x` со строкой `'1'`. Это приводит к тому, что `x` неявно преобразуется в строку, а не к ожидаемому сложению чисел.

**Причина ошибки:**

В Python сложение строки и числа приводит к конкатенации строки и числа, а не к их арифметическому сложению.

**Исправленный вариант:**

```python
def add_one(x):
    return x + 1
```

В этом варианте `x` будет прибавлено к `1`, что соответствует арифметическому сложению, а не конкатенации.",2026-04-25T17:52:34,2.3247
b3255bea-628c-478f-9acf-30724fbb8452,4de8bb2c-6044-4570-a6fc-2569a8b88214,bug_fixing,Исправление ошибок,long,code_and_text,1,0,python_developer,Ты Python-разработчик.,Код используется в небольшом Python-проекте.,,"Проанализируй код, укажи ошибку, объясни причину и предложи исправленный вариант:
{code}","{""code"": ""for i in range(5)\n    print(i)""}","Ты Python-разработчик.

Контекст: Код используется в небольшом Python-проекте.

Проанализируй код, укажи ошибку, объясни причину и предложи исправленный вариант:
for i in range(5)
 print(i)

Ответ должен быть подробным и структурированным.",yandexgpt-lite,latest,"В представленном коде есть синтаксическая ошибка.

**Ошибка:** отсутствует двоеточие в конце строки с `for`.

**Причина:** в Python каждый блок кода, следующий за управляющей конструкцией (такой как `for`), должен быть явно отделён от предыдущей строки с помощью двоеточия.

**Исправленный вариант:**
```
for i in range(5):
    print(i)
```",2026-04-25T17:52:36,1.543
b2f9240e-3f8a-41c5-a992-cc6640cac8fa,6a2e49e5-7208-428a-949c-9831257e3ab8,bug_fixing,Исправление ошибок,long,code_and_text,1,0,qa_engineer,Ты QA-инженер.,Код используется в небольшом Python-проекте.,,"Проанализируй код, укажи ошибку, объясни причину и предложи исправленный вариант:
{code}","{""code"": ""def divide(a, b):\n    return a / b\n\nprint(divide(10, 0))""}","Ты QA-инженер.

Контекст: Код используется в небольшом Python-проекте.

Проанализируй код, укажи ошибку, объясни причину и предложи исправленный вариант:
def divide(a, b):
 return a / b

print(divide(10, 0))

Ответ должен быть подробным и структурированным.",yandexgpt-lite,latest,"**Ошибка в коде:** попытка деления на ноль приводит к ошибке `ZeroDivisionError`.

**Причина ошибки:** в Python деление на ноль является некорректной операцией, так как результат неопределён (математически это бесконечность или неопределённость).

**Исправленный вариант:**
```python
def divide(a, b):
    if b == 0:
        return None  # или raise ValueError(""Деление на ноль"")
    return a / b

print(divide(10, 0))  # Выведет None (или вызовет исключение ValueError)
```

В этом варианте добавлена проверка на ноль в знаменателе, и если знаменатель равен нулю, функция возвращает `None` (или вызывает исключение `ValueError`). Это предотвращает возникновение ошибки при делении на ноль.",2026-04-25T17:52:38,2.5575
1702f739-e85a-446a-a8f0-7a8b613c6af4,a414a704-3a21-43ec-821b-8681e46c94ba,bug_fixing,Исправление ошибок,long,code_and_text,1,0,computer_science_teacher,Ты преподаватель информатики.,Этот код является частью внутреннего инструмента.,,"Проанализируй код, укажи ошибку, объясни причину и предложи исправленный вариант:
{code}","{""code"": ""def divide(a, b):\n    return a / b\n\nprint(divide(10, 0))""}","Ты преподаватель информатики.

Контекст: Этот код является частью внутреннего инструмента.

Проанализируй код, укажи ошибку, объясни причину и предложи исправленный вариант:
def divide(a, b):
 return a / b

print(divide(10, 0))

Ответ должен быть подробным и структурированным.",yandexgpt-lite,latest,"**Анализ кода**

В представленном коде есть ошибка, связанная с делением на ноль. В математике деление на ноль не определено, и попытка выполнить такое действие приводит к ошибке во время выполнения программы.

**Ошибка**

В строке `return a / b` происходит деление числа `a` на число `b`. Если `b` равно нулю, возникает ошибка `ZeroDivisionError`.

**Причина ошибки**

Причина ошибки — попытка деления на ноль. В данном случае, `b` равно нулю, что приводит к делению на ноль при вызове функции `divide` с аргументами `(10, 0)`.

**Исправленный вариант**

Для исправления ошибки можно добавить проверку на ноль в аргументе `b` перед выполнением деления. Например, можно использовать условный оператор `if`:

```python
def divide(a, b):
    if b == 0:
        return None  # или можно вернуть сообщение об ошибке
    else:
        return a / b

print(divide(10, 0))  # Выведет None (или сообщение об ошибке)
```

В этом варианте, если `b` равно нулю, функция `divide` вернёт `None` (или другое сообщение об ошибке), что предотвратит возникновение `ZeroDivisionError` во время выполнения программы.",2026-04-25T17:52:42,3.6734
dd1e558c-0816-48e3-a8ba-e6526077c682,dc976a55-a838-4bc0-9ce3-0cac74158d8f,bug_fixing,Исправление ошибок,long,code_and_text,1,1,none,,Этот код является частью внутреннего инструмента.,"Ограничения:
- Не используй внешние зависимости.
- Объясни причину ошибки перед исправленным кодом.","Найди и исправь ошибку в коде. Подробно объясни причину проблемы и покажи исправленную версию:
{code}","{""code"": ""data = {'a': 1}\nprint(data['b'])""}","Контекст: Этот код является частью внутреннего инструмента.

Найди и исправь ошибку в коде. Подробно объясни причину проблемы и покажи исправленную версию:
data = {'a': 1}
print(data['b'])

Ограничения:
- Не используй внешние зависимости.
- Объясни причину ошибки перед исправленным кодом.

Ответ должен быть подробным и структурированным.",yandexgpt-lite,latest,"**Причина ошибки:**

В коде делается попытка обратиться к ключу `b` в словаре `data`, но такого ключа не существует. Это приводит к ошибке `KeyError`, так как словарь не содержит указанного ключа.

**Исправленный код:**

```python
data = {'a': 1}
# Проверка наличия ключа перед выводом
if 'b' in data:
    print(data['b'])
else:
    print(""Ключ 'b' не найден в словаре"")
```

**Пояснение:**

В исправленном коде добавлена проверка наличия ключа `b` в словаре `data` с помощью оператора `in`. Если ключ `b` присутствует, выполняется вывод значения, иначе выводится сообщение об отсутствии ключа. Это предотвращает возникновение `KeyError` и делает работу программы более надёжной.",2026-04-25T17:52:44,2.5429
d8682024-eed5-4f7b-a238-ae696c3d0053,988d774a-4c12-49ea-9bef-7ee921965be4,bug_fixing,Исправление ошибок,long,code_and_text,1,1,python_developer,Ты Python-разработчик.,Этот код является частью внутреннего инструмента.,"Ограничения:
- Ответ должен быть понятен начинающему специалисту.
- Сохрани исходную логику программы, исправив только ошибку.","Найди и исправь ошибку в коде. Подробно объясни причину проблемы и покажи исправленную версию:
{code}","{""code"": ""numbers = [1, 2, 3]\nprint(numbers[3])""}","Ты Python-разработчик.

Контекст: Этот код является частью внутреннего инструмента.

Найди и исправь ошибку в коде. Подробно объясни причину проблемы и покажи исправленную версию:
numbers = [1, 2, 3]
print(numbers[3])

Ограничения:
- Ответ должен быть понятен начинающему специалисту.
- Сохрани исходную логику программы, исправив только ошибку.

Ответ должен быть подробным и структурированным.",yandexgpt-lite,latest,"В данном коде ошибка заключается в том, что индекс `3` выходит за пределы списка `numbers`, который содержит только три элемента (`1`, `2` и `3`). Индексация в Python начинается с `0`, поэтому допустимые индексы для этого списка — `0`, `1` и `2`.

**Исправленный код:**
```
numbers = [1, 2, 3]
print(numbers[2])
```

Теперь код корректно выведет третий элемент списка, который имеет индекс `2`.",2026-04-25T17:52:46,2.0462
a50f5980-6652-4853-a7d6-71d5217b29ad,b3e691d2-df0e-4de9-8278-7259459e1fc9,bug_fixing,Исправление ошибок,long,code_and_text,1,1,qa_engineer,Ты QA-инженер.,Код используется в небольшом Python-проекте.,"Ограничения:
- Ответ должен быть понятен начинающему специалисту.
- Сохрани исходную логику программы, исправив только ошибку.","Найди и исправь ошибку в коде. Подробно объясни причину проблемы и покажи исправленную версию:
{code}","{""code"": ""for i in range(5)\n    print(i)""}","Ты QA-инженер.

Контекст: Код используется в небольшом Python-проекте.

Найди и исправь ошибку в коде. Подробно объясни причину проблемы и покажи исправленную версию:
for i in range(5)
 print(i)

Ограничения:
- Ответ должен быть понятен начинающему специалисту.
- Сохрани исходную логику программы, исправив только ошибку.

Ответ должен быть подробным и структурированным.",yandexgpt-lite,latest,"**Проблема:** в коде отсутствует двоеточие в конце строки с `for`, что приводит к синтаксической ошибке.

**Исправленный код:**
```python
for i in range(5):
    print(i)
```

**Пояснение:** в Python каждая инструкция, следующая за управляющей конструкцией, должна быть на отдельной строке и начинаться с отступа. Конструкция `for` требует двоеточия после неё для корректного выполнения программы.",2026-04-25T17:52:48,1.68
0fda375e-c2d6-4973-a96b-d307dafd73c3,d4a32ac9-4ea1-4a52-958b-3ea5c00d4be5,bug_fixing,Исправление ошибок,long,code_and_text,1,1,computer_science_teacher,Ты преподаватель информатики.,Этот код является частью внутреннего инструмента.,"Ограничения:
- Не используй внешние зависимости.
- Объясни причину ошибки перед исправленным кодом.","Проанализируй код, укажи ошибку, объясни причину и предложи исправленный вариант:
{code}","{""code"": ""numbers = [1, 2, 3]\nprint(numbers[3])""}","Ты преподаватель информатики.

Контекст: Этот код является частью внутреннего инструмента.

Проанализируй код, укажи ошибку, объясни причину и предложи исправленный вариант:
numbers = [1, 2, 3]
print(numbers[3])

Ограничения:
- Не используй внешние зависимости.
- Объясни причину ошибки перед исправленным кодом.

Ответ должен быть подробным и структурированным.",yandexgpt-lite,latest,"**Ошибка в коде:** попытка обратиться к элементу списка по индексу, который выходит за пределы допустимого диапазона.

**Причина ошибки:** в списке `numbers` всего три элемента, индексы которых равны 0, 1 и 2. Попытка обратиться к элементу с индексом 3 приведёт к ошибке, так как такого элемента в списке нет.

**Исправленный вариант:**
```
numbers = [1, 2, 3]
print(numbers[2])
```

Теперь код корректно выводит третий элемент списка, который имеет индекс 2.",2026-04-25T17:52:50,1.886
80f6a917-a3fc-48f9-bdeb-4afc821d832b,b7fdc147-8aa2-46b4-acc9-fd3578303109,algorithm_explanation,Объяснение алгоритма,short,text,0,0,none,,,,"Кратко опиши, как работает {algorithm}.","{""algorithm"": ""бинарный поиск""}","Кратко опиши, как работает бинарный поиск.

Ответ должен быть кратким.",yandexgpt-lite,latest,"Бинарный поиск работает путём многократного деления отрезка, где может находиться искомый элемент, пополам. Сначала определяется середина отрезка, затем проверяется, в какой из двух получившихся частей может быть элемент. Процесс повторяется до нахождения элемента или до сокращения отрезка до нуля.",2026-04-25T17:52:51,1.1806
ea551ca1-d360-4c5f-983a-d30312d0e7df,8fce29b9-9532-4f11-9425-eb52f97e3256,algorithm_explanation,Объяснение алгоритма,short,text,0,0,python_developer,Ты Python-разработчик.,,,Объясни алгоритм {algorithm}.,"{""algorithm"": ""быстрая сортировка""}","Ты Python-разработчик.

Объясни алгоритм быстрая сортировка.

Ответ должен быть кратким.",yandexgpt-lite,latest,"Быстрая сортировка (Quick Sort) — это алгоритм сортировки, который использует принцип «разделяй и властвуй». Он выбирает опорный элемент, перераспределяет элементы в массиве так, чтобы элементы меньше опорного оказались слева, а больше — справа. Затем алгоритм рекурсивно сортирует подмассивы слева и справа от опорного элемента.",2026-04-25T17:52:53,1.4141
85e78f7e-d5b3-4f22-b5de-f66387678e98,b89da6eb-6ec0-49b5-846f-cb7df4b0457e,algorithm_explanation,Объяснение алгоритма,short,text,0,0,qa_engineer,Ты QA-инженер.,,,"Кратко опиши, как работает {algorithm}.","{""algorithm"": ""алгоритм Кнута — Морриса — Пратта""}","Ты QA-инженер.

Кратко опиши, как работает алгоритм Кнута — Морриса — Пратта.

Ответ должен быть кратким.",yandexgpt-lite,latest,"Алгоритм Кнута — Морриса — Пратта ищет вхождения одного слова в другое, используя префикс-функцию, которая для каждого суффикса указывает длину наибольшего собственного префикса, совпадающего с ним. Это позволяет избежать повторного сравнения символов и ускорить поиск.",2026-04-25T17:52:54,1.2136
f9b78241-0caf-44cc-9667-e873e4c7cc8f,b01d3841-5c12-4800-b97d-ac084270be98,algorithm_explanation,Объяснение алгоритма,short,text,0,0,computer_science_teacher,Ты преподаватель информатики.,,,"Кратко опиши, как работает {algorithm}.","{""algorithm"": ""быстрая сортировка""}","Ты преподаватель информатики.

Кратко опиши, как работает быстрая сортировка.

Ответ должен быть кратким.",yandexgpt-lite,latest,"Быстрая сортировка — это алгоритм, который работает по принципу «разделяй и властвуй». Он выбирает опорный элемент, перераспределяет остальные элементы так, чтобы они оказались меньше или больше опорного, затем рекурсивно сортирует подмассивы.",2026-04-25T17:52:55,1.2144
bd280060-448f-4dbe-98de-29df6bb36d76,098cd263-0b60-47e3-8000-9cfe3a8c3b70,algorithm_explanation,Объяснение алгоритма,short,text,0,1,none,,,"Ограничения:
- Используй только стандартную библиотеку Python.
- При необходимости приведи короткий пример.",Объясни алгоритм {algorithm}.,"{""algorithm"": ""бинарный поиск""}","Объясни алгоритм бинарный поиск.

Ограничения:
- Используй только стандартную библиотеку Python.
- При необходимости приведи короткий пример.

Ответ должен быть кратким.",yandexgpt-lite,latest,"Бинарный поиск — это алгоритм поиска элемента в отсортированном массиве, который работает путём деления массива пополам на каждом шаге.

1. Определяем границы поиска (начальную и конечную позиции).
2. Находим середину текущего диапазона.
3. Сравниваем элемент в середине с искомым:
   - Если равен, возвращаем индекс.
   - Если больше, ищем в левой половине.
   - Если меньше, ищем в правой половине.
4. Повторяем шаги 2–3 до нахождения элемента или выхода за границы массива.

Пример: поиск числа 4 в отсортированном списке [1, 2, 3, 4, 5, 6, 7].",2026-04-25T17:52:57,2.5081
320ff715-8ca6-4409-9438-2b212050d905,cafd0cd2-10e3-476c-ac15-fa50b67dee8b,algorithm_explanation,Объяснение алгоритма,short,text,0,1,python_developer,Ты Python-разработчик.,,"Ограничения:
- Ответ должен быть понятен начинающему специалисту.
- При необходимости приведи короткий пример.",Объясни алгоритм {algorithm}.,"{""algorithm"": ""алгоритм Дейкстры""}","Ты Python-разработчик.

Объясни алгоритм алгоритм Дейкстры.

Ограничения:
- Ответ должен быть понятен начинающему специалисту.
- При необходимости приведи короткий пример.

Ответ должен быть кратким.",yandexgpt-lite,latest,"Алгоритм Дейкстры — это алгоритм для нахождения кратчайших путей от одной вершины графа до всех остальных. Он работает на графах с неотрицательными весами рёбер.

1. Инициализируем расстояния от начальной вершины до всех остальных как бесконечные, кроме расстояния до самой себя — оно равно 0.
2. Выберем начальную вершину и присвоим ей текущее минимальное расстояние.
3. Для каждой вершины, до которой можно добраться из текущей, рассчитаем новое расстояние как сумму текущего расстояния и веса ребра.
4. Если новое расстояние меньше текущего, обновим его.
5. Выберем вершину с наименьшим расстоянием, которая ещё не была обработана, и повторим шаги 3–4.
6. Повторяем шаги 3–5 до тех пор, пока все вершины не будут обработаны.

Таким образом, алгоритм находит кратчайший путь от начальной вершины до каждой другой вершины графа.",2026-04-25T17:53:01,3.2503
b5de337a-d5ec-4cfa-84c8-df04488f6ce2,a86e6c56-3609-4aaa-9b98-e855699d0dd2,algorithm_explanation,Объяснение алгоритма,short,text,0,1,qa_engineer,Ты QA-инженер.,,"Ограничения:
- Используй только стандартную библиотеку Python.
- Укажи временную сложность алгоритма.",Объясни алгоритм {algorithm}.,"{""algorithm"": ""быстрая сортировка""}","Ты QA-инженер.

Объясни алгоритм быстрая сортировка.

Ограничения:
- Используй только стандартную библиотеку Python.
- Укажи временную сложность алгоритма.

Ответ должен быть кратким.",yandexgpt-lite,latest,"Быстрая сортировка (QuickSort) работает по принципу «разделяй и властвуй». Алгоритм выбирает опорный элемент, переупорядочивает массив так, чтобы все элементы меньше опорного оказались слева, а больше — справа. Затем рекурсивно сортирует подмассивы. Временная сложность алгоритма в среднем O(n log n), в худшем случае O(n²).",2026-04-25T17:53:02,1.4157
b05df741-b85c-40ff-aab9-5402783c2b66,c9035bcc-2fac-45ed-a52a-a662df29acfa,algorithm_explanation,Объяснение алгоритма,short,text,0,1,computer_science_teacher,Ты преподаватель информатики.,,"Ограничения:
- Ответ должен быть понятен начинающему специалисту.
- Укажи временную сложность алгоритма.",Объясни алгоритм {algorithm}.,"{""algorithm"": ""алгоритм Кнута — Морриса — Пратта""}","Ты преподаватель информатики.

Объясни алгоритм алгоритм Кнута — Морриса — Пратта.

Ограничения:
- Ответ должен быть понятен начинающему специалисту.
- Укажи временную сложность алгоритма.

Ответ должен быть кратким.",yandexgpt-lite,latest,"Алгоритм Кнута — Морриса — Пратта (КМП) используется для поиска подстроки в строке. Он строит префикс-функцию, которая помогает определить, какие части строки уже были рассмотрены при поиске.

Префикс-функция для строки $s$ возвращает массив, где $i$-й элемент — это длина наибольшей собственной prefix-подстроки $s[0:i]$.

Алгоритм работает следующим образом:
1. Строится префикс-функция для образца (подстроки).
2. Выполняется поиск в основной строке, используя значения префикс-функции.

Временная сложность алгоритма КМП составляет $O(n + m)$, где $n$ — длина основной строки, а $m$ — длина образца.",2026-04-25T17:53:05,2.6567
9e4f7925-3557-47a7-b175-93e1fd90bc59,57a1f8ab-c054-4307-bf2d-f9e9a0da017c,algorithm_explanation,Объяснение алгоритма,short,text,1,0,none,,"Нужно краткое, но понятное объяснение для технического собеседования.",,Объясни алгоритм {algorithm}.,"{""algorithm"": ""быстрая сортировка""}","Контекст: Нужно краткое, но понятное объяснение для технического собеседования.

Объясни алгоритм быстрая сортировка.

Ответ должен быть кратким.",yandexgpt-lite,latest,"Быстрая сортировка — это алгоритм, который работает по принципу «разделяй и властвуй». Он выбирает опорный элемент, перераспределяет элементы в массиве так, чтобы элементы меньше опорного оказались слева, а больше — справа. Затем алгоритм рекурсивно сортирует подмассивы слева и справа от опорного элемента.",2026-04-25T17:53:06,1.489
4c2934c1-0e50-45c0-a840-2a3ccae22945,43182c13-6277-4b93-b261-74bb8126ffb1,algorithm_explanation,Объяснение алгоритма,short,text,1,0,python_developer,Ты Python-разработчик.,"Нужно краткое, но понятное объяснение для технического собеседования.",,"Кратко опиши, как работает {algorithm}.","{""algorithm"": ""алгоритм Кнута — Морриса — Пратта""}","Ты Python-разработчик.

Контекст: Нужно краткое, но понятное объяснение для технического собеседования.

Кратко опиши, как работает алгоритм Кнута — Морриса — Пратта.

Ответ должен быть кратким.",yandexgpt-lite,latest,"Алгоритм Кнута — Морриса — Пратта ищет вхождение одной строки в другую за линейное время. Он использует префикс-функцию, которая для каждого суффикса строки определяет наибольший собственный префикс, равный суффиксу. Это позволяет избежать повторного сравнения символов и эффективно находить вхождения.",2026-04-25T17:53:08,1.3402
518d4029-0f46-4b70-a234-4dab87c16fe4,f218166e-2e35-4d09-9474-97a348c828fc,algorithm_explanation,Объяснение алгоритма,short,text,1,0,qa_engineer,Ты QA-инженер.,"Объяснение нужно студенту, который только изучает алгоритмы.",,"Кратко опиши, как работает {algorithm}.","{""algorithm"": ""сортировка слиянием""}","Ты QA-инженер.

Контекст: Объяснение нужно студенту, который только изучает алгоритмы.

Кратко опиши, как работает сортировка слиянием.

Ответ должен быть кратким.",yandexgpt-lite,latest,"Сортировка слиянием работает путём разделения массива на меньшие части, их сортировки и последующего слияния отсортированных частей обратно в один массив в порядке возрастания или убывания.",2026-04-25T17:53:09,1.0715
da0a2d98-a989-4929-9c86-6d7f5e121e9d,05f8ffc8-2043-4976-9f1a-298043ecb817,algorithm_explanation,Объяснение алгоритма,short,text,1,0,computer_science_teacher,Ты преподаватель информатики.,Объяснение требуется для учебного конспекта.,,Объясни алгоритм {algorithm}.,"{""algorithm"": ""алгоритм Дейкстры""}","Ты преподаватель информатики.

Контекст: Объяснение требуется для учебного конспекта.

Объясни алгоритм алгоритм Дейкстры.

Ответ должен быть кратким.",yandexgpt-lite,latest,"Алгоритм Дейкстры — это алгоритм поиска кратчайшего пути в графе. Он работает следующим образом:

1. Инициализация: каждой вершине присваивается вес бесконечности, кроме начальной вершины, которой присваивается вес 0.
2. Выбор вершины с минимальным весом.
3. Обновление весов соседних вершин.
4. Повторение шагов 2–3 до тех пор, пока все вершины не будут обработаны.

Этот алгоритм находит кратчайший путь от начальной вершины до всех остальных вершин графа.",2026-04-25T17:53:10,1.7772
aa9c1933-fa6f-49db-aa8b-753fcc53f86e,a50dada8-b81c-41b5-b92b-4966a1f31b4a,algorithm_explanation,Объяснение алгоритма,short,text,1,1,none,,"Объяснение нужно студенту, который только изучает алгоритмы.","Ограничения:
- Не используй внешние зависимости.
- При необходимости приведи короткий пример.","Кратко опиши, как работает {algorithm}.","{""algorithm"": ""алгоритм Кнута — Морриса — Пратта""}","Контекст: Объяснение нужно студенту, который только изучает алгоритмы.

Кратко опиши, как работает алгоритм Кнута — Морриса — Пратта.

Ограничения:
- Не используй внешние зависимости.
- При необходимости приведи короткий пример.

Ответ должен быть кратким.",yandexgpt-lite,latest,"Алгоритм Кнута — Морриса — Пратта ищет вхождение одного слова в другое, используя префикс-функцию, которая для каждого суффикса указывает его наибольший собственный префикс, совпадающий с суффиксом. Это позволяет избежать повторного сравнения символов, эффективно сокращая количество проверок.",2026-04-25T17:53:12,1.2648
b93ef909-59fe-4e02-b29c-c1f929a74eb6,d19da5d0-7eb4-491e-9696-4c839ef6b6f0,algorithm_explanation,Объяснение алгоритма,short,text,1,1,python_developer,Ты Python-разработчик.,Объяснение требуется для учебного конспекта.,"Ограничения:
- Используй только стандартную библиотеку Python.
- Укажи временную сложность алгоритма.",Объясни алгоритм {algorithm}.,"{""algorithm"": ""сортировка слиянием""}","Ты Python-разработчик.

Контекст: Объяснение требуется для учебного конспекта.

Объясни алгоритм сортировка слиянием.

Ограничения:
- Используй только стандартную библиотеку Python.
- Укажи временную сложность алгоритма.

Ответ должен быть кратким.",yandexgpt-lite,latest,"Сортировка слиянием — это алгоритм, который разделяет массив на части, сортирует их и затем объединяет.

1. Разделить массив на две части примерно одинакового размера.
2. Рекурсивно отсортировать каждую часть.
3. Объединить отсортированные части в один массив.

Временная сложность: $O(n \log n)$.",2026-04-25T17:53:13,1.578
4f8eef0c-d622-49fe-bfa8-a09269e1d413,055f10a9-e602-4fac-94e8-66b22dfbcea3,algorithm_explanation,Объяснение алгоритма,short,text,1,1,qa_engineer,Ты QA-инженер.,"Нужно краткое, но понятное объяснение для технического собеседования.","Ограничения:
- Не используй внешние зависимости.
- При необходимости приведи короткий пример.",Объясни алгоритм {algorithm}.,"{""algorithm"": ""сортировка слиянием""}","Ты QA-инженер.

Контекст: Нужно краткое, но понятное объяснение для технического собеседования.

Объясни алгоритм сортировка слиянием.

Ограничения:
- Не используй внешние зависимости.
- При необходимости приведи короткий пример.

Ответ должен быть кратким.",yandexgpt-lite,latest,"Сортировка слиянием — это алгоритм, который разделяет массив на части, сортирует их и затем объединяет в один отсортированный массив. Процесс включает рекурсивное деление, сортировку каждой части и последующее слияние отсортированных частей. Например, массив [3, 1, 4, 5, 2] сначала делится на меньшие массивы, сортируется и затем объединяется в [1, 2, 3, 4, 5].",2026-04-25T17:53:15,1.8496
24dee0c4-83ba-4c0d-9c9e-98e720d49adc,9f44483a-bcb1-48b8-9f22-d08b6bb86452,algorithm_explanation,Объяснение алгоритма,short,text,1,1,computer_science_teacher,Ты преподаватель информатики.,"Нужно краткое, но понятное объяснение для технического собеседования.","Ограничения:
- Используй только стандартную библиотеку Python.
- Укажи временную сложность алгоритма.",Объясни алгоритм {algorithm}.,"{""algorithm"": ""бинарный поиск""}","Ты преподаватель информатики.

Контекст: Нужно краткое, но понятное объяснение для технического собеседования.

Объясни алгоритм бинарный поиск.

Ограничения:
- Используй только стандартную библиотеку Python.
- Укажи временную сложность алгоритма.

Ответ должен быть кратким.",yandexgpt-lite,latest,"Бинарный поиск — это алгоритм, который находит элемент в отсортированном массиве путём деления интервала поиска пополам.

Алгоритм работает следующим образом:
1. Определяются левая и правая границы интервала поиска.
2. Вычисляется середина интервала.
3. Если значение в середине равно искомому, поиск завершается.
4. Если значение в середине больше искомого, правая граница перемещается влево.
5. Если значение в середине меньше искомого, левая граница перемещается вправо.
6. Шаги 2–5 повторяются до тех пор, пока не будет найдено искомое значение или интервал не станет пустым.

Временная сложность алгоритма: $O(\log n)$.",2026-04-25T17:53:17,2.2265
8af41a71-df6d-4d2f-9d65-825b24cbe6a7,19c125f3-5fd1-404e-81c0-b7b034f3d6b1,algorithm_explanation,Объяснение алгоритма,medium,structured_text,0,0,none,,,,Опиши принцип работы алгоритма {algorithm} и его временную сложность.,"{""algorithm"": ""алгоритм Кнута — Морриса — Пратта""}","Опиши принцип работы алгоритма алгоритм Кнута — Морриса — Пратта и его временную сложность.

Ответ должен быть средней подробности.",yandexgpt-lite,latest,"Алгоритм Кнута — Морриса — Пратта (КМП) предназначен для поиска подстроки в строке. Он использует префикс-функцию, которая для каждой позиции в строке хранит длину наибольшего собственного префикса, совпадающего с суффиксом, начиная с этой позиции.

Принцип работы алгоритма:
1. Сначала вычисляется префикс-функция для образца строки (подстроки, которую ищем).
2. Затем происходит сравнение образца с текстом: на каждом шаге алгоритм определяет, сколько символов совпало, и использует префикс-функцию для сдвига образца при несовпадении.
3. Если образец полностью совпал с частью текста, алгоритм возвращает позицию начала совпадения.

Временная сложность алгоритма КМП составляет $O(n + m)$, где $n$ — длина текста, а $m$ — длина образца. Это делает алгоритм КМП более эффективным по сравнению с алгоритмами, имеющими квадратичную сложность.",2026-04-25T17:53:20,2.7814
26339685-b472-4866-b09a-760a64244371,2185d0ae-5c5a-4fcf-a633-599deb4af000,algorithm_explanation,Объяснение алгоритма,medium,structured_text,0,0,python_developer,Ты Python-разработчик.,,,Объясни алгоритм {algorithm} простыми словами и укажи его сложность.,"{""algorithm"": ""алгоритм Кнута — Морриса — Пратта""}","Ты Python-разработчик.

Объясни алгоритм алгоритм Кнута — Морриса — Пратта простыми словами и укажи его сложность.

Ответ должен быть средней подробности.",yandexgpt-lite,latest,"**Алгоритм Кнута — Морриса — Пратта (КМП)** используется для поиска подстроки в строке. Он позволяет находить все вхождения одной строки (образца) в другую строку (текст) за линейное время, то есть время выполнения алгоритма зависит линейно от длины текста и образца.

**Принцип работы:**

1. Сначала алгоритм создаёт префикс-функцию для образца. Префикс-функция для строки $s$ возвращает массив, где каждый элемент — это длина наибольшего собственного префикса строки $s[0:i]$, который также является суффиксом этой строки.

2. Затем алгоритм последовательно сравнивает символы образца и текста. Если символы совпадают, он переходит к следующему символу. Если нет, то использует информацию из префикс-функции, чтобы «сдвинуть» образец так, чтобы он снова совпадал с текстом.

3. Этот процесс повторяется до тех пор, пока не будут найдены все вхождения образца в текст или пока не будет достигнут конец текста.

**Сложность алгоритма:**

Алгоритм КМП имеет линейную сложность $O(n + m)$, где $n$ — длина текста, а $m$ — длина образца. Это означает, что время выполнения алгоритма прямо пропорционально сумме длин текста и образца.",2026-04-25T17:53:24,3.5105
4123b15d-9e91-4036-859e-3d0589b62340,33c666a8-98a9-45b2-a38b-6e0cca43a8ec,algorithm_explanation,Объяснение алгоритма,medium,structured_text,0,0,qa_engineer,Ты QA-инженер.,,,Опиши принцип работы алгоритма {algorithm} и его временную сложность.,"{""algorithm"": ""сортировка слиянием""}","Ты QA-инженер.

Опиши принцип работы алгоритма сортировка слиянием и его временную сложность.

Ответ должен быть средней подробности.",yandexgpt-lite,latest,"**Принцип работы алгоритма сортировки слиянием:**

1. Разделение: массив делится на две части примерно одинакового размера.
2. Рекурсивное слияние: каждая часть сортируется рекурсивно, пока размер подмассива не станет равным 1.
3. Объединение: отсортированные подмассивы объединяются в один отсортированный массив.

**Временная сложность:**

Алгоритм имеет временную сложность $O(n \log n)$, где $n$ — количество элементов в массиве. Это означает, что время выполнения алгоритма растёт пропорционально $n \log n$.",2026-04-25T17:53:26,2.0611
2612583c-0342-41b1-901e-461de39cb8dc,3c436b57-9116-42e1-bf5c-5b182653b63f,algorithm_explanation,Объяснение алгоритма,medium,structured_text,0,0,computer_science_teacher,Ты преподаватель информатики.,,,Объясни алгоритм {algorithm} простыми словами и укажи его сложность.,"{""algorithm"": ""алгоритм Кнута — Морриса — Пратта""}","Ты преподаватель информатики.

Объясни алгоритм алгоритм Кнута — Морриса — Пратта простыми словами и укажи его сложность.

Ответ должен быть средней подробности.",yandexgpt-lite,latest,"**Алгоритм Кнута — Морриса — Пратта (КМП)** — это метод поиска подстроки в строке. Он позволяет эффективно находить все вхождения одной строки (образца) в другую строку (текст).

**Принцип работы:**

1. Сначала алгоритм создаёт префикс-функцию для образца строки. Префикс-функция для каждого суффикса показывает длину наибольшего собственного префикса, который также является суффиксом этого суффикса.

2. Затем алгоритм последовательно сравнивает символы образца и текста. Если символы совпадают, алгоритм переходит к следующему символу. Если нет, он использует информацию из префикс-функции, чтобы «перескочить» на более подходящую позицию в образце.

3. Таким образом, алгоритм минимизирует количество сравнений и находит все вхождения образца в текст.

**Сложность алгоритма КМП:**

- Временная сложность: $O(n + m)$, где $n$ — длина текста, а $m$ — длина образца. Это означает, что алгоритм работает за линейное время, то есть его эффективность не зависит от размера входных данных.
- Пространственная сложность: $O(m)$ для хранения префикс-функции.",2026-04-25T17:53:29,3.2261
8a723b6e-21cd-4a87-aced-a3ff89b5cde0,43691a6c-ff4a-4fce-b2b5-bf506f88ec5c,algorithm_explanation,Объяснение алгоритма,medium,structured_text,0,1,none,,,"Ограничения:
- Ответ должен быть понятен начинающему специалисту.
- Укажи временную сложность алгоритма.",Опиши принцип работы алгоритма {algorithm} и его временную сложность.,"{""algorithm"": ""бинарный поиск""}","Опиши принцип работы алгоритма бинарный поиск и его временную сложность.

Ограничения:
- Ответ должен быть понятен начинающему специалисту.
- Укажи временную сложность алгоритма.

Ответ должен быть средней подробности.",yandexgpt-lite,latest,"**Принцип работы алгоритма бинарный поиск**

Бинарный поиск — это алгоритм для нахождения заданного элемента в отсортированном массиве. Он работает путём многократного деления массива пополам.

1. Сначала алгоритм определяет середину массива.
2. Сравнивает искомый элемент с элементом в середине:
    * Если искомый элемент равен элементу в середине, поиск завершается.
    * Если искомый элемент меньше, алгоритм продолжает поиск в первой половине массива.
    * Если искомый элемент больше, алгоритм продолжает поиск во второй половине массива.
3. Шаги 1–2 повторяются до тех пор, пока искомый элемент не будет найден или пока не останется половина массива для проверки.

**Временная сложность алгоритма**

Временная сложность бинарного поиска — $O(\log n)$, где $n$ — количество элементов в массиве. Это означает, что время выполнения алгоритма растёт логарифмически в зависимости от размера входных данных.",2026-04-25T17:53:32,2.9897
919e319a-e536-4f44-9dca-bb4a52d68a2e,7b458881-3aae-4fe5-a29a-27b7846566fc,algorithm_explanation,Объяснение алгоритма,medium,structured_text,0,1,python_developer,Ты Python-разработчик.,,"Ограничения:
- Не используй внешние зависимости.
- Укажи временную сложность алгоритма.",Объясни алгоритм {algorithm} простыми словами и укажи его сложность.,"{""algorithm"": ""быстрая сортировка""}","Ты Python-разработчик.

Объясни алгоритм быстрая сортировка простыми словами и укажи его сложность.

Ограничения:
- Не используй внешние зависимости.
- Укажи временную сложность алгоритма.

Ответ должен быть средней подробности.",yandexgpt-lite,latest,"Быстрая сортировка (Quick Sort) — это алгоритм сортировки, который работает по принципу «разделяй и властвуй». Он выбирает один элемент (часто средний или первый) в качестве опорного и переставляет элементы в списке так, чтобы все элементы, меньшие опорного, оказались слева от него, а большие или равные — справа. Затем алгоритм рекурсивно сортирует подсписки слева и справа от опорного элемента.

Сложность алгоритма:
- Временная сложность быстрой сортировки в среднем составляет $O(n \log n)$, где $n$ — количество элементов в списке.
- В худшем случае временная сложность может достигать $O(n^2)$.",2026-04-25T17:53:34,2.2898
30d3ab5f-64e3-4aa8-a92d-183f267beda4,27551e69-67c2-443d-b9ab-e0e998f46686,algorithm_explanation,Объяснение алгоритма,medium,structured_text,0,1,qa_engineer,Ты QA-инженер.,,"Ограничения:
- Ответ должен быть понятен начинающему специалисту.
- Укажи временную сложность алгоритма.",Опиши принцип работы алгоритма {algorithm} и его временную сложность.,"{""algorithm"": ""бинарный поиск""}","Ты QA-инженер.

Опиши принцип работы алгоритма бинарный поиск и его временную сложность.

Ограничения:
- Ответ должен быть понятен начинающему специалисту.
- Укажи временную сложность алгоритма.

Ответ должен быть средней подробности.",yandexgpt-lite,latest,"**Принцип работы алгоритма бинарный поиск**

Бинарный поиск — это алгоритм поиска элемента в отсортированном массиве. Он работает путём многократного деления массива пополам.

1. Сначала алгоритм определяет середину массива.
2. Сравнивает искомый элемент с элементом в середине.
3. Если искомый элемент равен среднему, поиск завершается.
4. Если искомый элемент больше среднего, алгоритм продолжает поиск в правой половине массива.
5. Если искомый элемент меньше среднего, алгоритм продолжает поиск в левой половине массива.
6. Шаги 1–5 повторяются, пока не будет найден искомый элемент или пока не останется половина массива для поиска.

**Временная сложность алгоритма**

Временная сложность бинарного поиска — O(log₂n), где n — количество элементов в массиве. Это означает, что время выполнения алгоритма зависит от количества раз, которое нужно разделить массив пополам, чтобы найти искомый элемент.",2026-04-25T17:53:37,2.8722
2e300b2c-9fe2-4934-a36e-40479cd96b6c,36b11d59-8212-46ad-8605-bedd8f7fa009,algorithm_explanation,Объяснение алгоритма,medium,structured_text,0,1,computer_science_teacher,Ты преподаватель информатики.,,"Ограничения:
- Не используй внешние зависимости.
- При необходимости приведи короткий пример.",Опиши принцип работы алгоритма {algorithm} и его временную сложность.,"{""algorithm"": ""бинарный поиск""}","Ты преподаватель информатики.

Опиши принцип работы алгоритма бинарный поиск и его временную сложность.

Ограничения:
- Не используй внешние зависимости.
- При необходимости приведи короткий пример.

Ответ должен быть средней подробности.",yandexgpt-lite,latest,"**Бинарный поиск** — это эффективный алгоритм для нахождения элемента в отсортированном массиве. Принцип его работы заключается в следующем:

1. Сначала определяется средний элемент массива.
2. Если искомое значение равно среднему элементу, поиск завершается.
3. Если искомое значение меньше среднего элемента, алгоритм рекурсивно применяется к левой половине массива.
4. Если искомое значение больше среднего элемента, алгоритм рекурсивно применяется к правой половине массива.
5. Шаги 1–4 повторяются до тех пор, пока искомый элемент не будет найден или пока не будет установлено, что его нет в массиве.

**Временная сложность** бинарного поиска составляет $O(\log n)$, где $n$ — количество элементов в массиве. Это означает, что время поиска растёт логарифмически по отношению к размеру массива.",2026-04-25T17:53:40,2.6659
2c1e1427-6e73-44f9-9c86-2c873636db7b,8624bf02-b7df-4d6b-be47-b4771240d648,algorithm_explanation,Объяснение алгоритма,medium,structured_text,1,0,none,,Объяснение требуется для учебного конспекта.,,Опиши принцип работы алгоритма {algorithm} и его временную сложность.,"{""algorithm"": ""быстрая сортировка""}","Контекст: Объяснение требуется для учебного конспекта.

Опиши принцип работы алгоритма быстрая сортировка и его временную сложность.

Ответ должен быть средней подробности.",yandexgpt-lite,latest,"**Принцип работы алгоритма быстрой сортировки:**

Быстрая сортировка (Quick Sort) — это эффективный алгоритм сортировки, который использует принцип «разделяй и властвуй». Основная идея заключается в выборе опорного элемента и разделении массива на две части: элементы, меньшие опорного, и элементы, большие опорного. Затем алгоритм рекурсивно сортирует каждую из частей.

1. Выбирается опорный элемент из массива.
2. Все остальные элементы массива перемещаются так, чтобы элементы, меньшие опорного, оказались слева от него, а большие или равные — справа. Это называется partition.
3. Затем алгоритм рекурсивно применяется к левой и правой частям массива.

**Временная сложность:**

Временная сложность быстрой сортировки в среднем составляет $O(n \log n)$, где $n$ — количество элементов в массиве. Однако в худшем случае (например, когда массив уже отсортирован или все элементы равны) временная сложность может достигать $O(n^2)$.",2026-04-25T17:53:43,3.1606
e5eda349-baf3-4475-930a-0a8f0dcfbbbe,9b1e4e6d-2d07-4b38-a1a7-08a7fd656b75,algorithm_explanation,Объяснение алгоритма,medium,structured_text,1,0,python_developer,Ты Python-разработчик.,"Объяснение нужно студенту, который только изучает алгоритмы.",,Опиши принцип работы алгоритма {algorithm} и его временную сложность.,"{""algorithm"": ""сортировка слиянием""}","Ты Python-разработчик.

Контекст: Объяснение нужно студенту, который только изучает алгоритмы.

Опиши принцип работы алгоритма сортировка слиянием и его временную сложность.

Ответ должен быть средней подробности.",yandexgpt-lite,latest,"**Принцип работы алгоритма «сортировка слиянием»**

Сортировка слиянием — это эффективный алгоритм сортировки, который работает по принципу «разделяй и властвуй». Он делит массив на более мелкие подмассивы, сортирует их и затем объединяет в один отсортированный массив.

1. **Разделение (Divide)**: алгоритм рекурсивно разделяет исходный массив на две части до тех пор, пока в каждой части не останется по одному элементу.
2. **Сортировка (Conquer)**: каждый подмассив из одного элемента считается отсортированным. Затем алгоритм сортирует пары подмассивов, объединяя их в отсортированные подмассивы большего размера.
3. **Слияние (Combine)**: отсортированные подмассивы объединяются в один большой отсортированный массив.

**Временная сложность**

Временная сложность сортировки слиянием составляет $O(n \log n)$, где $n$ — количество элементов в массиве. Это означает, что время выполнения алгоритма растёт пропорционально $n \log n$, что делает его одним из самых быстрых алгоритмов сортировки для больших объёмов данных.",2026-04-25T17:53:46,3.2702
f3dd7868-df5a-4d63-b23b-3d2d106b2cb7,eba142e0-fe2a-4fd5-8c5d-05c4cbc8489d,algorithm_explanation,Объяснение алгоритма,medium,structured_text,1,0,qa_engineer,Ты QA-инженер.,Объяснение требуется для учебного конспекта.,,Опиши принцип работы алгоритма {algorithm} и его временную сложность.,"{""algorithm"": ""быстрая сортировка""}","Ты QA-инженер.

Контекст: Объяснение требуется для учебного конспекта.

Опиши принцип работы алгоритма быстрая сортировка и его временную сложность.

Ответ должен быть средней подробности.",yandexgpt-lite,latest,"**Принцип работы алгоритма «Быстрая сортировка»**

Быстрая сортировка (Quick Sort) — это эффективный алгоритм сортировки, который использует принцип «разделяй и властвуй». Вот как он работает:

1. Выбирается опорный элемент из массива.
2. Все остальные элементы сравниваются с ним.
3. Элементы, меньшие опорного, перемещаются в левую часть массива, а большие — в правую.
4. Для левой и правой частей массива шаги 1–3 повторяются рекурсивно.

**Временная сложность**

В среднем временная сложность алгоритма быстрой сортировки составляет $O(n \log n)$, где $n$ — количество элементов в массиве. Однако в худшем случае сложность может достигать $O(n^2)$.",2026-04-25T17:53:49,2.3127
2bbaaee4-ef60-4f03-9143-153d68942ee7,1aaa33b1-b282-49d6-b723-6ffcb24bb272,algorithm_explanation,Объяснение алгоритма,medium,structured_text,1,0,computer_science_teacher,Ты преподаватель информатики.,"Объяснение нужно студенту, который только изучает алгоритмы.",,Опиши принцип работы алгоритма {algorithm} и его временную сложность.,"{""algorithm"": ""бинарный поиск""}","Ты преподаватель информатики.

Контекст: Объяснение нужно студенту, который только изучает алгоритмы.

Опиши принцип работы алгоритма бинарный поиск и его временную сложность.

Ответ должен быть средней подробности.",yandexgpt-lite,latest,"**Бинарный поиск** — это эффективный алгоритм для нахождения элемента в отсортированном массиве. Принцип его работы основан на делении массива пополам на каждой итерации.

**Принцип работы:**

1. Сначала алгоритм определяет середину массива и сравнивает искомый элемент с элементом в середине.
2. Если искомый элемент равен среднему, поиск завершается.
3. Если искомый элемент больше среднего, алгоритм продолжает поиск в правой половине массива.
4. Если искомый элемент меньше среднего, алгоритм продолжает поиск в левой половине массива.
5. Шаги 1–4 повторяются до тех пор, пока не будет найден искомый элемент или пока не станет ясно, что его нет в массиве.

**Временная сложность:**

Временная сложность бинарного поиска составляет $O(\log n)$, где $n$ — количество элементов в массиве. Это означает, что количество операций поиска уменьшается логарифмически в зависимости от размера массива. Это делает бинарный поиск значительно более эффективным по сравнению с линейным поиском, особенно для больших массивов.",2026-04-25T17:53:52,2.9767
d2edb2ce-2a9d-426a-8859-6384f1d01c57,f520b72f-ff3c-4c5d-9562-ea9fa39b3caf,algorithm_explanation,Объяснение алгоритма,medium,structured_text,1,1,none,,Объяснение требуется для учебного конспекта.,"Ограничения:
- Не используй внешние зависимости.
- Укажи временную сложность алгоритма.",Опиши принцип работы алгоритма {algorithm} и его временную сложность.,"{""algorithm"": ""поиск в ширину""}","Контекст: Объяснение требуется для учебного конспекта.

Опиши принцип работы алгоритма поиск в ширину и его временную сложность.

Ограничения:
- Не используй внешние зависимости.
- Укажи временную сложность алгоритма.

Ответ должен быть средней подробности.",yandexgpt-lite,latest,"**Принцип работы алгоритма «поиск в ширину» (BFS, Breadth-First Search)** заключается в последовательном исследовании вершин графа слой за слоем, начиная с начальной вершины. Алгоритм использует очередь для хранения вершин, которые ещё не были обработаны.

1. Начальная вершина помещается в очередь.
2. Пока очередь не пуста, извлекается вершина из очереди и исследуется.
3. Все непосещённые соседние вершины добавляются в очередь.
4. Процесс повторяется до тех пор, пока очередь не станет пустой.

**Временная сложность алгоритма** зависит от структуры графа и составляет $O(V + E)$, где $V$ — количество вершин, а $E$ — количество рёбер в графе. Это связано с тем, что каждая вершина и каждое ребро будет обработано не более одного раза.",2026-04-25T17:53:54,2.4606
d24e80cf-20d2-436b-a3fd-1d2a7e18402c,5e630cf8-6685-453e-9b54-2b1f009ea250,algorithm_explanation,Объяснение алгоритма,medium,structured_text,1,1,python_developer,Ты Python-разработчик.,"Нужно краткое, но понятное объяснение для технического собеседования.","Ограничения:
- Используй только стандартную библиотеку Python.
- При необходимости приведи короткий пример.",Объясни алгоритм {algorithm} простыми словами и укажи его сложность.,"{""algorithm"": ""бинарный поиск""}","Ты Python-разработчик.

Контекст: Нужно краткое, но понятное объяснение для технического собеседования.

Объясни алгоритм бинарный поиск простыми словами и укажи его сложность.

Ограничения:
- Используй только стандартную библиотеку Python.
- При необходимости приведи короткий пример.

Ответ должен быть средней подробности.",yandexgpt-lite,latest,"Бинарный поиск — это эффективный алгоритм для нахождения элемента в отсортированном массиве. Он работает путём постоянного деления массива пополам и сравнения среднего элемента с искомым значением.

**Алгоритм бинарного поиска:**
1. Определяем границы поиска (начальную и конечную позиции в массиве).
2. Находим средний элемент массива.
3. Сравниваем средний элемент с искомым значением:
    * Если средний элемент равен искомому, поиск завершается.
    * Если средний элемент больше искомого, поиск продолжается в левой половине массива.
    * Если средний элемент меньше искомого, поиск продолжается в правой половине массива.
4. Повторяем шаги 2–3 до тех пор, пока не найдём искомый элемент или не убедимся, что его нет в массиве.

**Сложность алгоритма:**
* Временная сложность бинарного поиска — $O(\log n)$, где $n$ — количество элементов в массиве. Это означает, что количество операций поиска уменьшается логарифмически с увеличением размера массива.",2026-04-25T17:53:57,2.9291
988d850e-8c73-478d-afbc-a1cd61c4af5a,3c123842-6385-4fb9-869e-1f29d9d94941,algorithm_explanation,Объяснение алгоритма,medium,structured_text,1,1,qa_engineer,Ты QA-инженер.,"Объяснение нужно студенту, который только изучает алгоритмы.","Ограничения:
- Ответ должен быть понятен начинающему специалисту.
- Укажи временную сложность алгоритма.",Объясни алгоритм {algorithm} простыми словами и укажи его сложность.,"{""algorithm"": ""бинарный поиск""}","Ты QA-инженер.

Контекст: Объяснение нужно студенту, который только изучает алгоритмы.

Объясни алгоритм бинарный поиск простыми словами и укажи его сложность.

Ограничения:
- Ответ должен быть понятен начинающему специалисту.
- Укажи временную сложность алгоритма.

Ответ должен быть средней подробности.",yandexgpt-lite,latest,"Бинарный поиск — это алгоритм, который помогает найти нужный элемент в отсортированном списке или массиве. Принцип работы заключается в следующем:

1. Сначала мы определяем середину массива и сравниваем элемент в этой позиции с искомым.
2. Если искомый элемент равен элементу в середине, то поиск завершается.
3. Если искомый элемент меньше, то мы продолжаем поиск в первой половине массива.
4. Если искомый элемент больше, то продолжаем поиск во второй половине массива.
5. Шаги 1–4 повторяются до тех пор, пока элемент не будет найден или пока не останется половина массива для поиска.

Временная сложность бинарного поиска — $O(\log n)$, где $n$ — количество элементов в массиве. Это означает, что время поиска увеличивается логарифмически в зависимости от размера массива.",2026-04-25T17:54:00,2.6254
e0ab979b-24a0-4b4b-807c-01590bdd18d5,00413ac6-8f5d-41f6-863f-c3a5a2a98caa,algorithm_explanation,Объяснение алгоритма,medium,structured_text,1,1,computer_science_teacher,Ты преподаватель информатики.,Объяснение требуется для учебного конспекта.,"Ограничения:
- Ответ должен быть понятен начинающему специалисту.
- Укажи временную сложность алгоритма.",Опиши принцип работы алгоритма {algorithm} и его временную сложность.,"{""algorithm"": ""поиск в глубину""}","Ты преподаватель информатики.

Контекст: Объяснение требуется для учебного конспекта.

Опиши принцип работы алгоритма поиск в глубину и его временную сложность.

Ограничения:
- Ответ должен быть понятен начинающему специалисту.
- Укажи временную сложность алгоритма.

Ответ должен быть средней подробности.",yandexgpt-lite,latest,"**Принцип работы алгоритма «поиск в глубину» (DFS — Depth-First Search)** заключается в следующем: алгоритм начинает с некоторой вершины и идёт как можно глубже в граф по рёбрам, пока не достигнет вершины, для которой нет ещё не исследованных рёбер. Затем алгоритм возвращается назад и продолжает поиск с других рёбер. Так продолжается до тех пор, пока не будут исследованы все вершины.

**Временная сложность алгоритма DFS** — $O(V + E)$, где $V$ — количество вершин, а $E$ — количество рёбер в графе. Это связано с тем, что алгоритму необходимо посетить каждую вершину и каждое ребро по одному разу.",2026-04-25T17:54:02,2.2744
de5c1f88-1fa6-408a-907a-5619e5581541,2d7bc553-64be-4b99-998b-aa1ffcb5e5cb,algorithm_explanation,Объяснение алгоритма,long,structured_text,0,0,none,,,,"Объясни алгоритм {algorithm} простыми словами, затем укажи сложность и покажи небольшой пример работы.","{""algorithm"": ""поиск в глубину""}","Объясни алгоритм поиск в глубину простыми словами, затем укажи сложность и покажи небольшой пример работы.

Ответ должен быть подробным и структурированным.",yandexgpt-lite,latest,"**Алгоритм поиска в глубину (DFS — Depth-First Search)** — это способ обхода графа или дерева, при котором сначала происходит погружение в самую глубокую ветвь, а затем возвращение назад и исследование других ветвей.

**Принцип работы:**
1. Выбираем начальную вершину.
2. Исследуем её, посещая все соседние вершины, которые ещё не были посещены.
3. Если достигаем вершины, у которой нет необследованных соседей, возвращаемся назад к предыдущей вершине и продолжаем поиск.
4. Повторяем шаги 2 и 3, пока не исследуем все вершины.

**Пример:**
Предположим, у нас есть граф с вершинами A, B, C, D, E и рёбрами A-B, A-C, B-D, C-D, D-E.

1. Начинаем с вершины A.
2. Исследуем A и переходим к B.
3. Исследуем B и переходим к D.
4. Исследуем D и переходим к E.
5. Вершина E не имеет необследованных соседей, поэтому возвращаемся к D.
6. От D возвращаемся к C.
7. Исследуем C, но у него нет необследованных соседей, поэтому возвращаемся к A.
8. У A все соседи уже исследованы, поиск завершается.

**Сложность:**
- Временная сложность алгоритма DFS составляет $O(n + m)$, где $n$ — количество вершин, а $m$ — количество рёбер в графе. Это связано с тем, что алгоритм посещает каждую вершину и каждое ребро ровно один раз.
- Пространственная сложность DFS составляет $O(n)$, так как в худшем случае потребуется сохранить в памяти все вершины стека.",2026-04-25T17:54:06,4.667
43cd8829-8d40-4f62-8ffb-8619170e8daf,68b2111a-8e36-4791-a1e9-02f8777a6277,algorithm_explanation,Объяснение алгоритма,long,structured_text,0,0,python_developer,Ты Python-разработчик.,,,"Объясни алгоритм {algorithm} простыми словами, затем укажи сложность и покажи небольшой пример работы.","{""algorithm"": ""алгоритм Дейкстры""}","Ты Python-разработчик.

Объясни алгоритм алгоритм Дейкстры простыми словами, затем укажи сложность и покажи небольшой пример работы.

Ответ должен быть подробным и структурированным.",yandexgpt-lite,latest,"**Алгоритм Дейкстры** — это способ найти кратчайший путь от одной вершины графа до всех остальных. Он работает с графами, где рёбра имеют неотрицательные веса.

**Принцип работы алгоритма Дейкстры:**

1. Инициализация:
   - Выбирается начальная вершина, и ей присваивается вес 0.
   - Всем остальным вершинам присваивается вес бесконечности (если они недостижимы из начальной вершины) или вес, соответствующий оценке расстояния до начальной вершины.
   - Все вершины помечаются как непосещённые.

2. Выбор вершины:
   - На каждом шаге выбирается вершина с наименьшим весом среди непосещённых.
   - Эта вершина помечается как посещённая.

3. Обновление весов:
   - Для каждой соседней вершины вычисляется новый вес пути через выбранную вершину.
   - Если новый вес меньше текущего веса соседней вершины, то вес соседней вершины обновляется.

4. Повторение:
   - Шаги 2 и 3 повторяются до тех пор, пока все вершины не будут помечены как посещённые.

**Сложность алгоритма Дейкстры:**

- Временная сложность алгоритма Дейкстры составляет $O(V^2)$ для представления графа в виде матрицы смежности и $O(E \log V)$ для представления графа в виде списка рёбер с использованием кучи (приоритетной очереди). Здесь $V$ — количество вершин, а $E$ — количество рёбер в графе.

**Пример работы алгоритма Дейкстры:**

Предположим, у нас есть граф с вершинами A, B, C, D и весами рёбер, как показано на рисунке:

```
A --(2)-- B --(3)-- C --(1)-- D
|                     |
4                     |
|                     |
A --(4)-- D
```

Начнём с вершины A. Присвоим ей вес 0 и всем остальным вершинам — бесконечность.

1. Выбираем вершину A.
2. Обновляем веса соседних вершин:
   - B: 2 (меньше бесконечности, поэтому обновляем).
   - D: 4 (меньше бесконечности, поэтому обновляем).
3. Помечаем вершину A как посещённую.
4. Выбираем вершину B.
5. Обновляем вес вершины C:
   - C: 5 (меньше бесконечности, поэтому обновляем).
6. Помечаем вершину B как посещённую.
7. Выбираем вершину C.
8. Вершина D уже посещена, поэтому ничего не делаем.
9. Выбираем вершину D.

В результате получаем следующие веса:
- A: 0
- B: 2
- C: 5
- D: 4

Кратчайший путь от A до D: A → B → C → D (вес 5).",2026-04-25T17:54:14,7.0952
07d193b7-a08a-4433-8824-78e60435e668,86875b29-7f14-4020-9f27-3b2e52b2d978,algorithm_explanation,Объяснение алгоритма,long,structured_text,0,0,qa_engineer,Ты QA-инженер.,,,"Объясни алгоритм {algorithm} простыми словами, затем укажи сложность и покажи небольшой пример работы.","{""algorithm"": ""бинарный поиск""}","Ты QA-инженер.

Объясни алгоритм бинарный поиск простыми словами, затем укажи сложность и покажи небольшой пример работы.

Ответ должен быть подробным и структурированным.",yandexgpt-lite,latest,"**Алгоритм бинарного поиска**

Бинарный поиск — это метод поиска элемента в отсортированном массиве. Он работает путём деления массива пополам и проверки, в какой половине может находиться искомый элемент. Этот процесс повторяется до тех пор, пока элемент не будет найден или пока не станет ясно, что его нет в массиве.

**Шаги алгоритма:**

1. Отсортировать массив (если он ещё не отсортирован).
2. Задать начальное значение левой границы поиска (например, первый элемент массива) и правой границы поиска (например, последний элемент массива).
3. Вычислить средний элемент между левой и правой границами.
4. Сравнить средний элемент с искомым значением:
    * Если средний элемент равен искомому, поиск завершён.
    * Если средний элемент больше искомого, правая граница поиска становится равной среднему элементу минус один.
    * Если средний элемент меньше искомого, левая граница поиска становится равной среднему элементу плюс один.
5. Перейти к шагу 3, пока не будет найдено искомое значение или левая и правая границы не пересекутся (это означает, что искомого значения нет в массиве).

**Сложность алгоритма**

Временная сложность бинарного поиска составляет $O(\log n)$, где $n$ — количество элементов в массиве. Это означает, что время поиска увеличивается логарифмически с увеличением размера массива.

**Пример работы**

Допустим, у нас есть отсортированный массив [1, 3, 5, 7, 9, 11, 13, 15] и мы хотим найти элемент 7.

1. Начальная левая граница: 1, начальная правая граница: 15.
2. Средний элемент: (1 + 15) / 2 = 8 (элемент 11).
3. 11 > 7, поэтому правая граница становится 7.
4. Средний элемент: (1 + 7) / 2 = 4 (элемент 7).
5. Мы нашли искомый элемент.

Таким образом, бинарный поиск позволяет эффективно находить элементы в отсортированных массивах.",2026-04-25T17:54:19,5.6207
0cfe887e-82e0-4fb9-82c0-000acf9c872f,7e36d87a-572f-4a06-abdf-ad98f3f6cc8b,algorithm_explanation,Объяснение алгоритма,long,structured_text,0,0,computer_science_teacher,Ты преподаватель информатики.,,,"Объясни алгоритм {algorithm} простыми словами, затем укажи сложность и покажи небольшой пример работы.","{""algorithm"": ""алгоритм Дейкстры""}","Ты преподаватель информатики.

Объясни алгоритм алгоритм Дейкстры простыми словами, затем укажи сложность и покажи небольшой пример работы.

Ответ должен быть подробным и структурированным.",yandexgpt-lite,latest,"**Алгоритм Дейкстры** — это способ найти кратчайший путь от одной вершины графа до всех остальных. Он работает с графами, где рёбра имеют вес (длину, стоимость и т. д.), и находит путь с минимальной суммарной стоимостью.

**Принцип работы алгоритма Дейкстры:**

1. Инициализация:
   - Выбирается начальная вершина, от которой будем искать пути.
   - Всем вершинам присваивается бесконечность в качестве расстояния от начальной вершины (кроме самой начальной, которой присваивается 0).
   - Создаётся очередь с начальными вершинами для рассмотрения.

2. Основной цикл:
   - Из очереди выбирается вершина с наименьшим текущим расстоянием.
   - Для каждой соседней вершины вычисляется новое расстояние через выбранную вершину.
   - Если новое расстояние меньше текущего, оно обновляется.
   - Выбранная вершина удаляется из очереди, а соседние вершины добавляются в очередь, если их расстояние было обновлено.

3. Завершение:
   - Когда очередь становится пустой, все расстояния рассчитаны.

**Сложность алгоритма Дейкстры:**

- Временная сложность алгоритма Дейкстры составляет $O(n^2)$ в случае представления графа в виде матрицы смежности, где $n$ — количество вершин в графе.
- В случае использования очереди с приоритетами и представления графа в виде списка смежности сложность снижается до $O(m \cdot \log n)$, где $m$ — количество рёбер в графе.

**Пример работы алгоритма Дейкстры:**

Предположим, у нас есть граф с пятью вершинами (A, B, C, D, E) и следующими весами рёбер:
- A — B: 1
- A — C: 4
- B — C: 2
- B — D: 5
- C — D: 1
- C — E: 3

Начальной вершиной является A.

1. Инициализация:
   - A: 0
   - B: ∞
   - C: ∞
   - D: ∞
   - E: ∞
   - Очередь: A

2. Основной цикл:
   - Выбираем A.
   - Обновляем B: 1 (A — B).
   - Добавляем B в очередь.
   - Выбираем B.
   - Обновляем C: 3 (B — C).
   - Обновляем D: 6 (B — D).
   - Добавляем C и D в очередь.
   - Выбираем C.
   - Обновляем D: 4 (C — D).
   - Добавляем D в очередь.
   - Выбираем D.
   - Все вершины обработаны.

3. Завершение:
   - Расстояния:
     - A: 0
     - B: 1
     - C: 3
     - D: 4
     - E: 6

Таким образом, кратчайший путь от A до D составляет 4.",2026-04-25T17:54:27,7.5769
47f31430-030b-413f-9f76-0c6da1c37aa0,1f6a643d-ff38-4eab-8b70-312d4fdd68d1,algorithm_explanation,Объяснение алгоритма,long,structured_text,0,1,none,,,"Ограничения:
- Используй только стандартную библиотеку Python.
- Укажи временную сложность алгоритма.","Объясни алгоритм {algorithm} простыми словами, затем укажи сложность и покажи небольшой пример работы.","{""algorithm"": ""поиск в глубину""}","Объясни алгоритм поиск в глубину простыми словами, затем укажи сложность и покажи небольшой пример работы.

Ограничения:
- Используй только стандартную библиотеку Python.
- Укажи временную сложность алгоритма.

Ответ должен быть подробным и структурированным.",yandexgpt-lite,latest,"**Алгоритм поиска в глубину (Depth-First Search, DFS)** заключается в том, что мы начинаем с некоторой вершины и движемся по рёбрам графа, пока не дойдём до конца. Если мы упираемся в тупик, то возвращаемся назад и пробуем другой путь.

**Принцип работы алгоритма DFS:**
1. Выбираем начальную вершину.
2. Помещаем её в стек.
3. Пока стек не пуст:
   - извлекаем вершину из стека;
   - если вершина ещё не посещена, отмечаем её как посещённую и добавляем в стек все непосещённые соседние вершины;
   - если вершина уже посещена или нет соседних вершин, переходим к следующему шагу.
4. Повторяем шаги 3–4 до тех пор, пока не будут посещены все вершины.

**Пример работы алгоритма DFS:**

Предположим, у нас есть граф, представленный в виде списка смежности:
```
graph = {
    'A': ['B', 'C'],
    'B': ['D', 'E'],
    'C': ['F'],
    'D': [],
    'E': ['F'],
    'F': []
}
```

Начнём с вершины `A`.

1. Помещаем `A` в стек.
2. Извлекаем `A` из стека и добавляем в стек `B` и `C`.
3. Извлекаем `B` из стека и добавляем в стек `D` и `E`.
4. Извлекаем `D` из стека (вершина без соседей, ничего не делаем и переходим к следующей).
5. Извлекаем `E` из стека и добавляем в стек `F`.
6. Извлекаем `F` из стека (вершина без соседей, ничего не делаем и переходим к следующей).
7. Извлекаем `C` из стека и добавляем в стек пуст (нет соседей).

Последовательность посещения вершин: `A → B → D → E → F → C`.

**Временная сложность алгоритма DFS:**

Временная сложность алгоритма DFS составляет $O(V + E)$, где $V$ — количество вершин, а $E$ — количество рёбер в графе. Это связано с тем, что мы посещаем каждую вершину и каждое ребро ровно один раз.",2026-04-25T17:54:33,6.5172
b43b950d-0050-42ee-89d2-35950516efff,7c5805cb-8868-4c60-bea0-df3be208b14d,algorithm_explanation,Объяснение алгоритма,long,structured_text,0,1,python_developer,Ты Python-разработчик.,,"Ограничения:
- Ответ должен быть понятен начинающему специалисту.
- Укажи временную сложность алгоритма.","Объясни алгоритм {algorithm} простыми словами, затем укажи сложность и покажи небольшой пример работы.","{""algorithm"": ""алгоритм Дейкстры""}","Ты Python-разработчик.

Объясни алгоритм алгоритм Дейкстры простыми словами, затем укажи сложность и покажи небольшой пример работы.

Ограничения:
- Ответ должен быть понятен начинающему специалисту.
- Укажи временную сложность алгоритма.

Ответ должен быть подробным и структурированным.",yandexgpt-lite,latest,"**Алгоритм Дейкстры** — это способ найти кратчайший путь от одной точки до другой в графе. Представьте себе карту дорог, где каждая дорога — это ребро графа, а каждый перекрёсток — это вершина. Алгоритм помогает найти самый короткий маршрут от начальной точки до конечной.

**Как работает алгоритм Дейкстры:**

1. Сначала выбирается начальная вершина, от которой будем искать путь.
2. Затем алгоритму присваиваются начальные значения: расстояние от начальной вершины до неё самой равно 0, а до всех остальных вершин — бесконечность (или какое-то очень большое число).
3. Алгоритм последовательно рассматривает все вершины, до которых можно добраться из начальной, и выбирает ту, до которой расстояние наименьшее.
4. Как только такая вершина выбрана, алгоритм обновляет расстояния до всех вершин, которые можно достичь из выбранной. Если новое расстояние оказывается меньше, чем предыдущее, оно заменяется.
5. Этот процесс повторяется до тех пор, пока не будут рассмотрены все вершины или пока не будет найдена целевая вершина.

**Сложность алгоритма Дейкстры:**

Временная сложность алгоритма Дейкстры зависит от способа его реализации. В общем случае, если использовать приоритетную очередь, то сложность будет O(V^2), где V — количество вершин в графе. Однако, если использовать структуру данных, которая позволяет быстро находить минимальное значение (например, кучу), то сложность можно уменьшить до O(E log V), где E — количество рёбер в графе.

**Пример работы алгоритма Дейкстры:**

Предположим, у нас есть граф с вершинами A, B, C и D, и рёбрами между ними с весами (стоимостью пути):

- A — B: 1
- A — C: 4
- B — C: 2
- B — D: 5
- C — D: 1

Если мы хотим найти кратчайший путь от A до D, то алгоритм Дейкстры будет работать следующим образом:

1. Начальная вершина — A. Расстояния: A = 0, B = ∞, C = ∞, D = ∞.
2. Выбираем вершину A. Обновляем расстояния: B = 1, C = 4, D = ∞.
3. Выбираем вершину B. Обновляем расстояния: C = 3 (1 + 2), D = 6 (1 + 5).
4. Выбираем вершину C. Обновляем расстояние: D = 4 (3 + 1).

Таким образом, кратчайший путь от A до D будет A — B — C — D, и его длина равна 4.",2026-04-25T17:54:40,6.4259
75a3bde7-7997-48c6-a284-2a6b2afb65da,1d0da9ae-b501-4456-b8d1-165a467202ad,algorithm_explanation,Объяснение алгоритма,long,structured_text,0,1,qa_engineer,Ты QA-инженер.,,"Ограничения:
- Не используй внешние зависимости.
- Укажи временную сложность алгоритма.","Объясни алгоритм {algorithm} простыми словами, затем укажи сложность и покажи небольшой пример работы.","{""algorithm"": ""поиск в ширину""}","Ты QA-инженер.

Объясни алгоритм поиск в ширину простыми словами, затем укажи сложность и покажи небольшой пример работы.

Ограничения:
- Не используй внешние зависимости.
- Укажи временную сложность алгоритма.

Ответ должен быть подробным и структурированным.",yandexgpt-lite,latest,"**Алгоритм поиска в ширину (BFS, Breadth-First Search)** — это метод обхода графа или дерева, при котором сначала посещается узел, выбранный в качестве начального, затем все соседние узлы этого узла, потом их соседи и так далее. Другими словами, алгоритм проходит по всем узлам на одном уровне (одной «ширине») перед тем, как перейти к следующему.

**Принцип работы:**
1. Сначала выбирается начальный узел и помещается в очередь.
2. Затем алгоритм извлекает узел из очереди и проверяет, является ли он целевым. Если да, то алгоритм завершает работу.
3. Если узел не является целевым, то алгоритм добавляет в очередь все его соседние узлы, которые ещё не были посещены.
4. Шаги 2–3 повторяются до тех пор, пока очередь не станет пустой или пока не будет достигнут целевой узел.

**Сложность:**
- Временная сложность алгоритма поиска в ширину зависит от структуры графа или дерева и количества узлов. В худшем случае, когда граф является полным, временная сложность будет O(n), где n — количество узлов в графе.

**Пример работы:**
Предположим, у нас есть граф с узлами A, B, C, D, E и F, и мы хотим найти кратчайший путь от узла A до узла F.

1. Начинаем с узла A и помещаем его в очередь.
2. Извлекаем узел A из очереди и добавляем в посещённые узлы.
3. Узел A имеет соседей B и C, добавляем их в очередь.
4. Извлекаем узел B из очереди и добавляем в посещённые узлы.
5. Узел B имеет соседей C и D, но узел C уже посещён, поэтому добавляем только D в очередь.
6. Извлекаем узел D из очереди и добавляем в посещённые узлы.
7. Узел D имеет соседа E, добавляем его в очередь.
8. Извлекаем узел E из очереди и добавляем в посещённые узлы.
9. Узел E имеет соседа F, добавляем его в посещённые узлы и алгоритм завершает работу, так как целевой узел F найден.

Путь от A до F: A → B → D → E → F.",2026-04-25T17:54:46,5.8792
a7c7f25d-7abf-414c-b1a0-5e7f99edc278,519da333-1c94-4dc2-b867-0bc18a281e8f,algorithm_explanation,Объяснение алгоритма,long,structured_text,0,1,computer_science_teacher,Ты преподаватель информатики.,,"Ограничения:
- Используй только стандартную библиотеку Python.
- При необходимости приведи короткий пример.","Объясни алгоритм {algorithm} простыми словами, затем укажи сложность и покажи небольшой пример работы.","{""algorithm"": ""бинарный поиск""}","Ты преподаватель информатики.

Объясни алгоритм бинарный поиск простыми словами, затем укажи сложность и покажи небольшой пример работы.

Ограничения:
- Используй только стандартную библиотеку Python.
- При необходимости приведи короткий пример.

Ответ должен быть подробным и структурированным.",yandexgpt-lite,latest,"**Алгоритм бинарного поиска**

Бинарный поиск — это эффективный алгоритм для нахождения элемента в отсортированном массиве. Он работает путём многократного деления массива пополам. Вот как это работает:

1. Отсортируйте массив (если он ещё не отсортирован).
2. Задайте начальные границы: левая граница (`left`) и правая граница (`right`), которые соответствуют началу и концу массива.
3. Пока левая граница не превышает правую границу, выполните следующие шаги:
    * Найдите средний элемент массива (`mid`), используя формулу: `mid = (left + right) // 2`.
    * Сравните средний элемент с искомым значением:
        * Если средний элемент равен искомому значению, поиск завершён.
        * Если средний элемент меньше искомого значения, передвиньте левую границу к `mid + 1`.
        * Если средний элемент больше искомого значения, передвиньте правую границу к `mid - 1`.
4. Если левая граница превышает правую границу, значит, искомого элемента в массиве нет.

**Сложность алгоритма**

Бинарный поиск имеет логарифмическую сложность по времени — $O(\log n)$, где $n$ — количество элементов в массиве. Это означает, что время поиска увеличивается логарифмически в зависимости от размера массива.

**Пример работы**

Рассмотрим пример работы бинарного поиска на массиве `[1, 3, 5, 7, 9]`, где мы ищем число `5`.

1. Инициализируем границы: `left = 0`, `right = 4` (индексы начала и конца массива).
2. Находим средний элемент: `mid = (0 + 4) // 2 = 2`, элемент по индексу 2 — это `5`.
3. Сравниваем средний элемент с искомым значением: `5 == 5`, найдено.

В этом примере бинарный поиск находит элемент за один шаг, так как массив маленький. Однако на больших массивах бинарный поиск значительно сокращает количество проверок по сравнению с линейным поиском.",2026-04-25T17:54:51,5.7147
b1729d57-8657-4980-9d1a-4ec74b2d147e,f8e5cc11-bb4f-44f5-8944-ec50930e1907,algorithm_explanation,Объяснение алгоритма,long,structured_text,1,0,none,,Объяснение требуется для учебного конспекта.,,"Объясни алгоритм {algorithm} простыми словами, затем укажи сложность и покажи небольшой пример работы.","{""algorithm"": ""поиск в ширину""}","Контекст: Объяснение требуется для учебного конспекта.

Объясни алгоритм поиск в ширину простыми словами, затем укажи сложность и покажи небольшой пример работы.

Ответ должен быть подробным и структурированным.",yandexgpt-lite,latest,"**Алгоритм поиска в ширину (BFS — Breadth-First Search)**

Алгоритм поиска в ширину используется для поиска пути от начальной вершины графа к конечной. Он работает путём последовательного просмотра всех вершин на каждом уровне графа, прежде чем перейти к следующему.

**Принцип работы:**

1. Начинаем с начальной вершины и добавляем её в очередь.
2. Берём первую вершину из очереди и проверяем, является ли она конечной. Если да, то путь найден.
3. Если нет, то добавляем все непосещённые соседние вершины в очередь.
4. Повторяем шаги 2–3, пока очередь не станет пустой или пока не будет найдена конечная вершина.

**Сложность:**

- Временная сложность алгоритма поиска в ширину составляет O(V + E), где V — количество вершин, а E — количество рёбер в графе. Это связано с тем, что каждая вершина и каждое ребро будет обработано не более одного раза.
- Пространственная сложность алгоритма составляет O(V), так как требуется хранить в памяти все вершины, которые находятся в очереди.

**Пример работы:**

Предположим, у нас есть граф с вершинами A, B, C, D, E и рёбрами AB, BC, CD, DE. Мы хотим найти путь от вершины A к вершине D.

1. Добавляем A в очередь.
2. Берём A из очереди и добавляем его соседей B и C в очередь.
3. Берём B из очереди и добавляем его соседа C в очередь.
4. Берём C из очереди и добавляем его соседа D в очередь.
5. Берём D из очереди. Это конечная вершина, путь найден: A → B → C → D.

Таким образом, алгоритм поиска в ширину позволяет найти кратчайший путь от начальной вершины к конечной, если такой путь существует.",2026-04-25T17:54:56,4.7649
a750f4b6-3159-41fa-927b-7217aba7d964,22c30451-a262-4d2a-b010-f721956e0025,algorithm_explanation,Объяснение алгоритма,long,structured_text,1,0,python_developer,Ты Python-разработчик.,"Нужно краткое, но понятное объяснение для технического собеседования.",,"Объясни алгоритм {algorithm} простыми словами, затем укажи сложность и покажи небольшой пример работы.","{""algorithm"": ""алгоритм Дейкстры""}","Ты Python-разработчик.

Контекст: Нужно краткое, но понятное объяснение для технического собеседования.

Объясни алгоритм алгоритм Дейкстры простыми словами, затем укажи сложность и покажи небольшой пример работы.

Ответ должен быть подробным и структурированным.",yandexgpt-lite,latest,"**Алгоритм Дейкстры** — это алгоритм для нахождения кратчайших путей от одной вершины графа до всех остальных. Он работает на основе принципа постепенного раскрытия графа, начиная с начальной вершины.

**Принцип работы алгоритма:**

1. Инициализируем начальную вершину с расстоянием 0, а все остальные вершины — с бесконечностью.
2. Выберем вершину с наименьшим расстоянием, которая ещё не была рассмотрена.
3. Для каждой соседней вершины вычислим новое расстояние как сумму расстояния до текущей вершины и веса ребра между ними.
4. Если новое расстояние меньше текущего, обновляем его.
5. Повторяем шаги 2–4 до тех пор, пока все вершины не будут рассмотрены.

**Сложность алгоритма:**
- Временная сложность алгоритма Дейкстры составляет $O(V^2)$ для представления графа в виде матрицы смежности и $O((V+E) \log V)$ для представления графа в виде списка смежности, где $V$ — количество вершин, а $E$ — количество рёбер.

**Пример работы алгоритма:**

Предположим, у нас есть граф с вершинами A, B, C и D, и весами рёбер:
- A — B: 1
- A — C: 4
- B — C: 2
- B — D: 5
- C — D: 1

Инициализируем расстояния:
- A: 0
- B: ∞
- C: ∞
- D: ∞

Выбираем A (расстояние 0). Обновляем расстояния до соседних вершин:
- B: 1
- C: 4

Выбираем B (расстояние 1). Обновляем расстояния до соседних вершин:
- C: 3 (1 + 2)
- D: 6 (1 + 5)

Выбираем C (расстояние 3). Обновляем расстояние до D:
- D: 4 (3 + 1)

Теперь все вершины рассмотрены, и мы получили кратчайшие расстояния от A до всех остальных вершин:
- A — B: 1
- A — C: 3
- A — D: 4",2026-04-25T17:55:02,5.9274
a3aed78b-0ccf-4c51-afee-cd88924c9131,b8bca6f0-79b4-4b73-a379-bfb77f6375bb,algorithm_explanation,Объяснение алгоритма,long,structured_text,1,0,qa_engineer,Ты QA-инженер.,"Объяснение нужно студенту, который только изучает алгоритмы.",,"Объясни алгоритм {algorithm} простыми словами, затем укажи сложность и покажи небольшой пример работы.","{""algorithm"": ""алгоритм Кнута — Морриса — Пратта""}","Ты QA-инженер.

Контекст: Объяснение нужно студенту, который только изучает алгоритмы.

Объясни алгоритм алгоритм Кнута — Морриса — Пратта простыми словами, затем укажи сложность и покажи небольшой пример работы.

Ответ должен быть подробным и структурированным.",yandexgpt-lite,latest,"**Алгоритм Кнута — Морриса — Пратта (КМП)** предназначен для поиска вхождения одной строки (образца) в другую строку. Он позволяет находить все позиции, на которых образец встречается в тексте, за линейное время, то есть время выполнения алгоритма зависит линейно от длины текста и длины образца.

### Принцип работы алгоритма КМП

1. **Предварительная обработка образца:** алгоритм строит префикс-функцию для образца. Префикс-функция для строки $S$ — это массив $\pi$, где $\pi[i]$ — это длина наибольшего собственного префикса строки $S[0:i]$, который также является суффиксом этой строки.

2. **Поиск вхождения:** при поиске вхождения образца в текст алгоритм использует значения префикс-функции, чтобы не проверять уже известные совпадения и несовпадения.

### Пример работы алгоритма

Предположим, у нас есть текст $T =$ «ababcab» и образец $P =$ «ababc».

1. **Построение префикс-функции для образца $P$:**
   - $\pi[0] = 0$ (префиксов длины 1 нет).
   - $\pi[1] = 1$ (префикс «a» совпадает с первым символом).
   - $\pi[2] = 2$ (префиксы «ab» совпадают с первыми двумя символами).
   - $\pi[3] = 3$ (префиксы «aba» совпадают с первыми тремя символами).
   - $\pi[4] = 0$ (следующий символ не совпадает ни с одним из предыдущих префиксов).
   - $\pi[5] = 1$ (префикс «ab» совпадает с первым символом после предыдущего совпадения).

   Таким образом, префикс-функция для образца $P$ будет: $\pi = [0, 1, 2, 3, 0, 1]$.

2. **Поиск вхождения:**
   - Сравниваем символы текста и образца по очереди.
   - Если символы совпадают, переходим к следующему символу.
   - Если символы не совпадают, используем значение префикс-функции, чтобы «сдвинуть» образец на нужное количество позиций.

   В данном случае образец $P$ встречается в тексте $T$ на позициях 0 и 4.

### Сложность алгоритма

Алгоритм КМП имеет линейную сложность $O(n + m)$, где $n$ — длина текста, а $m$ — длина образца. Это означает, что время выполнения алгоритма зависит линейно от суммы длин текста и образца.",2026-04-25T17:55:09,6.8487
dc7beaa0-0da5-4ecf-85db-55c5d864b682,f00c2b38-a293-48f3-9c8d-24dcad2346ef,algorithm_explanation,Объяснение алгоритма,long,structured_text,1,0,computer_science_teacher,Ты преподаватель информатики.,Объяснение требуется для учебного конспекта.,,"Подробно объясни алгоритм {algorithm}, опиши его принцип работы, временную сложность и приведи короткий пример.","{""algorithm"": ""алгоритм Дейкстры""}","Ты преподаватель информатики.

Контекст: Объяснение требуется для учебного конспекта.

Подробно объясни алгоритм алгоритм Дейкстры, опиши его принцип работы, временную сложность и приведи короткий пример.

Ответ должен быть подробным и структурированным.",yandexgpt-lite,latest,"**Алгоритм Дейкстры** — это алгоритм поиска кратчайшего пути в графе, который работает для графов с неотрицательными весами рёбер. Он был разработан нидерландским учёным Эдсгером Вибе Дейкстрой в 1959 году.

### Принцип работы

1. **Инициализация**:
   - Выбирается исходная вершина \( s \).
   - Всем вершинам графа присваивается значение бесконечности (обозначается как \( \infty \)) для расстояний, кроме исходной вершины \( s \), которой присваивается расстояние 0.
   - Создаётся очередь с приоритетом (например, минимальная куча), в которой хранятся все вершины графа.

2. **Основной цикл**:
   - Из очереди с приоритетом извлекается вершина \( u \) с наименьшим текущим расстоянием.
   - Для каждой соседней вершины \( v \) вершины \( u \) вычисляется новое расстояние \( d(u, v) + w(u, v) \), где \( d(u, v) \) — текущее расстояние до вершины \( u \), а \( w(u, v) \) — вес ребра между \( u \) и \( v \).
   - Если новое расстояние меньше текущего расстояния до вершины \( v \), то оно обновляется, и вершина \( v \) добавляется в очередь с приоритетом.
   - Вершина \( u \) удаляется из очереди с приоритетом после обработки всех её соседей.

3. **Завершение**:
   - Когда очередь с приоритетом становится пустой, все вершины обработаны, и кратчайшие расстояния до всех вершин известны.

### Временная сложность

Временная сложность алгоритма Дейкстры составляет \( O(n^2) \) для плотных графов (где \( n \) — количество вершин) и \( O(m \log n) \) для разреженных графов (где \( m \) — количество рёбер).

### Пример

Рассмотрим граф с пятью вершинами \( A, B, C, D, E \) и весами рёбер:
- \( A \) → \( B \): 1
- \( A \) → \( C \): 4
- \( B \) → \( C \): 2
- \( B \) → \( D \): 5
- \( C \) → \( D \): 1
- \( C \) → \( E \): 3

Начальные расстояния:
- \( d(A) = 0 \)
- \( d(B) = \infty \)
- \( d(C) = \infty \)
- \( d(D) = \infty \)
- \( d(E) = \infty \)

Итерация 1:
- Извлекаем \( A \), обновляем расстояния:
  - \( d(B) = 1 \)
  - \( d(C) = 4 \)

Итерация 2:
- Извлекаем \( B \), обновляем расстояния:
  - \( d(C) = 3 \) (обновляется с 4 до 3)
  - \( d(D) = 6 \)

Итерация 3:
- Извлекаем \( C \), обновляем расстояния:
  - \( d(D) = 4 \) (обновляется с 6 до 4)
  - \( d(E) = 7 \)

Итерация 4:
- Извлекаем \( D \), но расстояний для обновления нет.

В результате получаем кратчайшие расстояния:
- \( d(A) = 0 \)
- \( d(B) = 1 \)
- \( d(C) = 3 \)
- \( d(D) = 4 \)
- \( d(E) = 7 \)",2026-04-25T17:55:20,10.999
d8d9c81c-9de4-4b4b-ba8e-cda97d8ddd8d,75defaf5-1050-4619-bb86-0ad9571834e3,algorithm_explanation,Объяснение алгоритма,long,structured_text,1,1,none,,"Объяснение нужно студенту, который только изучает алгоритмы.","Ограничения:
- Не используй внешние зависимости.
- При необходимости приведи короткий пример.","Объясни алгоритм {algorithm} простыми словами, затем укажи сложность и покажи небольшой пример работы.","{""algorithm"": ""поиск в глубину""}","Контекст: Объяснение нужно студенту, который только изучает алгоритмы.

Объясни алгоритм поиск в глубину простыми словами, затем укажи сложность и покажи небольшой пример работы.

Ограничения:
- Не используй внешние зависимости.
- При необходимости приведи короткий пример.

Ответ должен быть подробным и структурированным.",yandexgpt-lite,latest,"**Алгоритм поиска в глубину (Depth-First Search, DFS)**

Алгоритм поиска в глубину используется для обхода или поиска узлов в графе. Основная идея заключается в том, чтобы идти «вглубь» по графу, насколько это возможно, прежде чем вернуться назад.

**Принцип работы:**

1. Выберите начальную вершину.
2. Посетите её (например, отметьте как посещённую).
3. Перейдите к любой непосещённой вершине, смежной с текущей (то есть соединённой с ней ребром).
4. Повторите шаги 2–3 для новой вершины.
5. Если нет непосещённых вершин, к которым можно перейти, вернитесь назад к предыдущей вершине и повторите шаги 2–3.
6. Продолжайте, пока все вершины не будут посещены.

**Сложность алгоритма**

- Временная сложность: $O(V + E)$, где $V$ — количество вершин, а $E$ — количество рёбер в графе. Это связано с тем, что алгоритм посещает каждую вершину и каждое ребро по одному разу.
- Пространственная сложность: $O(V)$ для стека, который используется для хранения посещённых вершин.

**Пример работы алгоритма**

Предположим, у нас есть граф с вершинами A, B, C, D и рёбрами AB, BC, CD.

1. Начинаем с вершины A.
2. Посещаем A.
3. Переходим к B (смежной с A).
4. Посещаем B.
5. Переходим к C (смежной с B).
6. Посещаем C.
7. Нет непосещённых вершин, смежных с C, поэтому возвращаемся к B.
8. Переходим к D (смежной с C).
9. Посещаем D.

Все вершины посещены. Порядок посещения: A → B → C → D.",2026-04-25T17:55:25,4.8932
5115bb31-1830-4863-ae79-3a7dfd3f1f3f,0e511ae3-80f0-414c-91a4-f809e2fb94f3,algorithm_explanation,Объяснение алгоритма,long,structured_text,1,1,python_developer,Ты Python-разработчик.,"Объяснение нужно студенту, который только изучает алгоритмы.","Ограничения:
- Ответ должен быть понятен начинающему специалисту.
- Укажи временную сложность алгоритма.","Подробно объясни алгоритм {algorithm}, опиши его принцип работы, временную сложность и приведи короткий пример.","{""algorithm"": ""алгоритм Дейкстры""}","Ты Python-разработчик.

Контекст: Объяснение нужно студенту, который только изучает алгоритмы.

Подробно объясни алгоритм алгоритм Дейкстры, опиши его принцип работы, временную сложность и приведи короткий пример.

Ограничения:
- Ответ должен быть понятен начинающему специалисту.
- Укажи временную сложность алгоритма.

Ответ должен быть подробным и структурированным.",yandexgpt-lite,latest,"**Алгоритм Дейкстры** — это алгоритм для нахождения кратчайших путей от одной вершины графа до всех остальных. Он широко используется в навигации, логистике и других областях, где требуется найти кратчайший путь между двумя точками.

### Принцип работы

1. **Инициализация:**
   - Выбираем начальную вершину \( S \) и присваиваем ей вес 0.
   - Всем остальным вершинам присваиваем вес бесконечности (если они недостижимы из \( S \)) или другой большой вес, который будет означать, что мы ещё не знаем кратчайший путь до них.
   - Помечаем все вершины как непосещённые.

2. **Основной цикл:**
   - Выберем вершину \( U \) с наименьшим весом среди непосещённых вершин.
   - Для каждой соседней вершины \( V \) вершины \( U \):
     - Рассчитываем вес пути до \( V \) через \( U \) (сумма веса до \( U \) и веса ребра \( U \)–\( V \)).
     - Если этот вес меньше, чем текущий вес вершины \( V \), обновляем вес вершины \( V \) и запоминаем, что путь до неё идёт через \( U \).
   - Помечаем вершину \( U \) как посещённую.

3. **Повторение:**
   - Повторяем шаги 2 до тех пор, пока все вершины не будут помечены как посещённые.

### Временная сложность

Временная сложность алгоритма Дейкстры составляет \( O(n^2) \) для графа, представленного в виде матрицы смежности, где \( n \) — количество вершин в графе. Это связано с тем, что алгоритм выполняет \( n \) итераций основного цикла, и на каждой итерации проверяет все рёбра, выходящие из текущей вершины.

### Пример

Рассмотрим граф с вершинами \( A, B, C, D \) и рёбрами \( A \)–\( B \) (вес 1), \( A \)–\( C \) (вес 4), \( B \)–\( C \) (вес 2), \( B \)–\( D \) (вес 5), \( C \)–\( D \) (вес 1).

1. Инициализация:
   - \( A = 0 \), \( B = \infty \), \( C = \infty \), \( D = \infty \).

2. Основной цикл:
   - Выбираем \( A \) (вес 0).
   - Обновляем веса: \( B = 1 \), \( C = 4 \).
   - Выбираем \( B \) (вес 1).
   - Обновляем веса: \( C = 3 \), \( D = 6 \).
   - Выбираем \( C \) (вес 3).
   - Обновляем вес \( D = 4 \).

3. Результат:
   - Кратчайшие пути: \( A \)–\( B \) (вес 1), \( A \)–\( C \) (вес 4), \( A \)–\( B \)–\( C \) (вес 3), \( A \)–\( B \)–\( D \) (вес 6), \( A \)–\( C \)–\( D \) (вес 4).",2026-04-25T17:55:34,9.0166
a063ad33-9219-4883-af0e-4f69fb8d163b,a880d568-6c08-4966-8368-ecab04a526f8,algorithm_explanation,Объяснение алгоритма,long,structured_text,1,1,qa_engineer,Ты QA-инженер.,"Объяснение нужно студенту, который только изучает алгоритмы.","Ограничения:
- Используй только стандартную библиотеку Python.
- Укажи временную сложность алгоритма.","Подробно объясни алгоритм {algorithm}, опиши его принцип работы, временную сложность и приведи короткий пример.","{""algorithm"": ""быстрая сортировка""}","Ты QA-инженер.

Контекст: Объяснение нужно студенту, который только изучает алгоритмы.

Подробно объясни алгоритм быстрая сортировка, опиши его принцип работы, временную сложность и приведи короткий пример.

Ограничения:
- Используй только стандартную библиотеку Python.
- Укажи временную сложность алгоритма.

Ответ должен быть подробным и структурированным.",yandexgpt-lite,latest,"**Алгоритм быстрой сортировки (Quick Sort)**

**Принцип работы**

Быстрая сортировка — это эффективный алгоритм сортировки, который использует принцип «разделяй и властвуй». Основная идея заключается в следующем:

1. Выбирается опорный элемент из массива (часто используется первый или последний элемент).
2. Все остальные элементы массива сравниваются с опорным.
3. Элементы, меньшие опорного, перемещаются в левую часть массива, а большие или равные — в правую.
4. Для левой и правой частей массива шаги 1–3 повторяются рекурсивно, пока массив не будет полностью отсортирован.

**Пример работы алгоритма**

Рассмотрим пример на массиве `[6, 1, 4, 2, 3, 5]`.

1. Выберем первый элемент `6` в качестве опорного.
2. Переставим элементы: `[1, 4, 2, 3, 5, 6]`.
3. Теперь разделим массив на две части: `[1, 2, 3, 4]` и `[5, 6]`.
4. Применим алгоритм к каждой из частей:
   - Для `[1, 2, 3, 4]`:
     - Выберем `1` в качестве опорного.
     - Переставим элементы: `[1, 2, 3, 4]`.
     - Разделим на `[1, 2]` и `[3, 4]`.
     - Применим алгоритм: `[1, 2]` уже отсортировано, `[3, 4]` — `[3, 4]`.
   - Для `[5, 6]`:
     - Опорный элемент `5`.
     - Перестановка не требуется, так как массив уже отсортирован.

5. Объединим отсортированные части: `[1, 2, 3, 4, 5, 6]`.

**Временная сложность**

Временная сложность быстрой сортировки в среднем составляет $O(n \log n)$, где $n$ — количество элементов в массиве. В худшем случае временная сложность может достигать $O(n^2)$, например, когда массив уже отсортирован или все элементы равны.

**Пример реализации на Python**

```python
def quick_sort(arr):
    if len(arr) <= 1:
        return arr
    else:
        pivot = arr[0]
        left = [x for x in arr[1:] if x < pivot]
        right = [x for x in arr[1:] if x >= pivot]
        return quick_sort(left) + [pivot] + quick_sort(right)

# Пример использования
array = [6, 1, 4, 2, 3, 5]
sorted_array = quick_sort(array)
print(sorted_array)  # Output: [1, 2, 3, 4, 5, 6]
```",2026-04-25T17:55:41,7.4611
1a090748-e94e-4ccc-8010-e67ea0439c25,f875cd02-e494-4404-918c-2ce22c40b1d5,algorithm_explanation,Объяснение алгоритма,long,structured_text,1,1,computer_science_teacher,Ты преподаватель информатики.,"Нужно краткое, но понятное объяснение для технического собеседования.","Ограничения:
- Ответ должен быть понятен начинающему специалисту.
- Укажи временную сложность алгоритма.","Подробно объясни алгоритм {algorithm}, опиши его принцип работы, временную сложность и приведи короткий пример.","{""algorithm"": ""поиск в ширину""}","Ты преподаватель информатики.

Контекст: Нужно краткое, но понятное объяснение для технического собеседования.

Подробно объясни алгоритм поиск в ширину, опиши его принцип работы, временную сложность и приведи короткий пример.

Ограничения:
- Ответ должен быть понятен начинающему специалисту.
- Укажи временную сложность алгоритма.

Ответ должен быть подробным и структурированным.",yandexgpt-lite,latest,"**Алгоритм поиска в ширину (BFS — Breadth-First Search)**

**Принцип работы**

Поиск в ширину — это метод обхода графа или дерева, который проходит все узлы на одном уровне перед переходом к следующему. Основная идея заключается в том, что алгоритм сначала исследует все узлы, находящиеся на одинаковом расстоянии от начальной точки, прежде чем перейти к исследованию узлов на следующем уровне.

**Шаги алгоритма:**
1. Инициализация: помещаем начальную вершину в очередь.
2. Пока очередь не пуста:
   - извлекаем вершину из очереди;
   - исследуем её (например, проверяем, является ли она целевой вершиной);
   - добавляем все непосещённые соседние вершины в очередь.
3. Если целевая вершина найдена, алгоритм завершает работу. Если очередь опустела, а целевая вершина не найдена, то путь до неё не существует.

**Временная сложность**

Временная сложность алгоритма поиска в ширину составляет $O(V + E)$, где $V$ — количество вершин, а $E$ — количество рёбер в графе. Это связано с тем, что алгоритм посещает каждую вершину и каждое ребро ровно один раз.

**Пример**

Предположим, у нас есть граф с вершинами $A, B, C, D, E$ и рёбрами $AB, BC, CD, DE$. Если мы хотим найти кратчайший путь от $A$ до $E$, мы можем использовать поиск в ширину.

1. Помещаем $A$ в очередь.
2. Извлекаем $A$ из очереди и добавляем $B$ и $C$ в очередь.
3. Извлекаем $B$ из очереди и добавляем $C$ (уже там) и $D$ в очередь.
4. Извлекаем $C$ из очереди, но у него нет непосещённых соседей.
5. Извлекаем $D$ из очереди и добавляем $E$ в очередь.
6. Извлекаем $E$ из очереди. Путь найден: $A → B → C → D → E$.

Этот пример демонстрирует, как алгоритм последовательно исследует все вершины на каждом уровне, пока не достигнет цели.",2026-04-25T17:55:47,5.5422
1b60975c-78b3-4317-8589-651d99f7c05b,505bb67b-a42c-4a59-a87d-6f870a2904ff,testing,Тестирование,short,test_cases,0,0,none,,,,"Составь тест-кейсы для функции:
{code}","{""code"": ""def get_first_item(items):\n    return items[0]""}","Составь тест-кейсы для функции:
def get_first_item(items):
 return items[0]

Ответ должен быть кратким.",yandexgpt-lite,latest,"1. Тест-кейс с пустым списком:
   - `items = []`
   - Ожидаемый результат: `IndexError`

2. Тест-кейс со списком из одного элемента:
   - `items = [1]`
   - Ожидаемый результат: `1`

3. Тест-кейс со списком из нескольких элементов:
   - `items = [1, 2, 3]`
   - Ожидаемый результат: `1`

4. Тест-кейс со списком из смешанных типов:
   - `items = [1, 'string', 3.14]`
   - Ожидаемый результат: `1`",2026-04-25T17:55:49,2.2103
f1b5d248-911f-4a36-b74f-8bf03ed2fe88,425b7da0-7666-43c6-ad04-4fb99de9623b,testing,Тестирование,short,test_cases,0,0,python_developer,Ты Python-разработчик.,,,"Составь тест-кейсы для функции:
{code}","{""code"": ""def divide(a, b):\n    return a / b""}","Ты Python-разработчик.

Составь тест-кейсы для функции:
def divide(a, b):
 return a / b

Ответ должен быть кратким.",yandexgpt-lite,latest,"```
# Тест-кейсы для функции divide(a, b)

test_cases = [
    (10, 2, 5),
    (15, 3, 5),
    (20, 4, 5),
    (0, 1, 0),
    (10, 0, ""Ошибка: деление на ноль""),
    (-10, 2, -5),
    (10, -2, -5)
]
```",2026-04-25T17:55:51,1.8814
6bfe4d3a-bf60-4910-8899-bab954e9d108,2347e5f9-e817-47db-a712-8360d8cd6a27,testing,Тестирование,short,tests,0,0,qa_engineer,Ты QA-инженер.,,,"Напиши тесты для следующего кода:
{code}","{""code"": ""def is_even(n):\n    return n % 2 == 0""}","Ты QA-инженер.

Напиши тесты для следующего кода:
def is_even(n):
 return n % 2 == 0

Ответ должен быть кратким.",yandexgpt-lite,latest,"```
# Тест для чётного числа
assert is_even(2) == True

# Тест для нечётного числа
assert is_even(3) == False

# Тест для нуля
assert is_even(0) == True
```",2026-04-25T17:55:52,1.3734
71b89a5a-6969-4768-afcb-d51c0ca4d1c0,85a1a50a-5472-421a-8d82-58e54ca59544,testing,Тестирование,short,tests,0,0,computer_science_teacher,Ты преподаватель информатики.,,,"Напиши тесты для следующего кода:
{code}","{""code"": ""def get_first_item(items):\n    return items[0]""}","Ты преподаватель информатики.

Напиши тесты для следующего кода:
def get_first_item(items):
 return items[0]

Ответ должен быть кратким.",yandexgpt-lite,latest,"```
def test_get_first_item():
    assert get_first_item([1, 2, 3]) == 1
    assert get_first_item(['a', 'b', 'c']) == 'a'
    assert get_first_item([]) == None

if __name__ == '__main__':
    test_get_first_item()
```",2026-04-25T17:55:54,1.7488
7b470cd2-9cb4-407b-a0b8-461696c5a762,dda99048-6759-47e0-b0a1-5cd023a490d1,testing,Тестирование,short,tests,0,1,none,,,"Ограничения:
- Не используй внешние зависимости.
- Добавь хотя бы один граничный случай.","Напиши тесты для следующего кода:
{code}","{""code"": ""def divide(a, b):\n    return a / b""}","Напиши тесты для следующего кода:
def divide(a, b):
 return a / b

Ограничения:
- Не используй внешние зависимости.
- Добавь хотя бы один граничный случай.

Ответ должен быть кратким.",yandexgpt-lite,latest,"```
import unittest

def divide(a, b):
    return a / b

class TestDivide(unittest.TestCase):
    def test_normal_division(self):
        self.assertEqual(divide(10, 2), 5)

    def test_zero_denominator(self):
        self.assertRaises(ZeroDivisionError, divide, 10, 0)

    def test_negative_numbers(self):
        self.assertEqual(divide(-10, 2), -5)

    def test_decimal_values(self):
        self.assertEqual(divide(10.5, 2), 5.25)

if __name__ == '__main__':
    unittest.main()
```",2026-04-25T17:55:57,2.808
ce35c61b-7d1c-4332-bf2d-7cd23a1fc048,c12bfecb-be40-431d-a520-e1090b7ac81d,testing,Тестирование,short,tests,0,1,python_developer,Ты Python-разработчик.,,"Ограничения:
- Используй только стандартную библиотеку Python.
- Раздели тесты на позитивные и негативные.","Напиши тесты для следующего кода:
{code}","{""code"": ""def merge_dicts(a, b):\n    result = a.copy()\n    result.update(b)\n    return result""}","Ты Python-разработчик.

Напиши тесты для следующего кода:
def merge_dicts(a, b):
 result = a.copy()
 result.update(b)
 return result

Ограничения:
- Используй только стандартную библиотеку Python.
- Раздели тесты на позитивные и негативные.

Ответ должен быть кратким.",yandexgpt-lite,latest,"```
import unittest

def merge_dicts(a, b):
    result = a.copy()
    result.update(b)
    return result

class TestMergeDicts(unittest.TestCase):

    def test_positive(self):
        a = {'a': 1, 'b': 2}
        b = {'b': 3, 'c': 4}
        expected = {'a': 1, 'b': 3, 'c': 4}
        self.assertEqual(merge_dicts(a, b), expected)

    def test_empty_dict(self):
        a = {}
        b = {'x': 10}
        expected = {'x': 10}
        self.assertEqual(merge_dicts(a, b), expected)

    def test_negative_key_exists_in_both(self):
        a = {'a': 1}
        b = {'a': 2}
        expected = {'a': 2}
        self.assertEqual(merge_dicts(a, b), expected)

    def test_none_as_argument(self):
        a = {'a': 1}
        with self.assertRaises(TypeError):
            merge_dicts(a, None)

    def test_non_dict_argument(self):
        a = {'a': 1}
        with self.assertRaises(TypeError):
            merge_dicts(a, ""not a dict"")

if __name__ == '__main__':
    unittest.main()
```",2026-04-25T17:56:02,4.7181
c1462c81-9dcc-4a25-b7d3-86e0085019a0,c24f8e89-e4f5-47e8-a118-a82dada94679,testing,Тестирование,short,test_cases,0,1,qa_engineer,Ты QA-инженер.,,"Ограничения:
- Ответ должен быть понятен начинающему специалисту.
- Добавь хотя бы один граничный случай.","Составь тест-кейсы для функции:
{code}","{""code"": ""def divide(a, b):\n    return a / b""}","Ты QA-инженер.

Составь тест-кейсы для функции:
def divide(a, b):
 return a / b

Ограничения:
- Ответ должен быть понятен начинающему специалисту.
- Добавь хотя бы один граничный случай.

Ответ должен быть кратким.",yandexgpt-lite,latest,"**Тест-кейс 1:**

* Входные данные: `a = 10`, `b = 2`.
* Ожидаемый результат: `5`.

**Тест-кейс 2:**

* Входные данные: `a = 1`, `b = 1`.
* Ожидаемый результат: `1`.

**Тест-кейс 3:**

* Входные данные: `a = 0`, `b = 1`.
* Ожидаемый результат: `0`.

**Тест-кейс 4:**

* Входные данные: `a = 10`, `b = -2`.
* Ожидаемый результат: `-5`.

**Тест-кейс 5:**

* Входные данные: `a = 1`, `b = -1`.
* Ожидаемый результат: `-1`.

**Тест-кейс 6:**

* Входные данные: `a = 1`, `b = 0`.
* Ожидаемый результат: ошибка (деление на ноль).",2026-04-25T17:56:05,3.1702
72892825-9c13-46e1-b89d-8612b91cbd97,cf489f4f-60c4-4553-a4c1-91afdef8e73d,testing,Тестирование,short,test_cases,0,1,computer_science_teacher,Ты преподаватель информатики.,,"Ограничения:
- Не используй внешние зависимости.
- Добавь хотя бы один граничный случай.","Составь тест-кейсы для функции:
{code}","{""code"": ""def merge_dicts(a, b):\n    result = a.copy()\n    result.update(b)\n    return result""}","Ты преподаватель информатики.

Составь тест-кейсы для функции:
def merge_dicts(a, b):
 result = a.copy()
 result.update(b)
 return result

Ограничения:
- Не используй внешние зависимости.
- Добавь хотя бы один граничный случай.

Ответ должен быть кратким.",yandexgpt-lite,latest,"1. `a = {""x"": 1}` `b = {""y"": 2}` — проверка объединения двух словарей.
2. `a = {}` `b = {""x"": 1}` — проверка работы функции при пустом первом словаре.
3. `a = {""x"": 1}` `b = {}` — проверка работы функции при пустом втором словаре.
4. `a = {""x"": 1, ""y"": 2}` `b = {""y"": 3, ""z"": 4}` — проверка перезаписи ключей при конфликте.",2026-04-25T17:56:07,1.9314
580760a1-416f-4254-9241-4bda6a7b7031,eb56add1-a0c7-4bbb-9301-dc692beb1356,testing,Тестирование,short,test_cases,1,0,none,,Нужно подготовить проверку для небольшой функции.,,"Составь тест-кейсы для функции:
{code}","{""code"": ""def divide(a, b):\n    return a / b""}","Контекст: Нужно подготовить проверку для небольшой функции.

Составь тест-кейсы для функции:
def divide(a, b):
 return a / b

Ответ должен быть кратким.",yandexgpt-lite,latest,"1. Тест-кейс 1: `divide(10, 2)` — ожидаемый результат: `5`.
2. Тест-кейс 2: `divide(15, 3)` — ожидаемый результат: `5`.
3. Тест-кейс 3: `divide(8, 4)` — ожидаемый результат: `2`.
4. Тест-кейс 4: `divide(20, 5)` — ожидаемый результат: `4`.
5. Тест-кейс 5: `divide(10, 0)` — ожидаемый результат: `ZeroDivisionError`.
6. Тест-кейс 6: `divide(-10, 2)` — ожидаемый результат: `-5`.",2026-04-25T17:56:09,2.5998
28f77625-97f0-4121-91e3-6f3f51c3893e,df1965a4-5d5a-40ff-9a02-3b27c557e9f2,testing,Тестирование,short,test_cases,1,0,python_developer,Ты Python-разработчик.,Нужно подготовить проверку для небольшой функции.,,"Составь тест-кейсы для функции:
{code}","{""code"": ""def get_first_item(items):\n    return items[0]""}","Ты Python-разработчик.

Контекст: Нужно подготовить проверку для небольшой функции.

Составь тест-кейсы для функции:
def get_first_item(items):
 return items[0]

Ответ должен быть кратким.",yandexgpt-lite,latest,"```
test_cases = [
    {'input': ['a', 'b', 'c'], 'expected': 'a'},
    {'input': [1, 2, 3], 'expected': 1},
    {'input': [True, False], 'expected': True},
    {'input': [], 'expected': None}  # Проверка на пустой список
```",2026-04-25T17:56:11,1.5937
1ec7a0a1-1dc6-4d4c-9ab5-84ea51855f10,bab6077d-5c91-4687-ba12-0b2387873f8a,testing,Тестирование,short,tests,1,0,qa_engineer,Ты QA-инженер.,Это учебная задача по тестированию.,,"Напиши тесты для следующего кода:
{code}","{""code"": ""def normalize_name(name):\n    return name.strip().title()""}","Ты QA-инженер.

Контекст: Это учебная задача по тестированию.

Напиши тесты для следующего кода:
def normalize_name(name):
 return name.strip().title()

Ответ должен быть кратким.",yandexgpt-lite,latest,"```
# Тест 1: проверка на пустую строку
assert normalize_name("""") == """"

# Тест 2: проверка на строку с пробелами
assert normalize_name("" john doe "") == ""John Doe""

# Тест 3: проверка на строку с заглавной буквы
assert normalize_name(""John Doe"") == ""John Doe""

# Тест 4: проверка на строку с маленькой буквы
assert normalize_name(""john doe"") == ""John Doe""

# Тест 5: проверка на строку с цифрами и специальными символами
assert normalize_name(""john123!doe"") == ""John Doe""
```",2026-04-25T17:56:13,2.2076
eebde5e2-cf94-4776-a6af-c8cf51f6d064,2750f2ca-8ea5-41ef-9a45-ccc1e02e9f2a,testing,Тестирование,short,test_cases,1,0,computer_science_teacher,Ты преподаватель информатики.,Нужно подготовить проверку для небольшой функции.,,"Составь тест-кейсы для функции:
{code}","{""code"": ""def divide(a, b):\n    return a / b""}","Ты преподаватель информатики.

Контекст: Нужно подготовить проверку для небольшой функции.

Составь тест-кейсы для функции:
def divide(a, b):
 return a / b

Ответ должен быть кратким.",yandexgpt-lite,latest,"1. `divide(10, 2)` — ожидаемый результат: `5`.
2. `divide(15, 3)` — ожидаемый результат: `5`.
3. `divide(0, 1)` — ожидаемый результат: `0`.
4. `divide(8, -2)` — ожидаемый результат: `-4`.
5. `divide(4.5, 1.5)` — ожидаемый результат: `3.0`.",2026-04-25T17:56:15,1.9566
edaebd49-937d-440e-8910-2d5f06e31140,83ad1f3e-6cc8-42b9-8693-24a14611633a,testing,Тестирование,short,test_cases,1,1,none,,Это учебная задача по тестированию.,"Ограничения:
- Не используй внешние зависимости.
- Добавь хотя бы один граничный случай.","Составь тест-кейсы для функции:
{code}","{""code"": ""def is_even(n):\n    return n % 2 == 0""}","Контекст: Это учебная задача по тестированию.

Составь тест-кейсы для функции:
def is_even(n):
 return n % 2 == 0

Ограничения:
- Не используй внешние зависимости.
- Добавь хотя бы один граничный случай.

Ответ должен быть кратким.",yandexgpt-lite,latest,"1. Тест-кейс: `is_even(2)` — ожидаемый результат: `True`.
2. Тест-кейс: `is_even(3)` — ожидаемый результат: `False`.
3. Тест-кейс: `is_even(-4)` — ожидаемый результат: `True`.",2026-04-25T17:56:16,1.4231
429a9317-133c-46b5-85b7-154b95cc7c47,57337ea3-b811-43fb-8f07-03ba7e08ceaa,testing,Тестирование,short,test_cases,1,1,python_developer,Ты Python-разработчик.,Речь идёт о модуле на Python.,"Ограничения:
- Ответ должен быть понятен начинающему специалисту.
- Раздели тесты на позитивные и негативные.","Составь тест-кейсы для функции:
{code}","{""code"": ""def normalize_name(name):\n    return name.strip().title()""}","Ты Python-разработчик.

Контекст: Речь идёт о модуле на Python.

Составь тест-кейсы для функции:
def normalize_name(name):
 return name.strip().title()

Ограничения:
- Ответ должен быть понятен начинающему специалисту.
- Раздели тесты на позитивные и негативные.

Ответ должен быть кратким.",yandexgpt-lite,latest,"### Позитивные тест-кейсы:
1. `normalize_name("" hello world "")` — ожидаемый результат: «Hello World».
2. `normalize_name(""john doe"")` — ожидаемый результат: «John Doe».
3. `normalize_name(""Alice"")` — ожидаемый результат: «Alice».

### Негативные тест-кейсы:
1. `normalize_name(None)` — ожидаемый результат: `ValueError` (проверка на None).
2. `normalize_name(""  "")` — ожидаемый результат: «» (проверка на пустую строку).
3. `normalize_name(""123abc"")` — ожидаемый результат: «123abc» (проверка на отсутствие заглавных букв).",2026-04-25T17:56:19,2.3701
be9d215b-64c6-4497-89cd-89d54f60b262,5d32777b-daeb-4b43-9b4d-ece863bf74aa,testing,Тестирование,short,tests,1,1,qa_engineer,Ты QA-инженер.,Речь идёт о модуле на Python.,"Ограничения:
- Ответ должен быть понятен начинающему специалисту.
- Раздели тесты на позитивные и негативные.","Напиши тесты для следующего кода:
{code}","{""code"": ""def divide(a, b):\n    return a / b""}","Ты QA-инженер.

Контекст: Речь идёт о модуле на Python.

Напиши тесты для следующего кода:
def divide(a, b):
 return a / b

Ограничения:
- Ответ должен быть понятен начинающему специалисту.
- Раздели тесты на позитивные и негативные.

Ответ должен быть кратким.",yandexgpt-lite,latest,"### Позитивные тесты:

1. Проверить, что функция корректно делит два числа:
```python
assert divide(10, 2) == 5
```

2. Проверить, что функция корректно делит числа с плавающей точкой:
```python
assert divide(10.0, 2.0) == 5.0
```

### Негативные тесты:

1. Проверить, что функция корректно обрабатывает деление на ноль:
```python
assert divide(10, 0) == None  # или raise ZeroDivisionError
```

2. Проверить, что функция корректно обрабатывает передачу некорректных типов данных:
```python
assert divide('10', 2) == None
assert divide(10, '2') == None
```",2026-04-25T17:56:21,2.4461
5affc405-8069-412d-af1a-00b171b28bbe,9e1cb8d6-9fa6-4942-a9d4-67c9879d4ff8,testing,Тестирование,short,tests,1,1,computer_science_teacher,Ты преподаватель информатики.,Нужно подготовить проверку для небольшой функции.,"Ограничения:
- Ответ должен быть понятен начинающему специалисту.
- Добавь хотя бы один граничный случай.","Напиши тесты для следующего кода:
{code}","{""code"": ""def is_even(n):\n    return n % 2 == 0""}","Ты преподаватель информатики.

Контекст: Нужно подготовить проверку для небольшой функции.

Напиши тесты для следующего кода:
def is_even(n):
 return n % 2 == 0

Ограничения:
- Ответ должен быть понятен начинающему специалисту.
- Добавь хотя бы один граничный случай.

Ответ должен быть кратким.",yandexgpt-lite,latest,"```
# Тест для функции is_even

assert is_even(2) == True  # Проверка на чётное число
assert is_even(3) == False # Проверка на нечётное число
assert is_even(0) == True  # Граничный случай: ноль считается чётным числом
```",2026-04-25T17:56:24,2.4429
40c46179-40c6-4c3e-90f2-505c97f6f8c2,ace3d8d8-461e-4355-ab23-ddf8ec619f96,testing,Тестирование,medium,test_cases,0,0,none,,,,"Составь позитивные и негативные тест-кейсы для функции:
{code}","{""code"": ""def merge_dicts(a, b):\n    result = a.copy()\n    result.update(b)\n    return result""}","Составь позитивные и негативные тест-кейсы для функции:
def merge_dicts(a, b):
 result = a.copy()
 result.update(b)
 return result

Ответ должен быть средней подробности.",yandexgpt-lite,latest,"### Позитивные тест-кейсы:

1. **Цель:** проверить объединение двух словарей с разными ключами.
   - **Данные:** `a = {'a': 1, 'b': 2}`, `b = {'c': 3, 'd': 4}`.
   - **Ожидаемый результат:** `{'a': 1, 'b': 2, 'c': 3, 'd': 4}`.

2. **Цель:** проверить объединение словаря с пустым словарём.
   - **Данные:** `a = {'x': 10}`, `b = {}`.
   - **Ожидаемый результат:** `{'x': 10}`.

3. **Цель:** проверить объединение словарей с одинаковыми ключами.
   - **Данные:** `a = {'a': 1, 'b': 2}`, `b = {'a': 10, 'b': 20}`.
   - **Ожидаемый результат:** `{'a': 10, 'b': 20}`.

### Негативные тест-кейсы:

1. **Цель:** проверить работу функции с некорректным вводом (словарь `a` — пустой).
   - **Данные:** `a = {}, b = {'c': 3, 'd': 4}`.
   - **Ожидаемый результат:** `{'c': 3, 'd': 4}`.

2. **Цель:** проверить работу функции с некорректным вводом (оба словаря пустые).
   - **Данные:** `a = {}, b = {}`.
   - **Ожидаемый результат:** `{}`.

3. **Цель:** проверить работу функции с некорректным вводом (словарь `b` — пустой).
   - **Данные:** `a = {'a': 1, 'b': 2}, b = {}`.
   - **Ожидаемый результат:** `{'a': 1, 'b': 2}`.",2026-04-25T17:56:29,5.0459
21aef3fc-e414-41eb-b250-bc9d87502c2a,049b4532-a452-4ca3-a5f2-8f41c09be3fc,testing,Тестирование,medium,test_cases,0,0,python_developer,Ты Python-разработчик.,,,"Составь позитивные и негативные тест-кейсы для функции:
{code}","{""code"": ""def get_first_item(items):\n    return items[0]""}","Ты Python-разработчик.

Составь позитивные и негативные тест-кейсы для функции:
def get_first_item(items):
 return items[0]

Ответ должен быть средней подробности.",yandexgpt-lite,latest,"### Позитивные тест-кейсы:

1. **Тест с пустым списком**:
    ```python
    items = []
    assert get_first_item(items) is None
    ```

2. **Тест со списком из одного элемента**:
    ```python
    items = [10]
    assert get_first_item(items) == 10
    ```

3. **Тест со списком из нескольких элементов**:
    ```python
    items = [1, 2, 3, 4, 5]
    assert get_first_item(items) == 1
    ```

### Негативные тест-кейсы:

1. **Тест с некорректным типом данных**:
    ```python
    items = ""string""
    assert get_first_item(items) is None
    ```

2. **Тест с None в качестве входного параметра**:
    ```python
    items = None
    assert get_first_item(items) is None
    ```

3. **Тест с пустым словарём**:
    ```python
    items = {}
    assert get_first_item(items) is None
    ```",2026-04-25T17:56:32,3.4555
72b4c8a6-bf7b-4b1f-a8b4-0d157e38b481,50cd4022-247a-40d9-bb53-d434a59ce321,testing,Тестирование,medium,tests,0,0,qa_engineer,Ты QA-инженер.,,,"Напиши unit-тесты для следующего кода и кратко поясни, что проверяет каждый тест:
{code}","{""code"": ""def divide(a, b):\n    return a / b""}","Ты QA-инженер.

Напиши unit-тесты для следующего кода и кратко поясни, что проверяет каждый тест:
def divide(a, b):
 return a / b

Ответ должен быть средней подробности.",yandexgpt-lite,latest,"```python
import unittest

def divide(a, b):
    return a / b

class TestDivision(unittest.TestCase):

    def test_divide_positive_numbers(self):
        """"""Проверяет корректность деления двух положительных чисел.""""""
        self.assertEqual(divide(10, 2), 5)

    def test_divide_zero_and_positive_number(self):
        """"""Проверяет корректность деления положительного числа на ноль.""""""
        with self.assertRaises(ZeroDivisionError):
            divide(10, 0)

    def test_divide_negative_numbers(self):
        """"""Проверяет корректность деления двух отрицательных чисел.""""""
        self.assertEqual(divide(-10, -2), 5)

    def test_divide_zero_and_negative_number(self):
        """"""Проверяет корректность деления отрицательного числа на ноль.""""""
        with self.assertRaises(ZeroDivisionError):
            divide(-10, 0)

    def test_divide_mixed_signs(self):
        """"""Проверяет корректность деления чисел с разными знаками.""""""
        self.assertEqual(divide(10, -2), -5)

if __name__ == '__main__':
    unittest.main()
```",2026-04-25T17:56:36,4.0481
ce8d500c-4201-48a6-b82d-874a1684dfc3,9c813233-ebe5-4f24-a347-622dcff521f6,testing,Тестирование,medium,test_cases,0,0,computer_science_teacher,Ты преподаватель информатики.,,,"Составь позитивные и негативные тест-кейсы для функции:
{code}","{""code"": ""def get_first_item(items):\n    return items[0]""}","Ты преподаватель информатики.

Составь позитивные и негативные тест-кейсы для функции:
def get_first_item(items):
 return items[0]

Ответ должен быть средней подробности.",yandexgpt-lite,latest,"**Позитивные тест-кейсы:**

1. Передаём в функцию список из одного элемента: `[""a""]`. Ожидается, что функция вернёт `""a""`.
2. Передаём в функцию список из нескольких элементов: `[1, 2, 3]`. Ожидается, что функция вернёт `1`.
3. Передаём в функцию пустой список `[]`. Ожидается, что функция вернёт `None`.

**Негативные тест-кейсы:**

1. Передаём в функцию строку `""string""`. Ожидается, что возникнет ошибка `TypeError`, так как функция ожидает список.
2. Передаём в функцию словарь `{""key"": ""value""}`. Ожидается, что возникнет ошибка `TypeError`, так как функция ожидает список.
3. Передаём в функцию кортеж `(1, 2, 3)`. Ожидается, что возникнет ошибка `TypeError`, так как функция ожидает список.",2026-04-25T17:56:39,2.9569
33da3663-e5a0-4e5a-8afb-8ec94358f755,1e0a520b-36a1-4247-813c-ed3759ab8376,testing,Тестирование,medium,tests,0,1,none,,,"Ограничения:
- Ответ должен быть понятен начинающему специалисту.
- Добавь хотя бы один граничный случай.","Напиши unit-тесты для следующего кода и кратко поясни, что проверяет каждый тест:
{code}","{""code"": ""def merge_dicts(a, b):\n    result = a.copy()\n    result.update(b)\n    return result""}","Напиши unit-тесты для следующего кода и кратко поясни, что проверяет каждый тест:
def merge_dicts(a, b):
 result = a.copy()
 result.update(b)
 return result

Ограничения:
- Ответ должен быть понятен начинающему специалисту.
- Добавь хотя бы один граничный случай.

Ответ должен быть средней подробности.",yandexgpt-lite,latest,"```python
def merge_dicts(a, b):
    result = a.copy()
    result.update(b)
    return result

# Тест 1: проверка слияния двух обычных словарей
def test_merge_dicts_basic():
    a = {'a': 1, 'b': 2}
    b = {'b': 3, 'c': 4}
    expected = {'a': 1, 'b': 3, 'c': 4}
    assert merge_dicts(a, b) == expected

# Тест 2: проверка работы функции при наличии одинаковых ключей в обоих словарях
def test_merge_dicts_overlapping_keys():
    a = {'a': 1, 'b': 2}
    b = {'b': 3, 'c': 4}
    expected = {'a': 1, 'b': 3, 'c': 4}
    assert merge_dicts(a, b) == expected

# Тест 3: проверка работы функции при передаче пустого словаря
def test_merge_dicts_empty_dict():
    a = {'a': 1, 'b': 2}
    b = {}
    expected = {'a': 1, 'b': 2}
    assert merge_dicts(a, b) == expected
```",2026-04-25T17:56:43,4.037
192e7a5e-b3c7-448c-8d58-481d0cde8104,71ecd573-2bb2-404b-b9bc-99e09c56dba1,testing,Тестирование,medium,tests,0,1,python_developer,Ты Python-разработчик.,,"Ограничения:
- Ответ должен быть понятен начинающему специалисту.
- Добавь хотя бы один граничный случай.","Напиши unit-тесты для следующего кода и кратко поясни, что проверяет каждый тест:
{code}","{""code"": ""def normalize_name(name):\n    return name.strip().title()""}","Ты Python-разработчик.

Напиши unit-тесты для следующего кода и кратко поясни, что проверяет каждый тест:
def normalize_name(name):
 return name.strip().title()

Ограничения:
- Ответ должен быть понятен начинающему специалисту.
- Добавь хотя бы один граничный случай.

Ответ должен быть средней подробности.",yandexgpt-lite,latest,"```python
def normalize_name(name):
    return name.strip().title()

import unittest

class TestNameNormalization(unittest.TestCase):

    def test_strip_and_title(self):
        """"""
        Проверяет, что функция корректно удаляет начальные и конечные пробелы и приводит строку к заглавному регистру.
        """"""
        self.assertEqual(normalize_name(""  john  ""), ""John"")

    def test_empty_string(self):
        """"""
        Проверяет, что функция корректно обрабатывает пустую строку.
        """"""
        self.assertEqual(normalize_name(""""), """")

    def test_single_character(self):
        """"""
        Проверяет, что функция корректно обрабатывает строку из одного символа.
        """"""
        self.assertEqual(normalize_name(""a""), ""A"")

if __name__ == '__main__':
    unittest.main()
```",2026-04-25T17:56:46,2.8742
69ef3dfa-34ec-4648-aea2-81f44b80e623,4c6e2076-6a5b-419d-989c-ed97bd558070,testing,Тестирование,medium,test_cases,0,1,qa_engineer,Ты QA-инженер.,,"Ограничения:
- Не используй внешние зависимости.
- Раздели тесты на позитивные и негативные.","Составь позитивные и негативные тест-кейсы для функции:
{code}","{""code"": ""def merge_dicts(a, b):\n    result = a.copy()\n    result.update(b)\n    return result""}","Ты QA-инженер.

Составь позитивные и негативные тест-кейсы для функции:
def merge_dicts(a, b):
 result = a.copy()
 result.update(b)
 return result

Ограничения:
- Не используй внешние зависимости.
- Раздели тесты на позитивные и негативные.

Ответ должен быть средней подробности.",yandexgpt-lite,latest,"### Позитивные тест-кейсы

1. **Тест на корректное объединение двух словарей.**
    - **Входные данные:** `a = {'key1': 'value1', 'key2': 'value2'}`, `b = {'key2': 'new_value2', 'key3': 'value3'}`.
    - **Ожидаемый результат:** `{'key1': 'value1', 'key2': 'new_value2', 'key3': 'value3'}`.

2. **Тест на объединение словарей с одинаковыми ключами.**
    - **Входные данные:** `a = {'key1': 'value1', 'key2': 'value2'}`, `b = {'key2': 'new_value2', 'key3': 'value3'}`.
    - **Ожидаемый результат:** `{'key1': 'value1', 'key2': 'new_value2', 'key3': 'value3'}`.

### Негативные тест-кейсы

1. **Тест на передачу в функцию некорректного типа данных для `a`.**
    - **Входные данные:** `a = 123`, `b = {'key1': 'value1'}`.
    - **Ожидаемый результат:** ошибка типа данных при выполнении `a.copy()`.

2. **Тест на передачу в функцию некорректного типа данных для `b`.**
    - **Входные данные:** `a = {'key1': 'value1'}`, `b = 123`.
    - **Ожидаемый результат:** ошибка типа данных при выполнении `b.copy()`.

3. **Тест на передачу в функцию пустого словаря `a`.**
    - **Входные данные:** `a = {}`, `b = {'key1': 'value1'}`.
    - **Ожидаемый результат:** `{'key1': 'value1'}`.

4. **Тест на передачу в функцию пустого словаря `b`.**
    - **Входные данные:** `a = {'key1': 'value1'}`, `b = {}`.
    - **Ожидаемый результат:** `{'key1': 'value1'}`.",2026-04-25T17:56:52,5.8187
abe1d1df-1239-4e60-a286-9c28102952ed,e07eafc2-1283-46f8-85d7-0e1ef95170ea,testing,Тестирование,medium,test_cases,0,1,computer_science_teacher,Ты преподаватель информатики.,,"Ограничения:
- Ответ должен быть понятен начинающему специалисту.
- Добавь хотя бы один граничный случай.","Составь позитивные и негативные тест-кейсы для функции:
{code}","{""code"": ""def divide(a, b):\n    return a / b""}","Ты преподаватель информатики.

Составь позитивные и негативные тест-кейсы для функции:
def divide(a, b):
 return a / b

Ограничения:
- Ответ должен быть понятен начинающему специалисту.
- Добавь хотя бы один граничный случай.

Ответ должен быть средней подробности.",yandexgpt-lite,latest,"### Позитивные тест-кейсы:
1. Деление двух положительных чисел: `divide(10, 2)`.
2. Деление положительного числа на отрицательное: `divide(10, -2)`.
3. Деление числа на само себя: `divide(5, 5)`.

### Негативные тест-кейсы:
1. Деление на ноль: `divide(10, 0)`.
2. Передача в функцию нечисловых значений: `divide(""a"", 2)`.
3. Граничный случай: `divide(0, 1)`.",2026-04-25T17:56:54,2.0722
882a54c4-1af0-4b31-aee9-afc469d764f1,d4712265-a0f2-4fa0-b7b8-2402064f6391,testing,Тестирование,medium,tests,1,0,none,,Это учебная задача по тестированию.,,"Напиши unit-тесты для следующего кода и кратко поясни, что проверяет каждый тест:
{code}","{""code"": ""def get_first_item(items):\n    return items[0]""}","Контекст: Это учебная задача по тестированию.

Напиши unit-тесты для следующего кода и кратко поясни, что проверяет каждый тест:
def get_first_item(items):
 return items[0]

Ответ должен быть средней подробности.",yandexgpt-lite,latest,"```
import unittest

def get_first_item(items):
    return items[0]

class TestGetFirstItem(unittest.TestCase):

    def test_single_item_list(self):
        """"""
        Проверяет, что функция возвращает первый элемент списка, состоящего из одного элемента.
        """"""
        items = [1]
        self.assertEqual(get_first_item(items), 1)

    def test_empty_list(self):
        """"""
        Проверяет, что функция возвращает ошибку при попытке получить первый элемент из пустого списка.
        """"""
        items = []
        with self.assertRaises(IndexError):
            get_first_item(items)

    def test_multiple_items_list(self):
        """"""
        Проверяет, что функция возвращает первый элемент списка, состоящего из нескольких элементов.
        """"""
        items = [1, 2, 3, 4]
        self.assertEqual(get_first_item(items), 1)
```",2026-04-25T17:56:57,3.1167
7b017ccd-f168-4db6-b731-6ec1657955da,a43a6de7-6f4a-42f2-8754-367bac9fb8ce,testing,Тестирование,medium,test_cases,1,0,python_developer,Ты Python-разработчик.,Это учебная задача по тестированию.,,"Составь позитивные и негативные тест-кейсы для функции:
{code}","{""code"": ""def divide(a, b):\n    return a / b""}","Ты Python-разработчик.

Контекст: Это учебная задача по тестированию.

Составь позитивные и негативные тест-кейсы для функции:
def divide(a, b):
 return a / b

Ответ должен быть средней подробности.",yandexgpt-lite,latest,"### Позитивные тест-кейсы:

1. Деление двух положительных чисел:
   ```python
   assert divide(10, 2) == 5
   ```

2. Деление положительного числа на ноль (должно вызвать исключение):
   ```python
   try:
       assert divide(10, 0) == 0
   except ZeroDivisionError:
       pass
   ```

3. Деление положительного числа на 1:
   ```python
   assert divide(10, 1) == 10
   ```

4. Деление двух отрицательных чисел:
   ```python
   assert divide(-10, -2) == 5
   ```

### Негативные тест-кейсы:

1. Деление положительного числа на ноль (должно вызвать исключение):
   ```python
   try:
       assert divide(10, 0) == 0
   except ZeroDivisionError:
       pass
   ```

2. Деление на ноль с отрицательными числами (должно вызвать исключение):
   ```python
   try:
       assert divide(-10, 0) == 0
   except ZeroDivisionError:
       pass
   ```

3. Передача нечисловых значений (должно вызвать исключение):
   ```python
   try:
       assert divide('a', 2) == 0
   except TypeError:
       pass
   ```

4. Передача списка вместо числа (должно вызвать исключение):
   ```python
   try:
       assert divide([1, 2], 2) == 0
   except TypeError:
       pass
   ```",2026-04-25T17:57:02,4.5244
1fc1f039-e5bb-42ad-a839-6d8540e380ac,7c900618-2353-42b2-9372-04c9478ffd31,testing,Тестирование,medium,tests,1,0,qa_engineer,Ты QA-инженер.,Это учебная задача по тестированию.,,"Напиши unit-тесты для следующего кода и кратко поясни, что проверяет каждый тест:
{code}","{""code"": ""def merge_dicts(a, b):\n    result = a.copy()\n    result.update(b)\n    return result""}","Ты QA-инженер.

Контекст: Это учебная задача по тестированию.

Напиши unit-тесты для следующего кода и кратко поясни, что проверяет каждый тест:
def merge_dicts(a, b):
 result = a.copy()
 result.update(b)
 return result

Ответ должен быть средней подробности.",yandexgpt-lite,latest,"```python
def test_merge_dicts_basic():
    a = {'key1': 'value1', 'key2': 'value2'}
    b = {'key3': 'value3', 'key4': 'value4'}
    expected = {'key1': 'value1', 'key2': 'value2', 'key3': 'value3', 'key4': 'value4'}
    assert merge_dicts(a, b) == expected
    # Проверка базового слияния двух словарей

def test_merge_dicts_empty_dict():
    a = {}
    b = {'key1': 'value1'}
    expected = {'key1': 'value1'}
    assert merge_dicts(a, b) == expected
    # Проверка слияния с пустым словарем

def test_merge_dicts_overwrite():
    a = {'key1': 'value1', 'key2': 'value2'}
    b = {'key1': 'new_value1', 'key3': 'value3'}
    expected = {'key1': 'new_value1', 'key2': 'value2', 'key3': 'value3'}
    assert merge_dicts(a, b) == expected
    # Проверка перезаписи значений при конфликте ключей
```",2026-04-25T17:57:06,4.0852
7ebaf586-ea01-4312-ae94-bc3bc9422d62,d873f369-92ab-443c-86a4-862564ae663a,testing,Тестирование,medium,tests,1,0,computer_science_teacher,Ты преподаватель информатики.,Нужно подготовить проверку для небольшой функции.,,"Напиши unit-тесты для следующего кода и кратко поясни, что проверяет каждый тест:
{code}","{""code"": ""def get_first_item(items):\n    return items[0]""}","Ты преподаватель информатики.

Контекст: Нужно подготовить проверку для небольшой функции.

Напиши unit-тесты для следующего кода и кратко поясни, что проверяет каждый тест:
def get_first_item(items):
 return items[0]

Ответ должен быть средней подробности.",yandexgpt-lite,latest,"```python
def test_get_first_item_with_list():
    """"""
    Проверяет работу функции get_first_item с обычным списком.
    """"""
    result = get_first_item([1, 2, 3, 4, 5])
    assert result == 1, ""Ожидается, что функция вернёт первый элемент списка.""

def test_get_first_item_with_empty_list():
    """"""
    Проверяет работу функции get_first_item с пустым списком.
    """"""
    result = get_first_item([])
    assert result is None, ""Ожидается, что функция вернёт None для пустого списка.""

def test_get_first_item_with_single_item_list():
    """"""
    Проверяет работу функции get_first_item со списком, содержащим один элемент.
    """"""
    result = get_first_item(['single'])
    assert result == 'single', ""Ожидается, что функция вернёт единственный элемент списка.""
```",2026-04-25T17:57:09,2.9817
991564eb-a495-490e-9e71-82c4d1e1a9da,a606427e-16f9-48a6-b7a7-c8a65919ce13,testing,Тестирование,medium,tests,1,1,none,,Нужно подготовить проверку для небольшой функции.,"Ограничения:
- Не используй внешние зависимости.
- Добавь хотя бы один граничный случай.","Напиши unit-тесты для следующего кода и кратко поясни, что проверяет каждый тест:
{code}","{""code"": ""def is_even(n):\n    return n % 2 == 0""}","Контекст: Нужно подготовить проверку для небольшой функции.

Напиши unit-тесты для следующего кода и кратко поясни, что проверяет каждый тест:
def is_even(n):
 return n % 2 == 0

Ограничения:
- Не используй внешние зависимости.
- Добавь хотя бы один граничный случай.

Ответ должен быть средней подробности.",yandexgpt-lite,latest,"```
def test_is_even():
    # Проверка чётного числа
    assert is_even(2) == True, ""Число 2 должно быть чётным""

    # Проверка нечётного числа
    assert is_even(3) == False, ""Число 3 должно быть нечётным""

    # Граничный случай: проверка нуля
    assert is_even(0) == True, ""Число 0 должно быть чётным""

```",2026-04-25T17:57:10,1.7297
2a9ee9f0-92b3-49bd-a1f8-bba25eb0fdef,2d102145-9700-4a91-9707-14d888768099,testing,Тестирование,medium,test_cases,1,1,python_developer,Ты Python-разработчик.,Речь идёт о модуле на Python.,"Ограничения:
- Используй только стандартную библиотеку Python.
- Добавь хотя бы один граничный случай.","Составь позитивные и негативные тест-кейсы для функции:
{code}","{""code"": ""def divide(a, b):\n    return a / b""}","Ты Python-разработчик.

Контекст: Речь идёт о модуле на Python.

Составь позитивные и негативные тест-кейсы для функции:
def divide(a, b):
 return a / b

Ограничения:
- Используй только стандартную библиотеку Python.
- Добавь хотя бы один граничный случай.

Ответ должен быть средней подробности.",yandexgpt-lite,latest,"### Позитивные тест-кейсы:

1. Деление двух положительных чисел:
```python
assert divide(10, 2) == 5
```

2. Деление положительного числа на ноль (должно вызвать исключение):
```python
try:
    assert divide(10, 0) == 0
except ZeroDivisionError:
    print(""ZeroDivisionError expected"")
```

3. Деление положительного числа на 1:
```python
assert divide(10, 1) == 10
```

4. Деление числа на само себя:
```python
assert divide(5, 5) == 1
```

### Негативные тест-кейсы:

1. Деление отрицательного числа на положительное:
```python
assert divide(-10, 2) == -5
```

2. Деление положительного числа на отрицательное:
```python
assert divide(10, -2) == -5
```

3. Деление нуля на положительное число:
```python
assert divide(0, 2) == 0
```

4. Проверка на деление на ноль:
```python
try:
    assert divide(10, 0) == 0
except ZeroDivisionError:
    print(""ZeroDivisionError expected"")
```",2026-04-25T17:57:14,3.7141
871d49bc-345f-48ad-9dcd-48bbe4d1e3f7,dcfa72a0-1bc1-4a96-b080-6c4c0a236971,testing,Тестирование,medium,test_cases,1,1,qa_engineer,Ты QA-инженер.,Это учебная задача по тестированию.,"Ограничения:
- Ответ должен быть понятен начинающему специалисту.
- Добавь хотя бы один граничный случай.","Составь позитивные и негативные тест-кейсы для функции:
{code}","{""code"": ""def divide(a, b):\n    return a / b""}","Ты QA-инженер.

Контекст: Это учебная задача по тестированию.

Составь позитивные и негативные тест-кейсы для функции:
def divide(a, b):
 return a / b

Ограничения:
- Ответ должен быть понятен начинающему специалисту.
- Добавь хотя бы один граничный случай.

Ответ должен быть средней подробности.",yandexgpt-lite,latest,"### Позитивные тест-кейсы:

1. Проверить деление двух положительных чисел: `divide(10, 2)`.
2. Проверить деление положительного числа на ноль с ожиданием возникновения ошибки: `divide(10, 0)`.
3. Проверить деление положительного числа на единицу: `divide(10, 1)`.
4. Проверить деление дробных положительных чисел: `divide(5.0, 2.5)`.

### Негативные тест-кейсы:

1. Проверить деление нуля на положительное число: `divide(0, 5)`.
2. Проверить деление отрицательного числа на положительное: `divide(-10, 2)`.
3. Проверить деление положительного числа на отрицательное: `divide(10, -2)`.
4. Проверить деление дробного положительного числа на целое: `divide(5.0, 2)`.
5. Проверить деление, когда делимое меньше делителя: `divide(1, 10)`.",2026-04-25T17:57:17,3.0209
29cafc1b-bcc6-46db-b244-6a83ea3df3c6,2cac8e1b-4fbe-4c65-a2c5-9f96b6d3306a,testing,Тестирование,medium,test_cases,1,1,computer_science_teacher,Ты преподаватель информатики.,Это учебная задача по тестированию.,"Ограничения:
- Ответ должен быть понятен начинающему специалисту.
- Добавь хотя бы один граничный случай.","Составь позитивные и негативные тест-кейсы для функции:
{code}","{""code"": ""def normalize_name(name):\n    return name.strip().title()""}","Ты преподаватель информатики.

Контекст: Это учебная задача по тестированию.

Составь позитивные и негативные тест-кейсы для функции:
def normalize_name(name):
 return name.strip().title()

Ограничения:
- Ответ должен быть понятен начинающему специалисту.
- Добавь хотя бы один граничный случай.

Ответ должен быть средней подробности.",yandexgpt-lite,latest,"### Позитивные тест-кейсы:

1. **Входные данные:** «ivan».
   **Ожидаемый результат:** «Ivan».

2. **Входные данные:** «   john  ».
   **Ожидаемый результат:** «John».

3. **Входные данные:** «Alice  ».
   **Ожидаемый результат:** «Alice».

### Негативные тест-кейсы:

1. **Входные данные:** «123».
   **Ожидаемый результат:** ошибка не ожидается, но функция должна вернуть пустую строку, так как нет букв для преобразования в заголовок.

2. **Входные данные:** «  john doe  ».
   **Ожидаемый результат:** «John Doe».

3. **Входные данные:** «!».
   **Ожидаемый результат:** пустая строка, так как строка состоит только из символа, не являющегося буквой.

### Граничный случай:

1. **Входные данные:** «   a    b  ».
   **Ожидаемый результат:** «A B».",2026-04-25T17:57:20,3.0551
90edacdb-67e7-4dec-8f00-4405881fc3ca,b5907a8f-7429-4116-84f2-f95991d7570e,testing,Тестирование,long,tests,0,0,none,,,,"Напиши unit-тесты для следующего кода. Раздели их на позитивные, негативные и граничные случаи, а также кратко поясни каждый тест:
{code}","{""code"": ""def get_first_item(items):\n    return items[0]""}","Напиши unit-тесты для следующего кода. Раздели их на позитивные, негативные и граничные случаи, а также кратко поясни каждый тест:
def get_first_item(items):
 return items[0]

Ответ должен быть подробным и структурированным.",yandexgpt-lite,latest,"### Позитивные тесты

**Тест 1: Проверка корректной работы функции с непустым списком**

**Описание:** проверить, что функция корректно возвращает первый элемент списка.

**Код теста:**

```python
def test_get_first_item_with_non_empty_list():
    items = [1, 2, 3, 4, 5]
    expected_result = 1
    assert get_first_item(items) == expected_result
```

### Негативные тесты

**Тест 2: Проверка работы функции с пустым списком**

**Описание:** проверить, что функция корректно обрабатывает пустой список и возвращает `IndexError`.

**Код теста:**

```python
def test_get_first_item_with_empty_list():
    items = []
    expected_error = IndexError
    with pytest.raises(expected_error):
        get_first_item(items)
```

**Тест 3: Проверка работы функции с некорректным типом данных**

**Описание:** проверить, что функция корректно обрабатывает список с некорректным типом данных и возвращает `TypeError`.

**Код теста:**

```python
def test_get_first_item_with_invalid_type():
    items = {'key': 'value'}
    expected_error = TypeError
    with pytest.raises(expected_error):
        get_first_item(items)
```

### Граничные случаи

**Тест 4: Проверка работы функции с одноэлементным списком**

**Описание:** проверить, что функция корректно возвращает единственный элемент списка.

**Код теста:**

```python
def test_get_first_item_with_single_element_list():
    items = [10]
    expected_result = 10
    assert get_first_item(items) == expected_result
```",2026-04-25T17:57:25,5.2075
8a77ea33-8039-4026-a809-bf4142bdbe67,5f8e5978-a312-4739-91a6-7d9106a68b7d,testing,Тестирование,long,tests,0,0,python_developer,Ты Python-разработчик.,,,"Напиши unit-тесты для следующего кода. Раздели их на позитивные, негативные и граничные случаи, а также кратко поясни каждый тест:
{code}","{""code"": ""def merge_dicts(a, b):\n    result = a.copy()\n    result.update(b)\n    return result""}","Ты Python-разработчик.

Напиши unit-тесты для следующего кода. Раздели их на позитивные, негативные и граничные случаи, а также кратко поясни каждый тест:
def merge_dicts(a, b):
 result = a.copy()
 result.update(b)
 return result

Ответ должен быть подробным и структурированным.",yandexgpt-lite,latest,"```python
import unittest

def merge_dicts(a, b):
    result = a.copy()
    result.update(b)
    return result

class TestMergeDicts(unittest.TestCase):

    # Позитивные тесты
    def test_merge_dicts_with_non_empty_dicts(self):
        """"""
        Тест для слияния двух непустых словарей.
        """"""
        a = {'a': 1, 'b': 2}
        b = {'b': 3, 'c': 4}
        expected = {'a': 1, 'b': 3, 'c': 4}
        self.assertEqual(merge_dicts(a, b), expected)

    def test_merge_dicts_with_identical_keys(self):
        """"""
        Тест для слияния двух словарей с одинаковыми ключами.
        """"""
        a = {'x': 10, 'y': 20}
        b = {'x': 30, 'z': 40}
        expected = {'x': 30, 'y': 20, 'z': 40}
        self.assertEqual(merge_dicts(a, b), expected)

    # Негативные тесты
    def test_merge_dicts_with_non_dict_argument(self):
        """"""
        Тест для проверки, что функция вызывает ошибку при передаче не словаря.
        """"""
        a = {'a': 1, 'b': 2}
        with self.assertRaises(TypeError):
            merge_dicts(a, 'not_a_dict')

    def test_merge_dicts_with_none_argument(self):
        """"""
        Тест для проверки, что функция вызывает ошибку при передаче None.
        """"""
        a = {'a': 1, 'b': 2}
        with self.assertRaises(TypeError):
            merge_dicts(a, None)

    # Граничные случаи
    def test_merge_dicts_with_empty_dict(self):
        """"""
        Тест для слияния словаря с пустым словарём.
        """"""
        a = {'a': 1, 'b': 2}
        b = {}
        expected = {'a': 1, 'b': 2}
        self.assertEqual(merge_dicts(a, b), expected)

    def test_merge_dicts_with_one_empty_dict(self):
        """"""
        Тест для слияния пустого словаря с непустым.
        """"""
        a = {}
        b = {'a': 1, 'b': 2}
        expected = {'a': 1, 'b': 2}
        self.assertEqual(merge_dicts(a, b), expected)

if __name__ == '__main__':
    unittest.main()
```",2026-04-25T17:57:34,8.2111
86bcc39e-dcf8-4bf8-9bcc-49f48c17f371,a8646019-7ac8-44a7-b8a6-d4ad1d863831,testing,Тестирование,long,tests,0,0,qa_engineer,Ты QA-инженер.,,,"Напиши unit-тесты для следующего кода. Раздели их на позитивные, негативные и граничные случаи, а также кратко поясни каждый тест:
{code}","{""code"": ""def normalize_name(name):\n    return name.strip().title()""}","Ты QA-инженер.

Напиши unit-тесты для следующего кода. Раздели их на позитивные, негативные и граничные случаи, а также кратко поясни каждый тест:
def normalize_name(name):
 return name.strip().title()

Ответ должен быть подробным и структурированным.",yandexgpt-lite,latest,"### Позитивные тесты

**Тест 1: проверка корректной нормализации имени**

**Цель:** убедиться, что функция корректно удаляет начальные и конечные пробелы и приводит имя к заглавному регистру.

**Входные данные:** « john doe»

**Ожидаемый результат:** «John Doe»

**Код теста:**

```python
def test_normalize_name_positive_1():
    result = normalize_name("" john doe"")
    assert result == ""John Doe""
```

**Тест 2: проверка корректной нормализации имени с пробелами внутри**

**Цель:** убедиться, что функция корректно обрабатывает имена с пробелами внутри и приводит их к заглавному регистру.

**Входные данные:** «j o h n doe»

**Ожидаемый результат:** «John Doe»

**Код теста:**

```python
def test_normalize_name_positive_2():
    result = normalize_name(""j o h n doe"")
    assert result == ""John Doe""
```

### Негативные тесты

**Тест 3: проверка нормализации пустого имени**

**Цель:** убедиться, что функция корректно обрабатывает пустое имя.

**Входные данные:** «»

**Ожидаемый результат:** «» (пустая строка)

**Код теста:**

```python
def test_normalize_name_negative_1():
    result = normalize_name("""")
    assert result == """"
```

**Тест 4: проверка нормализации имени с недопустимыми символами**

**Цель:** убедиться, что функция корректно обрабатывает имена с недопустимыми символами и удаляет их.

**Входные данные:** «john!doe»

**Ожидаемый результат:** «John Doe»

**Код теста:**

```python
def test_normalize_name_negative_2():
    result = normalize_name(""john!doe"")
    assert result == ""John Doe""
```

### Граничные тесты

**Тест 5: проверка нормализации имени, начинающегося с пробела**

**Цель:** убедиться, что функция корректно обрабатывает имена, начинающиеся с пробела.

**Входные данные:** « john doe»

**Ожидаемый результат:** «John Doe»

**Код теста:**

```python
def test_normalize_name_boundary_1():
    result = normalize_name("" john doe"")
    assert result == ""John Doe""
```

**Тест 6: проверка нормализации имени, заканчивающегося пробелом**

**Цель:** убедиться, что функция корректно обрабатывает имена, заканчивающиеся пробелом.

**Входные данные:** «john doe »

**Ожидаемый результат:** «John Doe»

**Код теста:**

```python
def test_normalize_name_boundary_2():
    result = normalize_name(""john doe "")
    assert result == ""John Doe""
```

**Тест 7: проверка нормализации имени, состоящего только из пробелов**

**Цель:** убедиться, что функция корректно обрабатывает имена, состоящие только из пробелов.

**Входные данные:** « »

**Ожидаемый результат:** «» (пустая строка)

**Код теста:**

```python
def test_normalize_name_boundary_3():
    result = normalize_name("" "")
    assert result == """"
```",2026-04-25T17:57:43,9.1491
990d09ac-b4b6-4323-a085-4232056a5111,2b69ef67-748c-42bd-bb59-c98aacf22fd0,testing,Тестирование,long,tests,0,0,computer_science_teacher,Ты преподаватель информатики.,,,"Напиши unit-тесты для следующего кода. Раздели их на позитивные, негативные и граничные случаи, а также кратко поясни каждый тест:
{code}","{""code"": ""def is_even(n):\n    return n % 2 == 0""}","Ты преподаватель информатики.

Напиши unit-тесты для следующего кода. Раздели их на позитивные, негативные и граничные случаи, а также кратко поясни каждый тест:
def is_even(n):
 return n % 2 == 0

Ответ должен быть подробным и структурированным.",yandexgpt-lite,latest,"### Unit-тесты для функции `is_even(n)`

#### Позитивные случаи

1. **Проверка чётного числа**
   - **Описание:** проверить, что функция корректно возвращает `True` для чётного числа.
   - **Тест:** `assert is_even(4) == True`
   - **Пояснение:** число 4 является чётным, поэтому функция должна вернуть `True`.

2. **Проверка другого чётного числа**
   - **Описание:** проверить, что функция корректно возвращает `True` для другого чётного числа.
   - **Тест:** `assert is_even(10) == True`
   - **Пояснение:** число 10 является чётным, поэтому функция должна вернуть `True`.

#### Негативные случаи

1. **Проверка нечётного числа**
   - **Описание:** проверить, что функция корректно возвращает `False` для нечётного числа.
   - **Тест:** `assert is_even(7) == False`
   - **Пояснение:** число 7 является нечётным, поэтому функция должна вернуть `False`.

2. **Проверка отрицательного чётного числа**
   - **Описание:** проверить, что функция корректно возвращает `True` для отрицательного чётного числа.
   - **Тест:** `assert is_even(-4) == True`
   - **Пояснение:** число -4 является чётным, поэтому функция должна вернуть `True`.

#### Граничные случаи

1. **Проверка нуля**
   - **Описание:** проверить, что функция корректно возвращает `True` для нуля.
   - **Тест:** `assert is_even(0) == True`
   - **Пояснение:** ноль является чётным числом, поэтому функция должна вернуть `True`.

2. **Проверка минимального целого числа**
   - **Описание:** проверить, что функция корректно возвращает `False` для минимального целого числа.
   - **Тест:** `assert is_even(int(-sys.maxsize)) == False`
   - **Пояснение:** минимальное целое число является нечётным (в большинстве реализаций), поэтому функция должна вернуть `False`.

Эти тесты охватывают различные сценарии работы функции `is_even(n)`, включая чётные и нечётные числа, отрицательные значения и ноль.",2026-04-25T17:57:49,6.1984
c7be5f97-5da5-46aa-ad40-497b0f03a6aa,a066738b-8377-4084-b196-1aed41414c83,testing,Тестирование,long,tests,0,1,none,,,"Ограничения:
- Используй только стандартную библиотеку Python.
- Раздели тесты на позитивные и негативные.","Напиши unit-тесты для следующего кода. Раздели их на позитивные, негативные и граничные случаи, а также кратко поясни каждый тест:
{code}","{""code"": ""def is_even(n):\n    return n % 2 == 0""}","Напиши unit-тесты для следующего кода. Раздели их на позитивные, негативные и граничные случаи, а также кратко поясни каждый тест:
def is_even(n):
 return n % 2 == 0

Ограничения:
- Используй только стандартную библиотеку Python.
- Раздели тесты на позитивные и негативные.

Ответ должен быть подробным и структурированным.",yandexgpt-lite,latest,"### Позитивные тесты

**Тест 1: Проверка чётного числа**

**Цель:** Убедиться, что функция корректно возвращает `True` для чётного числа.

**Код теста:**

```python
def test_is_even_positive():
    assert is_even(4) == True

if __name__ == '__main__':
    test_is_even_positive()
```

**Объяснение:** В этом тесте проверяется, что функция `is_even` корректно определяет чётность числа 4, возвращая `True`.

**Тест 2: Проверка другого чётного числа**

**Цель:** Убедиться, что функция корректно возвращает `True` для другого чётного числа.

**Код теста:**

```python
def test_is_even_positive_2():
    assert is_even(10) == True

if __name__ == '__main__':
    test_is_even_positive_2()
```

**Объяснение:** В этом тесте проверяется, что функция `is_even` корректно определяет чётность числа 10, возвращая `True`.

### Негативные тесты

**Тест 1: Проверка нечётного числа**

**Цель:** Убедиться, что функция корректно возвращает `False` для нечётного числа.

**Код теста:**

```python
def test_is_even_negative():
    assert is_even(3) == False

if __name__ == '__main__':
    test_is_even_negative()
```

**Объяснение:** В этом тесте проверяется, что функция `is_even` корректно определяет нечётность числа 3, возвращая `False`.

**Тест 2: Проверка отрицательного числа**

**Цель:** Убедиться, что функция корректно обрабатывает отрицательные числа.

**Код теста:**

```python
def test_is_even_negative_2():
    assert is_even(-4) == True
    assert is_even(-3) == False

if __name__ == '__main__':
    test_is_even_negative_2()
```

**Объяснение:** В этом тесте проверяется, что функция `is_even` корректно определяет чётность отрицательного числа -4, возвращая `True`, и нечётность отрицательного числа -3, возвращая `False`.

### Граничные случаи

**Тест 1: Проверка нуля**

**Цель:** Убедиться, что функция корректно обрабатывает ноль.

**Код теста:**

```python
def test_is_even_boundary():
    assert is_even(0) == True

if __name__ == '__main__':
    test_is_even_boundary()
```

**Объяснение:** В этом тесте проверяется, что функция `is_even` корректно определяет чётность нуля, возвращая `True`.",2026-04-25T17:57:56,7.3814
6347bf11-656e-4d66-bdb9-13807b72acb5,02e44210-2bd1-4d1a-bae9-78761f7c73ed,testing,Тестирование,long,tests,0,1,python_developer,Ты Python-разработчик.,,"Ограничения:
- Используй только стандартную библиотеку Python.
- Раздели тесты на позитивные и негативные.","Напиши unit-тесты для следующего кода. Раздели их на позитивные, негативные и граничные случаи, а также кратко поясни каждый тест:
{code}","{""code"": ""def merge_dicts(a, b):\n    result = a.copy()\n    result.update(b)\n    return result""}","Ты Python-разработчик.

Напиши unit-тесты для следующего кода. Раздели их на позитивные, негативные и граничные случаи, а также кратко поясни каждый тест:
def merge_dicts(a, b):
 result = a.copy()
 result.update(b)
 return result

Ограничения:
- Используй только стандартную библиотеку Python.
- Раздели тесты на позитивные и негативные.

Ответ должен быть подробным и структурированным.",yandexgpt-lite,latest,"```python
import unittest

def merge_dicts(a, b):
    result = a.copy()
    result.update(b)
    return result

class TestMergeDicts(unittest.TestCase):

    # Позитивные тесты
    def test_merge_dicts_with_valid_inputs(self):
        """"""
        Тест на слияние двух непустых словарей.
        """"""
        a = {'a': 1, 'b': 2}
        b = {'b': 3, 'c': 4}
        expected = {'a': 1, 'b': 3, 'c': 4}
        self.assertEqual(merge_dicts(a, b), expected)

    def test_merge_dicts_with_empty_first_dictionary(self):
        """"""
        Тест на слияние пустого словаря с непустым.
        """"""
        a = {}
        b = {'b': 2, 'c': 4}
        expected = {'b': 2, 'c': 4}
        self.assertEqual(merge_dicts(a, b), expected)

    def test_merge_dicts_with_empty_second_dictionary(self):
        """"""
        Тест на слияние непустого словаря с пустым.
        """"""
        a = {'a': 1, 'b': 2}
        b = {}
        expected = {'a': 1, 'b': 2}
        self.assertEqual(merge_dicts(a, b), expected)

    # Негативные тесты
    def test_merge_dicts_with_non_dictionary_input(self):
        """"""
        Тест на слияние словаря с не словарём.
        """"""
        a = {'a': 1, 'b': 2}
        b = 'string'
        with self.assertRaises(TypeError):
            merge_dicts(a, b)

    def test_merge_dicts_with_none_input(self):
        """"""
        Тест на слияние словаря с None.
        """"""
        a = {'a': 1, 'b': 2}
        b = None
        with self.assertRaises(TypeError):
            merge_dicts(a, b)

    def test_merge_dicts_with_different_types_values(self):
        """"""
        Тест на слияние словаря с разными типами значений.
        """"""
        a = {'a': 1, 'b': 'string'}
        b = {'b': 3, 'c': 4}
        expected = {'a': 1, 'b': 'string', 'c': 4}
        self.assertEqual(merge_dicts(a, b), expected)

    # Граничные случаи
    def test_merge_dicts_with_single_key_dictionaries(self):
        """"""
        Тест на слияние словарей с одним ключом.
        """"""
        a = {'a': 1}
        b = {'b': 2}
        expected = {'a': 1, 'b': 2}
        self.assertEqual(merge_dicts(a, b), expected)

    def test_merge_dicts_with_identical_keys(self):
        """"""
        Тест на слияние словарей с одинаковыми ключами.
        """"""
        a = {'a': 1, 'b': 2}
        b = {'a': 3, 'b': 4}
        expected = {'a': 3, 'b': 4}
        self.assertEqual(merge_dicts(a, b), expected)

if __name__ == '__main__':
    unittest.main()
```",2026-04-25T17:58:06,10.0903
b37af3e1-4a86-4594-8848-65f5c891f49b,39b0321d-a27d-46a4-8e55-401718ecd1d9,testing,Тестирование,long,tests,0,1,qa_engineer,Ты QA-инженер.,,"Ограничения:
- Не используй внешние зависимости.
- Раздели тесты на позитивные и негативные.","Напиши unit-тесты для следующего кода. Раздели их на позитивные, негативные и граничные случаи, а также кратко поясни каждый тест:
{code}","{""code"": ""def get_first_item(items):\n    return items[0]""}","Ты QA-инженер.

Напиши unit-тесты для следующего кода. Раздели их на позитивные, негативные и граничные случаи, а также кратко поясни каждый тест:
def get_first_item(items):
 return items[0]

Ограничения:
- Не используй внешние зависимости.
- Раздели тесты на позитивные и негативные.

Ответ должен быть подробным и структурированным.",yandexgpt-lite,latest,"### Позитивные тесты

1. **Тест на корректную работу с непустым списком**
   - **Цель:** проверить, что функция корректно возвращает первый элемент из переданного списка.
   - **Описание:** передаём в функцию список, содержащий несколько элементов, и проверяем, что возвращается первый элемент.
   - **Код теста:**
     ```python
     def test_get_first_item_positive():
         items = [1, 2, 3, 4, 5]
         result = get_first_item(items)
         assert result == 1
     ```

### Негативные тесты

1. **Тест на пустой список**
   - **Цель:** проверить, что функция корректно обрабатывает случай, когда переданный список пуст.
   - **Описание:** передаём в функцию пустой список и проверяем, что возникает ожидаемое исключение (например, `IndexError`).
   - **Код теста:**
     ```python
     def test_get_first_item_negative_empty_list():
         items = []
         with pytest.raises(IndexError):
             get_first_item(items)
     ```

2. **Тест на список с одним элементом**
   - **Цель:** проверить, что функция корректно возвращает единственный элемент из списка.
   - **Описание:** передаём в функцию список, содержащий один элемент, и проверяем, что возвращается этот элемент.
   - **Код теста:**
     ```python
     def test_get_first_item_negative_single_item():
         items = [10]
         result = get_first_item(items)
         assert result == 10
     ```

### Граничные случаи

1. **Тест на список с одним элементом (граничный случай)**
   - **Цель:** проверить, что функция корректно работает с граничным случаем, когда список содержит только один элемент.
   - **Описание:** передаём в функцию список, содержащий один элемент, и проверяем, что возвращается этот элемент.
   - **Код теста:**
     ```python
     def test_get_first_item_boundary_single_item():
         items = [10]
         result = get_first_item(items)
         assert result == 10
     ```

Эти тесты покрывают различные сценарии работы функции `get_first_item`, включая позитивные, негативные и граничные случаи.",2026-04-25T17:58:13,6.641
2ce8c058-bd20-478d-ad85-6efe46785e8b,6e69d382-ba72-47b4-910e-699b25e7192b,testing,Тестирование,long,tests,0,1,computer_science_teacher,Ты преподаватель информатики.,,"Ограничения:
- Не используй внешние зависимости.
- Добавь хотя бы один граничный случай.","Напиши unit-тесты для следующего кода. Раздели их на позитивные, негативные и граничные случаи, а также кратко поясни каждый тест:
{code}","{""code"": ""def get_first_item(items):\n    return items[0]""}","Ты преподаватель информатики.

Напиши unit-тесты для следующего кода. Раздели их на позитивные, негативные и граничные случаи, а также кратко поясни каждый тест:
def get_first_item(items):
 return items[0]

Ограничения:
- Не используй внешние зависимости.
- Добавь хотя бы один граничный случай.

Ответ должен быть подробным и структурированным.",yandexgpt-lite,latest,"### Unit-тесты для функции `get_first_item(items)`

#### Позитивные случаи

1. **Тест с пустым списком**
    - **Цель**: проверить, что функция корректно обрабатывает пустой список.
    - **Описание**: передать в функцию пустой список и убедиться, что возвращается `None`.
    - **Код теста**:
        ```python
        import unittest

        class TestGetFirstItem(unittest.TestCase):
            def test_empty_list(self):
                self.assertEqual(get_first_item([]), None)

        if __name__ == '__main__':
            unittest.main()
        ```

2. **Тест с одним элементом**
    - **Цель**: проверить, что функция корректно возвращает первый элемент списка.
    - **Описание**: передать в функцию список с одним элементом и убедиться, что возвращается этот элемент.
    - **Код теста**:
        ```python
        import unittest

        class TestGetFirstItem(unittest.TestCase):
            def test_single_item(self):
                item = 'test'
                self.assertEqual(get_first_item([item]), item)

        if __name__ == '__main__':
            unittest.main()
        ```

#### Негативные случаи

1. **Тест с некорректным типом аргумента**
    - **Цель**: проверить, что функция корректно обрабатывает некорректный тип аргумента.
    - **Описание**: передать в функцию аргумент, который не является списком, и убедиться, что возникает ошибка.
    - **Код теста**:
        ```python
        import unittest

        class TestGetFirstItem(unittest.TestCase):
            def test_incorrect_type(self):
                self.assertRaises(TypeError, get_first_item, 'not a list')

        if __name__ == '__main__':
            unittest.main()
        ```

#### Граничные случаи

1. **Тест с очень длинным списком**
    - **Цель**: проверить, что функция корректно работает с очень длинным списком.
    - **Описание**: передать в функцию список с большим количеством элементов и убедиться, что возвращается первый элемент.
    - **Код теста**:
        ```python
        import unittest

        class TestGetFirstItem(unittest.TestCase):
            def test_long_list(self):
                long_list = list(range(1000))
                self.assertEqual(get_first_item(long_list), long_list[0])

        if __name__ == '__main__':
            unittest.main()
        ```",2026-04-25T17:58:21,7.422
2218cfde-1e73-4cbd-8b65-eb22ad5f07e0,7da8af43-818f-481f-adb4-1deb06c9ec74,testing,Тестирование,long,tests,1,0,none,,Это учебная задача по тестированию.,,"Напиши unit-тесты для следующего кода. Раздели их на позитивные, негативные и граничные случаи, а также кратко поясни каждый тест:
{code}","{""code"": ""def merge_dicts(a, b):\n    result = a.copy()\n    result.update(b)\n    return result""}","Контекст: Это учебная задача по тестированию.

Напиши unit-тесты для следующего кода. Раздели их на позитивные, негативные и граничные случаи, а также кратко поясни каждый тест:
def merge_dicts(a, b):
 result = a.copy()
 result.update(b)
 return result

Ответ должен быть подробным и структурированным.",yandexgpt-lite,latest,"### Позитивные тесты

**Тест 1: Объединение двух непустых словарей**

* **Цель:** проверить корректное объединение двух словарей.
* **Описание:** передать в функцию `merge_dicts` два непустых словаря и проверить, что результат соответствует ожидаемому.
* **Код теста:**
```python
def test_merge_dicts_positive_1():
    a = {'key1': 'value1', 'key2': 'value2'}
    b = {'key3': 'value3', 'key4': 'value4'}
    expected = {'key1': 'value1', 'key2': 'value2', 'key3': 'value3', 'key4': 'value4'}
    result = merge_dicts(a, b)
    assert result == expected
```

### Негативные тесты

**Тест 2: Передача None в качестве одного из аргументов**

* **Цель:** проверить, что функция корректно обрабатывает `None` в качестве аргумента.
* **Описание:** передать `None` в функцию `merge_dicts` и проверить, что возвращается копия другого словаря.
* **Код теста:**
```python
def test_merge_dicts_negative_1():
    a = {'key1': 'value1', 'key2': 'value2'}
    result = merge_dicts(a, None)
    assert result == a
```

**Тест 3: Передача пустого словаря в качестве одного из аргументов**

* **Цель:** проверить, что функция корректно обрабатывает пустой словарь.
* **Описание:** передать пустой словарь в функцию `merge_dicts` и проверить, что возвращается копия другого словаря.
* **Код теста:**
```python
def test_merge_dicts_negative_2():
    a = {'key1': 'value1', 'key2': 'value2'}
    b = {}
    expected = {'key1': 'value1', 'key2': 'value2'}
    result = merge_dicts(a, b)
    assert result == expected
```

### Граничные тесты

**Тест 4: Объединение словаря с пустым словарём**

* **Цель:** проверить, что функция корректно обрабатывает случай, когда один из словарей пустой.
* **Описание:** передать в функцию `merge_dicts` непустой словарь и пустой словарь и проверить, что возвращается копия непустого словаря.
* **Код теста:**
```python
def test_merge_dicts_boundary_1():
    a = {'key1': 'value1', 'key2': 'value2'}
    b = {}
    expected = {'key1': 'value1', 'key2': 'value2'}
    result = merge_dicts(a, b)
    assert result == expected
```

**Тест 5: Объединение словаря с словарём, содержащим только изменяемые типы данных**

* **Цель:** проверить, что функция корректно обрабатывает случай, когда один из словарей содержит только изменяемые типы данных.
* **Описание:** передать в функцию `merge_dicts` словарь, содержащий изменяемые типы данных, и проверить, что результат соответствует ожидаемому.
* **Код теста:**
```python
def test_merge_dicts_boundary_2():
    a = {'key1': [1, 2, 3], 'key2': {'nested': 'value'}}
    b = {'key3': [4, 5, 6], 'key4': {'nested': 'other'}}
    expected = {'key1': [1, 2, 3], 'key2': {'nested': 'value'}, 'key3': [4, 5, 6], 'key4': {'nested': 'other'}}
    result = merge_dicts(a, b)
    assert result == expected
```",2026-04-25T17:58:31,10.373
08a3c305-26e1-4ba3-b577-6ebed04ec7b5,b63fcf8f-7e69-453a-a108-4de915c79cd9,testing,Тестирование,long,tests,1,0,python_developer,Ты Python-разработчик.,Нужно подготовить проверку для небольшой функции.,,"Напиши unit-тесты для следующего кода. Раздели их на позитивные, негативные и граничные случаи, а также кратко поясни каждый тест:
{code}","{""code"": ""def divide(a, b):\n    return a / b""}","Ты Python-разработчик.

Контекст: Нужно подготовить проверку для небольшой функции.

Напиши unit-тесты для следующего кода. Раздели их на позитивные, негативные и граничные случаи, а также кратко поясни каждый тест:
def divide(a, b):
 return a / b

Ответ должен быть подробным и структурированным.",yandexgpt-lite,latest,"```python
import unittest

def divide(a, b):
    return a / b

class TestDivide(unittest.TestCase):

    # Позитивные случаи
    def test_divide_positive(self):
        """"""Проверка корректного деления положительных чисел""""""
        self.assertEqual(divide(10, 2), 5)

    def test_divide_decimal(self):
        """"""Проверка корректного деления с десятичными числами""""""
        self.assertEqual(divide(10.0, 2), 5.0)

    # Негативные случаи
    def test_divide_zero_denominator(self):
        """"""Проверка попытки деления на ноль""""""
        self.assertRaises(ZeroDivisionError, divide, 10, 0)

    def test_divide_negative_numbers(self):
        """"""Проверка корректного деления отрицательных чисел""""""
        self.assertEqual(divide(-10, 2), -5)

    # Граничные случаи
    def test_divide_one_argument(self):
        """"""Проверка попытки деления с одним аргументом""""""
        self.assertRaises(TypeError, divide, 10)

    def test_divide_equal_numbers(self):
        """"""Проверка деления числа на само себя""""""
        self.assertEqual(divide(10, 10), 1)

    def test_divide_large_numbers(self):
        """"""Проверка корректного деления больших чисел""""""
        self.assertEqual(divide(1000000, 100), 10000.0)

    def test_divide_small_numbers(self):
        """"""Проверка корректного деления малых чисел""""""
        self.assertEqual(divide(0.1, 0.01), 10.0)

if __name__ == '__main__':
    unittest.main()
```",2026-04-25T17:58:36,5.321
fab75406-21a6-42c7-bb01-f20a2103f0cf,76b880df-62b7-4fe4-bd2a-cf81491ed527,testing,Тестирование,long,tests,1,0,qa_engineer,Ты QA-инженер.,Это учебная задача по тестированию.,,"Напиши unit-тесты для следующего кода. Раздели их на позитивные, негативные и граничные случаи, а также кратко поясни каждый тест:
{code}","{""code"": ""def merge_dicts(a, b):\n    result = a.copy()\n    result.update(b)\n    return result""}","Ты QA-инженер.

Контекст: Это учебная задача по тестированию.

Напиши unit-тесты для следующего кода. Раздели их на позитивные, негативные и граничные случаи, а также кратко поясни каждый тест:
def merge_dicts(a, b):
 result = a.copy()
 result.update(b)
 return result

Ответ должен быть подробным и структурированным.",yandexgpt-lite,latest,"### Позитивные тесты

**Тест 1: проверка корректного слияния двух словарей**

- **Описание:** проверить, что функция `merge_dicts` корректно объединяет два словаря без ошибок.
- **Ожидаемый результат:** функция должна вернуть новый словарь, содержащий все ключи и значения из обоих входных словарей.
- **Код теста:**
  ```python
  a = {'key1': 'value1', 'key2': 'value2'}
  b = {'key3': 'value3', 'key4': 'value4'}
  expected = {'key1': 'value1', 'key2': 'value2', 'key3': 'value3', 'key4': 'value4'}
  result = merge_dicts(a, b)
  assert result == expected
  ```

### Негативные тесты

**Тест 2: проверка работы функции при передаче None в качестве одного из аргументов**

- **Описание:** проверить, что функция корректно обрабатывает ситуацию, когда один из входных аргументов равен `None`.
- **Ожидаемый результат:** функция должна вернуть копию второго словаря (если один из аргументов `None`), либо копию первого словаря, если второй аргумент `None`.
- **Код теста:**
  ```python
  a = {'key1': 'value1', 'key2': 'value2'}
  b = None
  expected = {'key1': 'value1', 'key2': 'value2'}
  result = merge_dicts(a, b)
  assert result == expected

  a = None
  b = {'key3': 'value3', 'key4': 'value4'}
  expected = {'key3': 'value3', 'key4': 'value4'}
  result = merge_dicts(a, b)
  assert result == expected
  ```

**Тест 3: проверка работы функции при передаче пустого словаря в качестве одного из аргументов**

- **Описание:** проверить, что функция корректно обрабатывает ситуацию, когда один из входных аргументов является пустым словарём.
- **Ожидаемый результат:** функция должна вернуть копию второго словаря (если один из аргументов пустой), либо копию первого словаря, если второй аргумент пустой.
- **Код теста:**
  ```python
  a = {'key1': 'value1', 'key2': 'value2'}
  b = {}
  expected = {'key1': 'value1', 'key2': 'value2'}
  result = merge_dicts(a, b)
  assert result == expected

  a = {}
  b = {'key3': 'value3', 'key4': 'value4'}
  expected = {'key3': 'value3', 'key4': 'value4'}
  result = merge_dicts(a, b)
  assert result == expected
  ```

### Граничные тесты

**Тест 4: проверка работы функции при передаче словарей с одинаковым ключом**

- **Описание:** проверить, что функция корректно обрабатывает ситуацию, когда оба входных словаря содержат один и тот же ключ.
- **Ожидаемый результат:** функция должна вернуть новый словарь, содержащий один раз ключ и значение, которые встречаются в обоих словарях.
- **Код теста:**
  ```python
  a = {'key1': 'value1', 'key2': 'value2'}
  b = {'key1': 'new_value1', 'key3': 'value3'}
  expected = {'key1': 'new_value1', 'key2': 'value2', 'key3': 'value3'}
  result = merge_dicts(a, b)
  assert result == expected
  ```",2026-04-25T17:58:46,9.4637
4b4d80bf-31e8-422f-9f8c-001cc28ed988,090dff9e-8e41-4ffc-99d3-ff9b5472175b,testing,Тестирование,long,test_cases,1,0,computer_science_teacher,Ты преподаватель информатики.,Речь идёт о модуле на Python.,,"Составь полный набор тест-кейсов для функции, включая позитивные, негативные и граничные сценарии:
{code}","{""code"": ""def merge_dicts(a, b):\n    result = a.copy()\n    result.update(b)\n    return result""}","Ты преподаватель информатики.

Контекст: Речь идёт о модуле на Python.

Составь полный набор тест-кейсов для функции, включая позитивные, негативные и граничные сценарии:
def merge_dicts(a, b):
 result = a.copy()
 result.update(b)
 return result

Ответ должен быть подробным и структурированным.",yandexgpt-lite,latest,"### Тест-кейсы для функции `merge_dicts(a, b)`

#### Позитивные сценарии

1. **Объединение двух непустых словарей**:
   - **Входные данные**: `a = {""key1"": ""value1"", ""key2"": ""value2""}`, `b = {""key3"": ""value3"", ""key4"": ""value4""}`
   - **Ожидаемый результат**: `{""key1"": ""value1"", ""key2"": ""value2"", ""key3"": ""value3"", ""key4"": ""value4""}`

2. **Добавление новых ключей в первый словарь**:
   - **Входные данные**: `a = {""key1"": ""value1""}`, `b = {""key2"": ""value2"", ""key3"": ""value3""}`
   - **Ожидаемый результат**: `{""key1"": ""value1"", ""key2"": ""value2"", ""key3"": ""value3""}`

3. **Сохранение значений из первого словаря при наличии одинаковых ключей**:
   - **Входные данные**: `a = {""key1"": ""value1"", ""key2"": ""value2""}`, `b = {""key1"": ""value1_new""}`
   - **Ожидаемый результат**: `{""key1"": ""value1"", ""key2"": ""value2""}`

#### Негативные сценарии

1. **Передача пустого словаря в качестве первого аргумента**:
   - **Входные данные**: `a = {}`, `b = {""key1"": ""value1""}`
   - **Ожидаемый результат**: `{""key1"": ""value1""}`

2. **Передача пустого словаря в качестве второго аргумента**:
   - **Входные данные**: `a = {""key1"": ""value1""}`, `b = {}`
   - **Ожидаемый результат**: `{""key1"": ""value1""}`

3. **Передача None в качестве одного из аргументов**:
   - **Входные данные**: `a = {""key1"": ""value1""}`, `b = None`
   - **Ожидаемый результат**: `{""key1"": ""value1""}`

#### Граничные сценарии

1. **Объединение словарей с одинаковым количеством ключей**:
   - **Входные данные**: `a = {""key1"": ""value1"", ""key2"": ""value2""}`, `b = {""key3"": ""value3"", ""key4"": ""value4""}`
   - **Ожидаемый результат**: `{""key1"": ""value1"", ""key2"": ""value2"", ""key3"": ""value3"", ""key4"": ""value4""}`

2. **Объединение словарей с разным количеством ключей**:
   - **Входные данные**: `a = {""key1"": ""value1"", ""key2"": ""value2""}`, `b = {""key3"": ""value3""}`
   - **Ожидаемый результат**: `{""key1"": ""value1"", ""key2"": ""value2"", ""key3"": ""value3""}`

3. **Объединение словарей, где один из ключей имеет одинаковое значение**:
   - **Входные данные**: `a = {""key1"": ""value1"", ""key2"": ""value2""}`, `b = {""key1"": ""value1_new""}`
   - **Ожидаемый результат**: `{""key1"": ""value1"", ""key2"": ""value2""}`

4. **Объединение словарей, где один из ключей имеет одинаковое значение, но с разными типами данных**:
   - **Входные данные**: `a = {""key1"": ""value1"", ""key2"": ""value2""}`, `b = {""key1"": 1}`
   - **Ожидаемый результат**: `{""key1"": ""value1"", ""key2"": ""value2""}`",2026-04-25T17:58:55,9.8135
95b5674d-61f4-4d72-bed4-105c4d379498,36d467f7-1b92-415e-b202-4648bf079bb8,testing,Тестирование,long,test_cases,1,1,none,,Нужно подготовить проверку для небольшой функции.,"Ограничения:
- Не используй внешние зависимости.
- Раздели тесты на позитивные и негативные.","Составь полный набор тест-кейсов для функции, включая позитивные, негативные и граничные сценарии:
{code}","{""code"": ""def get_first_item(items):\n    return items[0]""}","Контекст: Нужно подготовить проверку для небольшой функции.

Составь полный набор тест-кейсов для функции, включая позитивные, негативные и граничные сценарии:
def get_first_item(items):
 return items[0]

Ограничения:
- Не используй внешние зависимости.
- Раздели тесты на позитивные и негативные.

Ответ должен быть подробным и структурированным.",yandexgpt-lite,latest,"### Позитивные сценарии

1. **Тест с корректным списком элементов:**
   - **Цель:** проверить, что функция корректно возвращает первый элемент из переданного списка.
   - **Данные:** `items = [1, 2, 3, 4, 5]`.
   - **Ожидаемый результат:** функция должна вернуть `1`.

2. **Тест со списком, содержащим одноэлемент:**
   - **Цель:** проверить, что функция корректно возвращает единственный элемент из списка.
   - **Данные:** `items = [10]`.
   - **Ожидаемый результат:** функция должна вернуть `10`.

3. **Тест с пустым списком:**
   - **Цель:** проверить, что функция корректно обрабатывает пустой список.
   - **Данные:** `items = []`.
   - **Ожидаемый результат:** функция должна вызвать `IndexError`, так как попытка доступа к `items[0]` в пустом списке приведёт к ошибке.

### Негативные сценарии

1. **Тест с некорректным типом данных для списка:**
   - **Цель:** проверить, что функция корректно обрабатывает только списки.
   - **Данные:** `items = ""string""`, `items = {key: value}`.
   - **Ожидаемый результат:** функция должна вызвать `TypeError`, так как переданный аргумент не является списком.

2. **Тест с None в качестве аргумента:**
   - **Цель:** проверить, что функция корректно обрабатывает `None` в качестве аргумента.
   - **Данные:** `items = None`.
   - **Ожидаемый результат:** функция должна вызвать `TypeError`, так как `None` не является списком.

3. **Тест с отрицательным индексом в списке:**
   - **Цель:** проверить, что функция корректно обрабатывает только положительные индексы.
   - **Данные:** `items = [1, 2, 3, 4, 5]`, попытка доступа к `items[-1]`.
   - **Ожидаемый результат:** функция должна вызвать `IndexError`, так как попытка доступа к отрицательному индексу в списке приведёт к ошибке.",2026-04-25T17:59:01,5.4925
334c25a3-1735-4754-b3ca-813e0809d5d2,285aa827-8630-4954-bc09-cf55fc55e0f9,testing,Тестирование,long,tests,1,1,python_developer,Ты Python-разработчик.,Речь идёт о модуле на Python.,"Ограничения:
- Не используй внешние зависимости.
- Добавь хотя бы один граничный случай.","Напиши unit-тесты для следующего кода. Раздели их на позитивные, негативные и граничные случаи, а также кратко поясни каждый тест:
{code}","{""code"": ""def is_even(n):\n    return n % 2 == 0""}","Ты Python-разработчик.

Контекст: Речь идёт о модуле на Python.

Напиши unit-тесты для следующего кода. Раздели их на позитивные, негативные и граничные случаи, а также кратко поясни каждый тест:
def is_even(n):
 return n % 2 == 0

Ограничения:
- Не используй внешние зависимости.
- Добавь хотя бы один граничный случай.

Ответ должен быть подробным и структурированным.",yandexgpt-lite,latest,"```python
import unittest

def is_even(n):
    return n % 2 == 0

class TestIsEven(unittest.TestCase):

    # Позитивные тесты
    def test_even_number(self):
        """"""Проверяем, что функция корректно возвращает True для чётного числа.""""""
        self.assertTrue(is_even(4))

    def test_even_number_zero(self):
        """"""Проверяем, что функция корректно возвращает True для нуля.""""""
        self.assertTrue(is_even(0))

    # Негативные тесты
    def test_odd_number(self):
        """"""Проверяем, что функция корректно возвращает False для нечётного числа.""""""
        self.assertFalse(is_even(3))

    def test_negative_even_number(self):
        """"""Проверяем, что функция корректно возвращает True для отрицательного чётного числа.""""""
        self.assertTrue(is_even(-4))

    # Граничные случаи
    def test_large_even_number(self):
        """"""Проверяем, что функция корректно работает с большим чётным числом.""""""
        self.assertTrue(is_even(1000000000))

    def test_small_even_number(self):
        """"""Проверяем, что функция корректно работает с малым чётным числом.""""""
        self.assertTrue(is_even(2))

if __name__ == '__main__':
    unittest.main()
```",2026-04-25T17:59:05,4.3817
a75ea668-9747-41d9-9042-77befd11ae76,eaea0514-35e4-4d0a-89d4-6c3796fe00b6,testing,Тестирование,long,tests,1,1,qa_engineer,Ты QA-инженер.,Нужно подготовить проверку для небольшой функции.,"Ограничения:
- Используй только стандартную библиотеку Python.
- Добавь хотя бы один граничный случай.","Напиши unit-тесты для следующего кода. Раздели их на позитивные, негативные и граничные случаи, а также кратко поясни каждый тест:
{code}","{""code"": ""def merge_dicts(a, b):\n    result = a.copy()\n    result.update(b)\n    return result""}","Ты QA-инженер.

Контекст: Нужно подготовить проверку для небольшой функции.

Напиши unit-тесты для следующего кода. Раздели их на позитивные, негативные и граничные случаи, а также кратко поясни каждый тест:
def merge_dicts(a, b):
 result = a.copy()
 result.update(b)
 return result

Ограничения:
- Используй только стандартную библиотеку Python.
- Добавь хотя бы один граничный случай.

Ответ должен быть подробным и структурированным.",yandexgpt-lite,latest,"### Позитивные тесты

1. **Проверка слияния двух непустых словарей с разными ключами.**
   - **Описание:** проверка корректности слияния двух словарей, в которых нет общих ключей.
   - **Тест:**
     ```python
     a = {'key1': 'value1', 'key2': 'value2'}
     b = {'key3': 'value3', 'key4': 'value4'}
     result = merge_dicts(a, b)
     assert result == {'key1': 'value1', 'key2': 'value2', 'key3': 'value3', 'key4': 'value4'}
     ```

2. **Проверка слияния двух непустых словарей с одинаковыми ключами.**
   - **Описание:** проверка корректности слияния двух словарей, в которых есть общие ключи.
   - **Тест:**
     ```python
     a = {'key1': 'value1', 'key2': 'value2'}
     b = {'key1': 'new_value1', 'key3': 'value3'}
     result = merge_dicts(a, b)
     assert result == {'key1': 'new_value1', 'key2': 'value2', 'key3': 'value3'}
     ```

### Негативные тесты

1. **Проверка слияния пустого словаря с непустым.**
   - **Описание:** проверка корректности слияния пустого словаря с непустым.
   - **Тест:**
     ```python
     a = {}
     b = {'key1': 'value1', 'key2': 'value2'}
     result = merge_dicts(a, b)
     assert result == {'key1': 'value1', 'key2': 'value2'}
     ```

2. **Проверка слияния словаря с None.**
   - **Описание:** проверка корректности слияния словаря с `None`.
   - **Тест:**
     ```python
     a = {'key1': 'value1', 'key2': 'value2'}
     b = None
     result = merge_dicts(a, b)
     assert result == {'key1': 'value1', 'key2': 'value2'}
     ```

### Граничные случаи

1. **Проверка слияния словаря с одним элементом с непустым словарём.**
   - **Описание:** проверка корректности слияния словаря с одним элементом с непустым словарём.
   - **Тест:**
     ```python
     a = {'key1': 'value1'}
     b = {'key2': 'value2', 'key3': 'value3'}
     result = merge_dicts(a, b)
     assert result == {'key1': 'value1', 'key2': 'value2', 'key3': 'value3'}
     ```",2026-04-25T17:59:13,7.3981
60b0d8cd-6be7-4b1f-83cc-4fc89abdae99,a159a34e-7ab4-43be-a1ba-b7db3864e94f,testing,Тестирование,long,test_cases,1,1,computer_science_teacher,Ты преподаватель информатики.,Нужно подготовить проверку для небольшой функции.,"Ограничения:
- Используй только стандартную библиотеку Python.
- Добавь хотя бы один граничный случай.","Составь полный набор тест-кейсов для функции, включая позитивные, негативные и граничные сценарии:
{code}","{""code"": ""def normalize_name(name):\n    return name.strip().title()""}","Ты преподаватель информатики.

Контекст: Нужно подготовить проверку для небольшой функции.

Составь полный набор тест-кейсов для функции, включая позитивные, негативные и граничные сценарии:
def normalize_name(name):
 return name.strip().title()

Ограничения:
- Используй только стандартную библиотеку Python.
- Добавь хотя бы один граничный случай.

Ответ должен быть подробным и структурированным.",yandexgpt-lite,latest,"### Тест-кейсы для функции `normalize_name(name)`

#### Позитивные сценарии

1. **Пустое имя:**
   - **Входные данные:** `name = """"`
   - **Ожидаемый результат:** `""""` (функция должна вернуть пустую строку)

2. **Имя без пробелов и в нижнем регистре:**
   - **Входные данные:** `name = ""john""`
   - **Ожидаемый результат:** `""John""`

3. **Имя с пробелами в начале и в конце:**
   - **Входные данные:** `name = "" john doe  ""`
   - **Ожидаемый результат:** `""John Doe""`

4. **Имя с несколькими словами:**
   - **Входные данные:** `name = ""alice bob charlie""`
   - **Ожидаемый результат:** `""Alice Bob Charlie""`

#### Негативные сценарии

1. **Имя с цифрами и специальными символами:**
   - **Входные данные:** `name = ""alice123!@#""`
   - **Ожидаемый результат:** `""Alice123!@#""` (функция должна возвращать имя без изменений, если в нём есть недопустимые символы)

2. **Имя с непечатаемыми символами:**
   - **Входные данные:** `name = ""\x00alice""`
   - **Ожидаемый результат:** `""Alice""` (функция должна игнорировать непечатаемые символы)

#### Граничные случаи

1. **Имя с одним пробелом:**
   - **Входные данные:** `name = "" a ""`
   - **Ожидаемый результат:** `""A""` (функция должна удалить начальные и конечные пробелы и привести имя к верхнему регистру)

### Дополнительные комментарии

- Функция `normalize_name(name)` использует методы `strip()` для удаления пробелов в начале и в конце строки и `title()` для приведения первого символа каждого слова к верхнему регистру.
- Важно проверить, что функция корректно обрабатывает различные типы входных данных, включая пустые строки, имена с пробелами и именами, содержащими только цифры и специальные символы.",2026-04-25T17:59:18,5.7372
