prompt_id,category,category_label,length_level,has_context,has_constraints,role,role_text,context_text,constraints_text,template_text,variable_values,expected_response_type,prompt_text,char_count,word_count,sentence_count,prompt_line_count,prompt_paragraph_count,has_question_form,has_role,has_format_instruction,has_code_in_prompt,constraint_count,instruction_count,directive_words_count,technical_terms_count,structure_score,specificity_score,created_at
48cf12d0-0d8b-4071-980f-d5dcecf9fbb5,code_generation,Генерация кода,short,0,0,none,,,,"Напиши функцию на Python, которая {task}.","{""task"": ""сортирует список чисел по возрастанию""}",code,"Напиши функцию на Python, которая сортирует список чисел по возрастанию.

Ответ должен быть кратким.",100,14,2,2,2,0,0,0,0,0,1,1,2,0.3,0.25,2026-04-25T14:27:52+00:00
25fd5172-edaf-45fd-809d-dcb22754ac31,code_generation,Генерация кода,short,0,0,python_developer,Ты Python-разработчик.,,,Реализуй на Python решение задачи: {task}.,"{""task"": ""проверяет, является ли строка палиндромом""}",code,"Ты Python-разработчик.

Реализуй на Python решение задачи: проверяет, является ли строка палиндромом.

Ответ должен быть кратким.",129,17,3,3,3,0,1,0,0,0,1,1,3,0.5,0.25,2026-04-25T14:27:52+00:00
27cefcbb-88b0-4632-9ceb-2fd906ce4422,code_generation,Генерация кода,short,0,0,qa_engineer,Ты QA-инженер.,,,"Напиши функцию на Python, которая {task}.","{""task"": ""подсчитывает количество слов в строке""}",code,"Ты QA-инженер.

Напиши функцию на Python, которая подсчитывает количество слов в строке.

Ответ должен быть кратким.",116,17,3,3,3,0,1,0,0,0,1,1,1,0.5,0.25,2026-04-25T14:27:52+00:00
8e562bca-b235-453f-b223-3f75ce7530ff,code_generation,Генерация кода,short,0,0,computer_science_teacher,Ты преподаватель информатики.,,,"Напиши функцию на Python, которая {task}.","{""task"": ""находит максимальный элемент в списке""}",code,"Ты преподаватель информатики.

Напиши функцию на Python, которая находит максимальный элемент в списке.

Ответ должен быть кратким.",131,17,3,3,3,0,1,0,0,0,1,1,1,0.5,0.25,2026-04-25T14:27:52+00:00
b2916bb8-404a-425c-b23f-1e96b946339f,code_generation,Генерация кода,short,0,1,none,,,"Ограничения:
- Используй только стандартную библиотеку Python.
- Добавь комментарии к ключевым частям решения.",Реализуй на Python решение задачи: {task}.,"{""task"": ""сортирует список чисел по возрастанию""}",code,"Реализуй на Python решение задачи: сортирует список чисел по возрастанию.

Ограничения:
- Используй только стандартную библиотеку Python.
- Добавь комментарии к ключевым частям решения.

Ответ должен быть кратким.",213,26,4,5,3,0,0,1,0,5,2,3,3,0.85,0.7,2026-04-25T14:27:52+00:00
0489d218-765e-42b2-9815-fccfa55efa70,code_generation,Генерация кода,short,0,1,python_developer,Ты Python-разработчик.,,"Ограничения:
- Не используй внешние зависимости.
- Добавь комментарии к ключевым частям решения.","Напиши функцию на Python, которая {task}.","{""task"": ""проверяет, является ли строка палиндромом""}",code,"Ты Python-разработчик.

Напиши функцию на Python, которая проверяет, является ли строка палиндромом.

Ограничения:
- Не используй внешние зависимости.
- Добавь комментарии к ключевым частям решения.

Ответ должен быть кратким.",226,28,5,6,4,0,1,1,0,5,2,3,3,0.85,0.7,2026-04-25T14:27:52+00:00
ed7361ee-30e7-484d-8a3d-d145f6a405d9,code_generation,Генерация кода,short,0,1,qa_engineer,Ты QA-инженер.,,"Ограничения:
- Используй только стандартную библиотеку Python.
- Избегай избыточно сложных конструкций.","Напиши функцию на Python, которая {task}.","{""task"": ""считывает JSON-файл и возвращает его содержимое""}",code,"Ты QA-инженер.

Напиши функцию на Python, которая считывает JSON-файл и возвращает его содержимое.

Ограничения:
- Используй только стандартную библиотеку Python.
- Избегай избыточно сложных конструкций.

Ответ должен быть кратким.",231,29,5,6,4,0,1,0,0,5,1,3,3,0.85,0.55,2026-04-25T14:27:52+00:00
fef4d834-4cd1-4f11-bb71-53fd6478107e,code_generation,Генерация кода,short,0,1,computer_science_teacher,Ты преподаватель информатики.,,"Ограничения:
- Используй только стандартную библиотеку Python.
- Избегай избыточно сложных конструкций.",Реализуй на Python решение задачи: {task}.,"{""task"": ""сортирует список чисел по возрастанию""}",code,"Ты преподаватель информатики.

Реализуй на Python решение задачи: сортирует список чисел по возрастанию.

Ограничения:
- Используй только стандартную библиотеку Python.
- Избегай избыточно сложных конструкций.

Ответ должен быть кратким.",237,27,5,6,4,0,1,0,0,5,1,3,3,0.85,0.55,2026-04-25T14:27:52+00:00
bf21a020-8d2f-497b-bf33-3c36096a160e,code_generation,Генерация кода,short,1,0,none,,Это учебная задача для начинающего разработчика.,,Реализуй на Python решение задачи: {task}.,"{""task"": ""подсчитывает количество слов в строке""}",code,"Контекст: Это учебная задача для начинающего разработчика.

Реализуй на Python решение задачи: подсчитывает количество слов в строке.

Ответ должен быть кратким.",161,21,3,3,3,0,0,0,0,0,1,1,1,0.65,0.55,2026-04-25T14:27:52+00:00
e0b9e1cb-0dfe-471f-aef2-b9f110de64a2,code_generation,Генерация кода,short,1,0,python_developer,Ты Python-разработчик.,Это часть backend-сервиса.,,Реализуй на Python решение задачи: {task}.,"{""task"": ""находит максимальный элемент в списке""}",code,"Ты Python-разработчик.

Контекст: Это часть backend-сервиса.

Реализуй на Python решение задачи: находит максимальный элемент в списке.

Ответ должен быть кратким.",163,22,4,4,4,0,1,0,0,0,1,1,3,0.65,0.55,2026-04-25T14:27:52+00:00
8c5d4776-4a14-4f45-8229-26083f83dbc2,code_generation,Генерация кода,short,1,0,qa_engineer,Ты QA-инженер.,Это часть backend-сервиса.,,Реализуй на Python решение задачи: {task}.,"{""task"": ""находит максимальный элемент в списке""}",code,"Ты QA-инженер.

Контекст: Это часть backend-сервиса.

Реализуй на Python решение задачи: находит максимальный элемент в списке.

Ответ должен быть кратким.",155,22,4,4,4,0,1,0,0,0,1,1,2,0.65,0.55,2026-04-25T14:27:52+00:00
9211fd62-edef-4e58-be89-cd18e36501b1,code_generation,Генерация кода,short,1,0,computer_science_teacher,Ты преподаватель информатики.,Это учебная задача для начинающего разработчика.,,Реализуй на Python решение задачи: {task}.,"{""task"": ""объединяет два словаря""}",code,"Ты преподаватель информатики.

Контекст: Это учебная задача для начинающего разработчика.

Реализуй на Python решение задачи: объединяет два словаря.

Ответ должен быть кратким.",177,22,4,4,4,0,1,0,0,0,1,1,1,0.65,0.55,2026-04-25T14:27:52+00:00
322831c5-672e-4c35-b942-e91c086ba516,code_generation,Генерация кода,short,1,1,none,,Это часть backend-сервиса.,"Ограничения:
- Ответ должен быть понятен начинающему специалисту.
- Добавь комментарии к ключевым частям решения.",Реализуй на Python решение задачи: {task}.,"{""task"": ""находит максимальный элемент в списке""}",code,"Контекст: Это часть backend-сервиса.

Реализуй на Python решение задачи: находит максимальный элемент в списке.

Ограничения:
- Ответ должен быть понятен начинающему специалисту.
- Добавь комментарии к ключевым частям решения.

Ответ должен быть кратким.",254,32,5,6,4,0,0,1,0,4,2,2,2,1.0,0.9,2026-04-25T14:27:52+00:00
46d0ba59-661d-4d96-ab26-a1c92d229978,code_generation,Генерация кода,short,1,1,python_developer,Ты Python-разработчик.,Это утилита для автоматизации обработки данных.,"Ограничения:
- Не используй внешние зависимости.
- Добавь комментарии к ключевым частям решения.",Реализуй на Python решение задачи: {task}.,"{""task"": ""удаляет дубликаты из списка с сохранением порядка""}",code,"Ты Python-разработчик.

Контекст: Это утилита для автоматизации обработки данных.

Реализуй на Python решение задачи: удаляет дубликаты из списка с сохранением порядка.

Ограничения:
- Не используй внешние зависимости.
- Добавь комментарии к ключевым частям решения.

Ответ должен быть кратким.",294,37,6,7,5,0,1,1,0,5,2,3,2,1.0,0.9,2026-04-25T14:27:52+00:00
410e927c-7446-4746-9576-97918fc9846f,code_generation,Генерация кода,short,1,1,qa_engineer,Ты QA-инженер.,Это утилита для автоматизации обработки данных.,"Ограничения:
- Не используй внешние зависимости.
- Добавь комментарии к ключевым частям решения.","Напиши функцию на Python, которая {task}.","{""task"": ""сортирует список чисел по возрастанию""}",code,"Ты QA-инженер.

Контекст: Это утилита для автоматизации обработки данных.

Напиши функцию на Python, которая сортирует список чисел по возрастанию.

Ограничения:
- Не используй внешние зависимости.
- Добавь комментарии к ключевым частям решения.

Ответ должен быть кратким.",273,35,6,7,5,0,1,1,0,5,2,3,2,1.0,0.9,2026-04-25T14:27:52+00:00
7592397c-0c5d-4f35-beea-07b8d3e7f58d,code_generation,Генерация кода,short,1,1,computer_science_teacher,Ты преподаватель информатики.,Это учебная задача для начинающего разработчика.,"Ограничения:
- Используй только стандартную библиотеку Python.
- Избегай избыточно сложных конструкций.","Напиши функцию на Python, которая {task}.","{""task"": ""проверяет, является ли строка палиндромом""}",code,"Ты преподаватель информатики.

Контекст: Это учебная задача для начинающего разработчика.

Напиши функцию на Python, которая проверяет, является ли строка палиндромом.

Ограничения:
- Используй только стандартную библиотеку Python.
- Избегай избыточно сложных конструкций.

Ответ должен быть кратким.",300,34,6,7,5,0,1,0,0,5,1,3,3,1.0,0.75,2026-04-25T14:27:52+00:00
db05c550-8309-4a38-8e3d-716bb1b7ff37,code_generation,Генерация кода,medium,0,0,none,,,,Реализуй на Python решение задачи: {task}. Добавь краткое объяснение логики.,"{""task"": ""группирует список чисел на чётные и нечётные""}",code_and_text,"Реализуй на Python решение задачи: группирует список чисел на чётные и нечётные. Добавь краткое объяснение логики.

Ответ должен быть средней подробности.",154,21,3,2,2,0,0,1,0,1,2,2,2,0.3,0.5,2026-04-25T14:27:52+00:00
8921513d-6969-45bf-b3ad-c5853992edce,code_generation,Генерация кода,medium,0,0,python_developer,Ты Python-разработчик.,,,Реализуй на Python решение задачи: {task}. Добавь краткое объяснение логики.,"{""task"": ""подсчитывает количество слов в строке""}",code_and_text,"Ты Python-разработчик.

Реализуй на Python решение задачи: подсчитывает количество слов в строке. Добавь краткое объяснение логики.

Ответ должен быть средней подробности.",171,22,4,3,3,0,1,1,0,1,2,2,2,0.5,0.5,2026-04-25T14:27:52+00:00
4c4ac2d3-51b5-4733-974f-12ad716fbe2c,code_generation,Генерация кода,medium,0,0,qa_engineer,Ты QA-инженер.,,,Реализуй на Python решение задачи: {task}. Добавь краткое объяснение логики.,"{""task"": ""удаляет дубликаты из списка с сохранением порядка""}",code_and_text,"Ты QA-инженер.

Реализуй на Python решение задачи: удаляет дубликаты из списка с сохранением порядка. Добавь краткое объяснение логики.

Ответ должен быть средней подробности.",175,24,4,3,3,0,1,1,0,1,2,2,1,0.5,0.5,2026-04-25T14:27:52+00:00
12bb1208-8178-4f49-9b91-d80f9c69602d,code_generation,Генерация кода,medium,0,0,computer_science_teacher,Ты преподаватель информатики.,,,"Напиши функцию на Python, которая {task}. Кратко поясни решение.","{""task"": ""объединяет два словаря""}",code_and_text,"Ты преподаватель информатики.

Напиши функцию на Python, которая объединяет два словаря. Кратко поясни решение.

Ответ должен быть средней подробности.",151,19,4,3,3,0,1,1,0,0,1,1,1,0.5,0.4,2026-04-25T14:27:52+00:00
b0ebf02d-ffd1-4edf-bc24-a0543d4baf17,code_generation,Генерация кода,medium,0,1,none,,,"Ограничения:
- Не используй внешние зависимости.
- Добавь комментарии к ключевым частям решения.","Напиши функцию на Python, которая {task}. Кратко поясни решение.","{""task"": ""подсчитывает количество слов в строке""}",code_and_text,"Напиши функцию на Python, которая подсчитывает количество слов в строке. Кратко поясни решение.

Ограничения:
- Не используй внешние зависимости.
- Добавь комментарии к ключевым частям решения.

Ответ должен быть средней подробности.",233,29,5,5,3,0,0,1,0,5,2,3,1,0.85,0.7,2026-04-25T14:27:52+00:00
a8460cf7-1954-4a1c-9d9e-3f970d951ea1,code_generation,Генерация кода,medium,0,1,python_developer,Ты Python-разработчик.,,"Ограничения:
- Ответ должен быть понятен начинающему специалисту.
- Избегай избыточно сложных конструкций.","Напиши функцию на Python, которая {task}. Кратко поясни решение.","{""task"": ""группирует список чисел на чётные и нечётные""}",code_and_text,"Ты Python-разработчик.

Напиши функцию на Python, которая группирует список чисел на чётные и нечётные. Кратко поясни решение.

Ограничения:
- Ответ должен быть понятен начинающему специалисту.
- Избегай избыточно сложных конструкций.

Ответ должен быть средней подробности.",274,34,6,6,4,0,1,1,0,4,1,2,3,0.85,0.7,2026-04-25T14:27:52+00:00
dda0cd9a-42f9-4132-912c-57b8dd6cc0c2,code_generation,Генерация кода,medium,0,1,qa_engineer,Ты QA-инженер.,,"Ограничения:
- Используй только стандартную библиотеку Python.
- Добавь комментарии к ключевым частям решения.","Напиши функцию на Python, которая {task}. Кратко поясни решение.","{""task"": ""удаляет дубликаты из списка с сохранением порядка""}",code_and_text,"Ты QA-инженер.

Напиши функцию на Python, которая удаляет дубликаты из списка с сохранением порядка. Кратко поясни решение.

Ограничения:
- Используй только стандартную библиотеку Python.
- Добавь комментарии к ключевым частям решения.

Ответ должен быть средней подробности.",275,35,6,6,4,0,1,1,0,5,2,3,2,0.85,0.7,2026-04-25T14:27:52+00:00
97629cea-ffc2-45d9-959c-8aee542964e5,code_generation,Генерация кода,medium,0,1,computer_science_teacher,Ты преподаватель информатики.,,"Ограничения:
- Ответ должен быть понятен начинающему специалисту.
- Избегай избыточно сложных конструкций.","Напиши функцию на Python, которая {task}. Кратко поясни решение.","{""task"": ""удаляет дубликаты из списка с сохранением порядка""}",code_and_text,"Ты преподаватель информатики.

Напиши функцию на Python, которая удаляет дубликаты из списка с сохранением порядка. Кратко поясни решение.

Ограничения:
- Ответ должен быть понятен начинающему специалисту.
- Избегай избыточно сложных конструкций.

Ответ должен быть средней подробности.",286,34,6,6,4,0,1,1,0,4,1,2,1,0.85,0.7,2026-04-25T14:27:52+00:00
5b7e63a0-f575-4c44-a5e4-a7e94c1f3c6f,code_generation,Генерация кода,medium,1,0,none,,Это часть backend-сервиса.,,"Напиши функцию на Python, которая {task}. Кратко поясни решение.","{""task"": ""удаляет дубликаты из списка с сохранением порядка""}",code_and_text,"Контекст: Это часть backend-сервиса.

Напиши функцию на Python, которая удаляет дубликаты из списка с сохранением порядка. Кратко поясни решение.

Ответ должен быть средней подробности.",185,25,4,3,3,0,0,1,0,0,1,1,2,0.65,0.7,2026-04-25T14:27:52+00:00
320e84bd-37be-44e5-8122-62b79c36299f,code_generation,Генерация кода,medium,1,0,python_developer,Ты Python-разработчик.,Это часть backend-сервиса.,,Реализуй на Python решение задачи: {task}. Добавь краткое объяснение логики.,"{""task"": ""считывает JSON-файл и возвращает его содержимое""}",code_and_text,"Ты Python-разработчик.

Контекст: Это часть backend-сервиса.

Реализуй на Python решение задачи: считывает JSON-файл и возвращает его содержимое. Добавь краткое объяснение логики.

Ответ должен быть средней подробности.",219,29,5,4,4,0,1,1,0,1,2,2,4,0.65,0.7,2026-04-25T14:27:53+00:00
93347964-7271-4995-965b-17077bc91c9d,code_generation,Генерация кода,medium,1,0,qa_engineer,Ты QA-инженер.,Это утилита для автоматизации обработки данных.,,Реализуй на Python решение задачи: {task}. Добавь краткое объяснение логики.,"{""task"": ""подсчитывает количество слов в строке""}",code_and_text,"Ты QA-инженер.

Контекст: Это утилита для автоматизации обработки данных.

Реализуй на Python решение задачи: подсчитывает количество слов в строке. Добавь краткое объяснение логики.

Ответ должен быть средней подробности.",222,29,5,4,4,0,1,1,0,1,2,2,1,0.65,0.7,2026-04-25T14:27:53+00:00
f89fcf1b-1884-4f9d-9867-ee58ea8b2bb5,code_generation,Генерация кода,medium,1,0,computer_science_teacher,Ты преподаватель информатики.,Это учебная задача для начинающего разработчика.,,"Напиши функцию на Python, которая {task}. Кратко поясни решение.","{""task"": ""проверяет, является ли строка палиндромом""}",code_and_text,"Ты преподаватель информатики.

Контекст: Это учебная задача для начинающего разработчика.

Напиши функцию на Python, которая проверяет, является ли строка палиндромом. Кратко поясни решение.

Ответ должен быть средней подробности.",230,28,5,4,4,0,1,1,0,0,1,1,2,0.65,0.7,2026-04-25T14:27:53+00:00
6bd7a4c3-51fa-4e65-aefb-f4ce22097f2e,code_generation,Генерация кода,medium,1,1,none,,Это утилита для автоматизации обработки данных.,"Ограничения:
- Не используй внешние зависимости.
- Избегай избыточно сложных конструкций.",Реализуй на Python решение задачи: {task}. Добавь краткое объяснение логики.,"{""task"": ""считывает JSON-файл и возвращает его содержимое""}",code_and_text,"Контекст: Это утилита для автоматизации обработки данных.

Реализуй на Python решение задачи: считывает JSON-файл и возвращает его содержимое. Добавь краткое объяснение логики.

Ограничения:
- Не используй внешние зависимости.
- Избегай избыточно сложных конструкций.

Ответ должен быть средней подробности.",307,37,6,6,4,0,0,1,0,6,2,4,2,1.0,0.9,2026-04-25T14:27:53+00:00
548f358a-2b1a-4ac1-9527-cbd67e1961b3,code_generation,Генерация кода,medium,1,1,python_developer,Ты Python-разработчик.,Это учебная задача для начинающего разработчика.,"Ограничения:
- Не используй внешние зависимости.
- Избегай избыточно сложных конструкций.","Напиши функцию на Python, которая {task}. Кратко поясни решение.","{""task"": ""подсчитывает количество слов в строке""}",code_and_text,"Ты Python-разработчик.

Контекст: Это учебная задача для начинающего разработчика.

Напиши функцию на Python, которая подсчитывает количество слов в строке. Кратко поясни решение.

Ограничения:
- Не используй внешние зависимости.
- Избегай избыточно сложных конструкций.

Ответ должен быть средней подробности.",310,37,7,7,5,0,1,1,0,5,1,3,2,1.0,0.9,2026-04-25T14:27:53+00:00
baed63fc-4aa9-407b-9379-3dce4b20b7ca,code_generation,Генерация кода,medium,1,1,qa_engineer,Ты QA-инженер.,Это часть backend-сервиса.,"Ограничения:
- Используй только стандартную библиотеку Python.
- Добавь комментарии к ключевым частям решения.","Напиши функцию на Python, которая {task}. Кратко поясни решение.","{""task"": ""находит максимальный элемент в списке""}",code_and_text,"Ты QA-инженер.

Контекст: Это часть backend-сервиса.

Напиши функцию на Python, которая находит максимальный элемент в списке. Кратко поясни решение.

Ограничения:
- Используй только стандартную библиотеку Python.
- Добавь комментарии к ключевым частям решения.

Ответ должен быть средней подробности.",301,38,7,7,5,0,1,1,0,5,2,3,3,1.0,0.9,2026-04-25T14:27:53+00:00
cadcdfe6-ea12-4ae5-8788-d6c47af8df6c,code_generation,Генерация кода,medium,1,1,computer_science_teacher,Ты преподаватель информатики.,Это утилита для автоматизации обработки данных.,"Ограничения:
- Ответ должен быть понятен начинающему специалисту.
- Избегай избыточно сложных конструкций.",Реализуй на Python решение задачи: {task}. Добавь краткое объяснение логики.,"{""task"": ""находит максимальный элемент в списке""}",code_and_text,"Ты преподаватель информатики.

Контекст: Это утилита для автоматизации обработки данных.

Реализуй на Python решение задачи: находит максимальный элемент в списке. Добавь краткое объяснение логики.

Ограничения:
- Ответ должен быть понятен начинающему специалисту.
- Избегай избыточно сложных конструкций.

Ответ должен быть средней подробности.",345,40,7,7,5,0,1,1,0,5,2,3,1,1.0,0.9,2026-04-25T14:27:53+00:00
37b06404-814a-4d37-b1f8-ed4cf9dd87da,code_generation,Генерация кода,long,0,0,none,,,,Реализуй на Python решение задачи: {task}. Добавь пошаговое объяснение и комментарии в коде.,"{""task"": ""объединяет два словаря""}",code_and_text,"Реализуй на Python решение задачи: объединяет два словаря. Добавь пошаговое объяснение и комментарии в коде.

Ответ должен быть подробным и структурированным.",158,21,3,2,2,0,0,1,0,1,2,2,1,0.3,0.5,2026-04-25T14:27:53+00:00
f199a2c0-6a97-4a37-ac60-155e30a50fd8,code_generation,Генерация кода,long,0,0,python_developer,Ты Python-разработчик.,,,"Напиши функцию на Python, которая {task}. Подробно объясни решение и прокомментируй ключевые части кода.","{""task"": ""находит максимальный элемент в списке""}",code_and_text,"Ты Python-разработчик.

Напиши функцию на Python, которая находит максимальный элемент в списке. Подробно объясни решение и прокомментируй ключевые части кода.

Ответ должен быть подробным и структурированным.",209,27,4,3,3,0,1,1,0,0,2,2,2,0.5,0.5,2026-04-25T14:27:53+00:00
2abb61a5-f33b-41c3-8574-d0149a22d1ea,code_generation,Генерация кода,long,0,0,qa_engineer,Ты QA-инженер.,,,Реализуй на Python решение задачи: {task}. Добавь пошаговое объяснение и комментарии в коде.,"{""task"": ""удаляет дубликаты из списка с сохранением порядка""}",code_and_text,"Ты QA-инженер.

Реализуй на Python решение задачи: удаляет дубликаты из списка с сохранением порядка. Добавь пошаговое объяснение и комментарии в коде.

Ответ должен быть подробным и структурированным.",201,28,4,3,3,0,1,1,0,1,2,2,1,0.5,0.5,2026-04-25T14:27:53+00:00
bd5cdfb9-9f47-4e0a-b3e3-326ce21f65c5,code_generation,Генерация кода,long,0,0,computer_science_teacher,Ты преподаватель информатики.,,,"Напиши функцию на Python, которая {task}. Подробно объясни решение и прокомментируй ключевые части кода.","{""task"": ""объединяет два словаря""}",code_and_text,"Ты преподаватель информатики.

Напиши функцию на Python, которая объединяет два словаря. Подробно объясни решение и прокомментируй ключевые части кода.

Ответ должен быть подробным и структурированным.",201,25,4,3,3,0,1,1,0,0,2,2,1,0.5,0.5,2026-04-25T14:27:53+00:00
674cbbac-8b41-4edb-b62d-75e8e3821624,code_generation,Генерация кода,long,0,1,none,,,"Ограничения:
- Ответ должен быть понятен начинающему специалисту.
- Добавь комментарии к ключевым частям решения.",Реализуй на Python решение задачи: {task}. Добавь пошаговое объяснение и комментарии в коде.,"{""task"": ""подсчитывает количество слов в строке""}",code_and_text,"Реализуй на Python решение задачи: подсчитывает количество слов в строке. Добавь пошаговое объяснение и комментарии в коде.

Ограничения:
- Ответ должен быть понятен начинающему специалисту.
- Добавь комментарии к ключевым частям решения.

Ответ должен быть подробным и структурированным.",288,36,5,5,3,0,0,1,0,4,3,3,1,0.85,0.7,2026-04-25T14:27:53+00:00
6377cf18-306f-4387-8fe8-f0cd185bccd8,code_generation,Генерация кода,long,0,1,python_developer,Ты Python-разработчик.,,"Ограничения:
- Не используй внешние зависимости.
- Добавь комментарии к ключевым частям решения.",Реализуй на Python решение задачи: {task}. Добавь пошаговое объяснение и комментарии в коде.,"{""task"": ""подсчитывает количество слов в строке""}",code_and_text,"Ты Python-разработчик.

Реализуй на Python решение задачи: подсчитывает количество слов в строке. Добавь пошаговое объяснение и комментарии в коде.

Ограничения:
- Не используй внешние зависимости.
- Добавь комментарии к ключевым частям решения.

Ответ должен быть подробным и структурированным.",295,37,6,6,4,0,1,1,0,5,3,4,2,0.85,0.7,2026-04-25T14:27:53+00:00
18607ab8-96e6-4350-8f27-a7d3a5630c0f,code_generation,Генерация кода,long,0,1,qa_engineer,Ты QA-инженер.,,"Ограничения:
- Используй только стандартную библиотеку Python.
- Избегай избыточно сложных конструкций.",Реализуй на Python решение задачи: {task}. Добавь пошаговое объяснение и комментарии в коде.,"{""task"": ""проверяет, является ли строка палиндромом""}",code_and_text,"Ты QA-инженер.

Реализуй на Python решение задачи: проверяет, является ли строка палиндромом. Добавь пошаговое объяснение и комментарии в коде.

Ограничения:
- Используй только стандартную библиотеку Python.
- Избегай избыточно сложных конструкций.

Ответ должен быть подробным и структурированным.",298,36,6,6,4,0,1,1,0,6,2,4,3,0.85,0.7,2026-04-25T14:27:53+00:00
0240d630-e202-47ce-846f-7aa79ebb0a91,code_generation,Генерация кода,long,0,1,computer_science_teacher,Ты преподаватель информатики.,,"Ограничения:
- Не используй внешние зависимости.
- Избегай избыточно сложных конструкций.","Напиши функцию на Python, которая {task}. Подробно объясни решение и прокомментируй ключевые части кода.","{""task"": ""сортирует список чисел по возрастанию""}",code_and_text,"Ты преподаватель информатики.

Напиши функцию на Python, которая сортирует список чисел по возрастанию. Подробно объясни решение и прокомментируй ключевые части кода.

Ограничения:
- Не используй внешние зависимости.
- Избегай избыточно сложных конструкций.

Ответ должен быть подробным и структурированным.",307,36,6,6,4,0,1,1,0,5,2,4,2,0.85,0.7,2026-04-25T14:27:53+00:00
6f05d13f-edc1-44d9-a12f-d73978e2c179,code_generation,Генерация кода,long,1,0,none,,Это учебная задача для начинающего разработчика.,,"Напиши функцию на Python, которая {task}. Подробно объясни решение и прокомментируй ключевые части кода.","{""task"": ""находит максимальный элемент в списке""}",code_and_text,"Контекст: Это учебная задача для начинающего разработчика.

Напиши функцию на Python, которая находит максимальный элемент в списке. Подробно объясни решение и прокомментируй ключевые части кода.

Ответ должен быть подробным и структурированным.",245,31,4,3,3,0,0,1,0,0,2,2,1,0.65,0.7,2026-04-25T14:27:53+00:00
787a3b89-104c-4c5f-bd2d-47bbb4b7aee2,code_generation,Генерация кода,long,1,0,python_developer,Ты Python-разработчик.,Это учебная задача для начинающего разработчика.,,Реализуй на Python решение задачи: {task}. Добавь пошаговое объяснение и комментарии в коде.,"{""task"": ""проверяет, является ли строка палиндромом""}",code_and_text,"Ты Python-разработчик.

Контекст: Это учебная задача для начинающего разработчика.

Реализуй на Python решение задачи: проверяет, является ли строка палиндромом. Добавь пошаговое объяснение и комментарии в коде.

Ответ должен быть подробным и структурированным.",261,33,5,4,4,0,1,1,0,1,2,2,3,0.65,0.7,2026-04-25T14:27:53+00:00
9f29e1d6-8943-4310-9450-8a23ddcbb002,code_generation,Генерация кода,long,1,0,qa_engineer,Ты QA-инженер.,Это часть backend-сервиса.,,"Напиши функцию на Python, которая {task}. Подробно объясни решение и прокомментируй ключевые части кода.","{""task"": ""находит максимальный элемент в списке""}",code_and_text,"Ты QA-инженер.

Контекст: Это часть backend-сервиса.

Напиши функцию на Python, которая находит максимальный элемент в списке. Подробно объясни решение и прокомментируй ключевые части кода.

Ответ должен быть подробным и структурированным.",239,32,5,4,4,0,1,1,0,0,2,2,2,0.65,0.7,2026-04-25T14:27:53+00:00
90582a5a-16ca-4ef5-bddd-525a0a33631a,code_generation,Генерация кода,long,1,0,computer_science_teacher,Ты преподаватель информатики.,Это часть backend-сервиса.,,Реализуй на Python решение задачи: {task}. Добавь пошаговое объяснение и комментарии в коде.,"{""task"": ""находит максимальный элемент в списке""}",code_and_text,"Ты преподаватель информатики.

Контекст: Это часть backend-сервиса.

Реализуй на Python решение задачи: находит максимальный элемент в списке. Добавь пошаговое объяснение и комментарии в коде.

Ответ должен быть подробным и структурированным.",242,31,5,4,4,0,1,1,0,1,2,2,2,0.65,0.7,2026-04-25T14:27:53+00:00
974be5d8-197e-4493-815d-342b642383d9,code_generation,Генерация кода,long,1,1,none,,Это утилита для автоматизации обработки данных.,"Ограничения:
- Не используй внешние зависимости.
- Избегай избыточно сложных конструкций.","Напиши функцию на Python, которая {task}. Подробно объясни решение и прокомментируй ключевые части кода.","{""task"": ""подсчитывает количество слов в строке""}",code_and_text,"Контекст: Это утилита для автоматизации обработки данных.

Напиши функцию на Python, которая подсчитывает количество слов в строке. Подробно объясни решение и прокомментируй ключевые части кода.

Ограничения:
- Не используй внешние зависимости.
- Избегай избыточно сложных конструкций.

Ответ должен быть подробным и структурированным.",335,40,6,6,4,0,0,1,0,5,2,4,1,1.0,0.9,2026-04-25T14:27:53+00:00
74381c02-0aa3-4ed1-bb43-2bf5285e14f7,code_generation,Генерация кода,long,1,1,python_developer,Ты Python-разработчик.,Это утилита для автоматизации обработки данных.,"Ограничения:
- Не используй внешние зависимости.
- Избегай избыточно сложных конструкций.","Напиши функцию на Python, которая {task}. Подробно объясни решение и прокомментируй ключевые части кода.","{""task"": ""объединяет два словаря""}",code_and_text,"Ты Python-разработчик.

Контекст: Это утилита для автоматизации обработки данных.

Напиши функцию на Python, которая объединяет два словаря. Подробно объясни решение и прокомментируй ключевые части кода.

Ограничения:
- Не используй внешние зависимости.
- Избегай избыточно сложных конструкций.

Ответ должен быть подробным и структурированным.",344,41,7,7,5,0,1,1,0,5,2,4,2,1.0,0.9,2026-04-25T14:27:53+00:00
5fb285df-1595-4524-a3d6-8ebdf0240b12,code_generation,Генерация кода,long,1,1,qa_engineer,Ты QA-инженер.,Это часть backend-сервиса.,"Ограничения:
- Ответ должен быть понятен начинающему специалисту.
- Избегай избыточно сложных конструкций.","Напиши функцию на Python, которая {task}. Подробно объясни решение и прокомментируй ключевые части кода.","{""task"": ""объединяет два словаря""}",code_and_text,"Ты QA-инженер.

Контекст: Это часть backend-сервиса.

Напиши функцию на Python, которая объединяет два словаря. Подробно объясни решение и прокомментируй ключевые части кода.

Ограничения:
- Ответ должен быть понятен начинающему специалисту.
- Избегай избыточно сложных конструкций.

Ответ должен быть подробным и структурированным.",332,41,7,7,5,0,1,1,0,4,2,3,2,1.0,0.9,2026-04-25T14:27:53+00:00
9c2ad7e7-c94e-4bad-bc49-ba5ece4cd309,code_generation,Генерация кода,long,1,1,computer_science_teacher,Ты преподаватель информатики.,Это учебная задача для начинающего разработчика.,"Ограничения:
- Используй только стандартную библиотеку Python.
- Добавь комментарии к ключевым частям решения.",Реализуй на Python решение задачи: {task}. Добавь пошаговое объяснение и комментарии в коде.,"{""task"": ""находит максимальный элемент в списке""}",code_and_text,"Ты преподаватель информатики.

Контекст: Это учебная задача для начинающего разработчика.

Реализуй на Python решение задачи: находит максимальный элемент в списке. Добавь пошаговое объяснение и комментарии в коде.

Ограничения:
- Используй только стандартную библиотеку Python.
- Добавь комментарии к ключевым частям решения.

Ответ должен быть подробным и структурированным.",376,45,7,7,5,0,1,1,0,5,3,4,2,1.0,0.9,2026-04-25T14:27:53+00:00
a3e04272-0ef1-4d83-a162-51b5966146c4,bug_fixing,Исправление ошибок,short,0,0,none,,,,"Найди и исправь ошибку в коде:
{code}","{""code"": ""for i in range(5)\n    print(i)""}",code,"Найди и исправь ошибку в коде:
for i in range(5)
 print(i)

Ответ должен быть кратким.",86,17,1,4,2,0,0,1,1,0,2,2,0,0.5,0.35,2026-04-25T14:27:53+00:00
e6ef1562-6285-44ed-a03c-5266cdcb74b5,bug_fixing,Исправление ошибок,short,0,0,python_developer,Ты Python-разработчик.,,,"Найди и исправь ошибку в коде:
{code}","{""code"": ""def divide(a, b):\n    return a / b\n\nprint(divide(10, 0))""}",code,"Ты Python-разработчик.

Найди и исправь ошибку в коде:
def divide(a, b):
 return a / b

print(divide(10, 0))

Ответ должен быть кратким.",136,24,2,6,4,0,1,1,1,0,2,2,1,0.5,0.6,2026-04-25T14:27:53+00:00
64cec367-5311-4e0e-b40d-478b711e7915,bug_fixing,Исправление ошибок,short,0,0,qa_engineer,Ты QA-инженер.,,,"Найди и исправь ошибку в коде:
{code}","{""code"": ""def divide(a, b):\n    return a / b\n\nprint(divide(10, 0))""}",code,"Ты QA-инженер.

Найди и исправь ошибку в коде:
def divide(a, b):
 return a / b

print(divide(10, 0))

Ответ должен быть кратким.",128,24,2,6,4,0,1,1,1,0,2,2,0,0.5,0.45,2026-04-25T14:27:53+00:00
31cf981d-d765-46f3-97ee-e9539cf375a5,bug_fixing,Исправление ошибок,short,0,0,computer_science_teacher,Ты преподаватель информатики.,,,"Найди и исправь ошибку в коде:
{code}","{""code"": ""def add_one(x):\n    return x + '1'""}",code,"Ты преподаватель информатики.

Найди и исправь ошибку в коде:
def add_one(x):
 return x + '1'

Ответ должен быть кратким.",121,19,2,5,3,0,1,1,1,0,2,2,0,0.5,0.35,2026-04-25T14:27:53+00:00
1b7a9cd6-cc68-4113-bac1-57ede7151fca,bug_fixing,Исправление ошибок,short,0,1,none,,,"Ограничения:
- Не используй внешние зависимости.
- Сохрани исходную логику программы, исправив только ошибку.","Найди и исправь ошибку в коде:
{code}","{""code"": ""data = {'a': 1}\nprint(data['b'])""}",code,"Найди и исправь ошибку в коде:
data = {'a': 1}
print(data['b'])

Ограничения:
- Не используй внешние зависимости.
- Сохрани исходную логику программы, исправив только ошибку.

Ответ должен быть кратким.",202,28,3,7,3,0,0,1,1,5,2,4,0,0.85,0.65,2026-04-25T14:27:53+00:00
2e208749-faf4-481d-a16a-f6c80502a0fa,bug_fixing,Исправление ошибок,short,0,1,python_developer,Ты Python-разработчик.,,"Ограничения:
- Используй только стандартную библиотеку Python.
- Объясни причину ошибки перед исправленным кодом.","Найди и исправь ошибку в коде:
{code}","{""code"": ""def add_one(x):\n    return x + '1'""}",code,"Ты Python-разработчик.

Найди и исправь ошибку в коде:
def add_one(x):
 return x + '1'

Ограничения:
- Используй только стандартную библиотеку Python.
- Объясни причину ошибки перед исправленным кодом.

Ответ должен быть кратким.",229,31,4,8,4,0,1,1,1,4,3,4,2,0.85,0.8,2026-04-25T14:27:53+00:00
8de302b2-503c-4a20-b351-177ae547c4de,bug_fixing,Исправление ошибок,short,0,1,qa_engineer,Ты QA-инженер.,,"Ограничения:
- Используй только стандартную библиотеку Python.
- Объясни причину ошибки перед исправленным кодом.","Найди и исправь ошибку в коде:
{code}","{""code"": ""def divide(a, b):\n    return a / b\n\nprint(divide(10, 0))""}",code,"Ты QA-инженер.

Найди и исправь ошибку в коде:
def divide(a, b):
 return a / b

print(divide(10, 0))

Ограничения:
- Используй только стандартную библиотеку Python.
- Объясни причину ошибки перед исправленным кодом.

Ответ должен быть кратким.",243,36,4,9,5,0,1,1,1,4,3,4,1,0.85,0.8,2026-04-25T14:27:53+00:00
b910f3d7-20b8-49fe-9f12-9a1ca2c03ea4,bug_fixing,Исправление ошибок,short,0,1,computer_science_teacher,Ты преподаватель информатики.,,"Ограничения:
- Не используй внешние зависимости.
- Сохрани исходную логику программы, исправив только ошибку.","Исправь ошибку в следующем коде:
{code}","{""code"": ""numbers = [1, 2, 3]\nprint(numbers[3])""}",code,"Ты преподаватель информатики.

Исправь ошибку в следующем коде:
numbers = [1, 2, 3]
print(numbers[3])

Ограничения:
- Не используй внешние зависимости.
- Сохрани исходную логику программы, исправив только ошибку.

Ответ должен быть кратким.",240,31,4,8,4,0,1,1,1,5,1,3,0,0.85,0.65,2026-04-25T14:27:53+00:00
af4aea13-6470-4816-b848-14349af62bd1,bug_fixing,Исправление ошибок,short,1,0,none,,Этот код является частью внутреннего инструмента.,,"Исправь ошибку в следующем коде:
{code}","{""code"": ""numbers = [1, 2, 3]\nprint(numbers[3])""}",code,"Контекст: Этот код является частью внутреннего инструмента.

Исправь ошибку в следующем коде:
numbers = [1, 2, 3]
print(numbers[3])

Ответ должен быть кратким.",159,23,2,5,3,0,0,1,1,0,1,1,1,0.65,0.8,2026-04-25T14:27:53+00:00
75a10144-6658-4963-99ae-7d215fdf1744,bug_fixing,Исправление ошибок,short,1,0,python_developer,Ты Python-разработчик.,Это фрагмент учебного примера с ошибкой.,,"Исправь ошибку в следующем коде:
{code}","{""code"": ""numbers = [1, 2, 3]\nprint(numbers[3])""}",code,"Ты Python-разработчик.

Контекст: Это фрагмент учебного примера с ошибкой.

Исправь ошибку в следующем коде:
numbers = [1, 2, 3]
print(numbers[3])

Ответ должен быть кратким.",174,26,3,6,4,0,1,1,1,0,1,1,1,0.65,0.8,2026-04-25T14:27:53+00:00
596e2629-17b6-4fcf-9fc0-8e40dfed7b68,bug_fixing,Исправление ошибок,short,1,0,qa_engineer,Ты QA-инженер.,Код используется в небольшом Python-проекте.,,"Найди и исправь ошибку в коде:
{code}","{""code"": ""data = {'a': 1}\nprint(data['b'])""}",code,"Ты QA-инженер.

Контекст: Код используется в небольшом Python-проекте.

Найди и исправь ошибку в коде:
data = {'a': 1}
print(data['b'])

Ответ должен быть кратким.",163,26,3,6,4,0,1,1,1,0,2,2,2,0.65,0.8,2026-04-25T14:27:53+00:00
9c1c096e-d19d-492e-8199-3fc926e55f8f,bug_fixing,Исправление ошибок,short,1,0,computer_science_teacher,Ты преподаватель информатики.,Это фрагмент учебного примера с ошибкой.,,"Исправь ошибку в следующем коде:
{code}","{""code"": ""value = int('abc')""}",code,"Ты преподаватель информатики.

Контекст: Это фрагмент учебного примера с ошибкой.

Исправь ошибку в следующем коде:
value = int('abc')

Ответ должен быть кратким.",162,22,3,5,4,0,1,1,1,0,1,1,0,0.65,0.65,2026-04-25T14:27:53+00:00
fb9a3ccc-5087-47dd-8615-fb1bc64a57e5,bug_fixing,Исправление ошибок,short,1,1,none,,Это фрагмент учебного примера с ошибкой.,"Ограничения:
- Используй только стандартную библиотеку Python.
- Сохрани исходную логику программы, исправив только ошибку.","Исправь ошибку в следующем коде:
{code}","{""code"": ""data = {'a': 1}\nprint(data['b'])""}",code,"Контекст: Это фрагмент учебного примера с ошибкой.

Исправь ошибку в следующем коде:
data = {'a': 1}
print(data['b'])

Ограничения:
- Используй только стандартную библиотеку Python.
- Сохрани исходную логику программы, исправив только ошибку.

Ответ должен быть кратким.",270,35,4,8,4,0,0,1,1,5,1,3,1,1.0,1.0,2026-04-25T14:27:53+00:00
767de7bc-4edc-431d-a2e3-2123a21091e8,bug_fixing,Исправление ошибок,short,1,1,python_developer,Ты Python-разработчик.,Код используется в небольшом Python-проекте.,"Ограничения:
- Ответ должен быть понятен начинающему специалисту.
- Сохрани исходную логику программы, исправив только ошибку.","Исправь ошибку в следующем коде:
{code}","{""code"": ""data = {'a': 1}\nprint(data['b'])""}",code,"Ты Python-разработчик.

Контекст: Код используется в небольшом Python-проекте.

Исправь ошибку в следующем коде:
data = {'a': 1}
print(data['b'])

Ограничения:
- Ответ должен быть понятен начинающему специалисту.
- Сохрани исходную логику программы, исправив только ошибку.

Ответ должен быть кратким.",301,39,5,9,5,0,1,1,1,4,1,2,3,1.0,1.0,2026-04-25T14:27:53+00:00
d1639aac-cdfc-4ac8-9216-f181c1b3b4f7,bug_fixing,Исправление ошибок,short,1,1,qa_engineer,Ты QA-инженер.,Код используется в небольшом Python-проекте.,"Ограничения:
- Не используй внешние зависимости.
- Объясни причину ошибки перед исправленным кодом.","Найди и исправь ошибку в коде:
{code}","{""code"": ""numbers = [1, 2, 3]\nprint(numbers[3])""}",code,"Ты QA-инженер.

Контекст: Код используется в небольшом Python-проекте.

Найди и исправь ошибку в коде:
numbers = [1, 2, 3]
print(numbers[3])

Ограничения:
- Не используй внешние зависимости.
- Объясни причину ошибки перед исправленным кодом.

Ответ должен быть кратким.",269,38,5,9,5,0,1,1,1,4,3,4,2,1.0,1.0,2026-04-25T14:27:53+00:00
638a5a8a-3036-4cf1-9761-e6163b1a5928,bug_fixing,Исправление ошибок,short,1,1,computer_science_teacher,Ты преподаватель информатики.,Код используется в небольшом Python-проекте.,"Ограничения:
- Ответ должен быть понятен начинающему специалисту.
- Объясни причину ошибки перед исправленным кодом.","Исправь ошибку в следующем коде:
{code}","{""code"": ""numbers = [1, 2, 3]\nprint(numbers[3])""}",code,"Ты преподаватель информатики.

Контекст: Код используется в небольшом Python-проекте.

Исправь ошибку в следующем коде:
numbers = [1, 2, 3]
print(numbers[3])

Ограничения:
- Ответ должен быть понятен начинающему специалисту.
- Объясни причину ошибки перед исправленным кодом.

Ответ должен быть кратким.",303,39,5,9,5,0,1,1,1,3,2,2,2,1.0,1.0,2026-04-25T14:27:53+00:00
b3b9b6b0-3fb9-4343-8fd4-aaed2c9298dc,bug_fixing,Исправление ошибок,medium,0,0,none,,,,"Найди и исправь ошибку в коде. Кратко объясни причину ошибки:
{code}","{""code"": ""def add_one(x):\n    return x + '1'""}",code_and_text,"Найди и исправь ошибку в коде. Кратко объясни причину ошибки:
def add_one(x):
 return x + '1'

Ответ должен быть средней подробности.",133,21,2,4,2,0,0,1,1,0,3,3,0,0.5,0.45,2026-04-25T14:27:53+00:00
75443178-b2ff-472a-b297-0c33ca5cfdee,bug_fixing,Исправление ошибок,medium,0,0,python_developer,Ты Python-разработчик.,,,"Исправь ошибку в следующем коде и поясни, что было не так:
{code}","{""code"": ""def divide(a, b):\n    return a / b\n\nprint(divide(10, 0))""}",code_and_text,"Ты Python-разработчик.

Исправь ошибку в следующем коде и поясни, что было не так:
def divide(a, b):
 return a / b

print(divide(10, 0))

Ответ должен быть средней подробности.",176,30,2,6,4,0,1,1,1,0,1,1,1,0.5,0.6,2026-04-25T14:27:53+00:00
36fb5652-d29f-4e49-a72f-c53ea9ca883d,bug_fixing,Исправление ошибок,medium,0,0,qa_engineer,Ты QA-инженер.,,,"Найди и исправь ошибку в коде. Кратко объясни причину ошибки:
{code}","{""code"": ""def add_one(x):\n    return x + '1'""}",code_and_text,"Ты QA-инженер.

Найди и исправь ошибку в коде. Кратко объясни причину ошибки:
def add_one(x):
 return x + '1'

Ответ должен быть средней подробности.",149,24,3,5,3,0,1,1,1,0,3,3,0,0.5,0.45,2026-04-25T14:27:53+00:00
0e62e9ed-4b62-410a-b374-6062e0be831d,bug_fixing,Исправление ошибок,medium,0,0,computer_science_teacher,Ты преподаватель информатики.,,,"Найди и исправь ошибку в коде. Кратко объясни причину ошибки:
{code}","{""code"": ""def add_one(x):\n    return x + '1'""}",code_and_text,"Ты преподаватель информатики.

Найди и исправь ошибку в коде. Кратко объясни причину ошибки:
def add_one(x):
 return x + '1'

Ответ должен быть средней подробности.",164,24,3,5,3,0,1,1,1,0,3,3,0,0.5,0.45,2026-04-25T14:27:53+00:00
bad163a4-3253-45f6-b583-67c915c85be8,bug_fixing,Исправление ошибок,medium,0,1,none,,,"Ограничения:
- Ответ должен быть понятен начинающему специалисту.
- Объясни причину ошибки перед исправленным кодом.","Найди и исправь ошибку в коде. Кратко объясни причину ошибки:
{code}","{""code"": ""numbers = [1, 2, 3]\nprint(numbers[3])""}",code_and_text,"Найди и исправь ошибку в коде. Кратко объясни причину ошибки:
numbers = [1, 2, 3]
print(numbers[3])

Ограничения:
- Ответ должен быть понятен начинающему специалисту.
- Объясни причину ошибки перед исправленным кодом.

Ответ должен быть средней подробности.",257,35,4,7,3,0,0,1,1,3,4,4,0,0.85,0.65,2026-04-25T14:27:53+00:00
7fb81b4d-ad92-4d06-beb6-c70d3549e43b,bug_fixing,Исправление ошибок,medium,0,1,python_developer,Ты Python-разработчик.,,"Ограничения:
- Ответ должен быть понятен начинающему специалисту.
- Сохрани исходную логику программы, исправив только ошибку.","Исправь ошибку в следующем коде и поясни, что было не так:
{code}","{""code"": ""numbers = [1, 2, 3]\nprint(numbers[3])""}",code_and_text,"Ты Python-разработчик.

Исправь ошибку в следующем коде и поясни, что было не так:
numbers = [1, 2, 3]
print(numbers[3])

Ограничения:
- Ответ должен быть понятен начинающему специалисту.
- Сохрани исходную логику программы, исправив только ошибку.

Ответ должен быть средней подробности.",288,40,4,8,4,0,1,1,1,4,1,2,1,0.85,0.8,2026-04-25T14:27:53+00:00
54f1da85-680b-4259-9e58-24904af92ae5,bug_fixing,Исправление ошибок,medium,0,1,qa_engineer,Ты QA-инженер.,,"Ограничения:
- Используй только стандартную библиотеку Python.
- Объясни причину ошибки перед исправленным кодом.","Найди и исправь ошибку в коде. Кратко объясни причину ошибки:
{code}","{""code"": ""value = int('abc')""}",code_and_text,"Ты QA-инженер.

Найди и исправь ошибку в коде. Кратко объясни причину ошибки:
value = int('abc')

Ограничения:
- Используй только стандартную библиотеку Python.
- Объясни причину ошибки перед исправленным кодом.

Ответ должен быть средней подробности.",251,33,5,7,4,0,1,1,1,4,4,5,1,0.85,0.8,2026-04-25T14:27:53+00:00
e2ca8d1f-d770-4594-85e4-604677888828,bug_fixing,Исправление ошибок,medium,0,1,computer_science_teacher,Ты преподаватель информатики.,,"Ограничения:
- Ответ должен быть понятен начинающему специалисту.
- Объясни причину ошибки перед исправленным кодом.","Исправь ошибку в следующем коде и поясни, что было не так:
{code}","{""code"": ""value = int('abc')""}",code_and_text,"Ты преподаватель информатики.

Исправь ошибку в следующем коде и поясни, что было не так:
value = int('abc')

Ограничения:
- Ответ должен быть понятен начинающему специалисту.
- Объясни причину ошибки перед исправленным кодом.

Ответ должен быть средней подробности.",266,35,4,7,4,0,1,1,1,3,2,2,0,0.85,0.65,2026-04-25T14:27:53+00:00
4261d839-b2f4-48e1-ae0c-7deb1d1d69db,bug_fixing,Исправление ошибок,medium,1,0,none,,Этот код является частью внутреннего инструмента.,,"Исправь ошибку в следующем коде и поясни, что было не так:
{code}","{""code"": ""numbers = [1, 2, 3]\nprint(numbers[3])""}",code_and_text,"Контекст: Этот код является частью внутреннего инструмента.

Исправь ошибку в следующем коде и поясни, что было не так:
numbers = [1, 2, 3]
print(numbers[3])

Ответ должен быть средней подробности.",197,30,2,5,3,0,0,1,1,0,1,1,1,0.65,0.8,2026-04-25T14:27:53+00:00
dac4f70d-517c-487b-ab66-03c92d8bcfe0,bug_fixing,Исправление ошибок,medium,1,0,python_developer,Ты Python-разработчик.,Код используется в небольшом Python-проекте.,,"Исправь ошибку в следующем коде и поясни, что было не так:
{code}","{""code"": ""numbers = [1, 2, 3]\nprint(numbers[3])""}",code_and_text,"Ты Python-разработчик.

Контекст: Код используется в небольшом Python-проекте.

Исправь ошибку в следующем коде и поясни, что было не так:
numbers = [1, 2, 3]
print(numbers[3])

Ответ должен быть средней подробности.",216,33,3,6,4,0,1,1,1,0,1,1,3,0.65,0.8,2026-04-25T14:27:53+00:00
10ee5109-b964-4eb1-afcf-5c5c89df894c,bug_fixing,Исправление ошибок,medium,1,0,qa_engineer,Ты QA-инженер.,Код используется в небольшом Python-проекте.,,"Найди и исправь ошибку в коде. Кратко объясни причину ошибки:
{code}","{""code"": ""data = {'a': 1}\nprint(data['b'])""}",code_and_text,"Ты QA-инженер.

Контекст: Код используется в небольшом Python-проекте.

Найди и исправь ошибку в коде. Кратко объясни причину ошибки:
data = {'a': 1}
print(data['b'])

Ответ должен быть средней подробности.",206,31,4,6,4,0,1,1,1,0,3,3,2,0.65,0.8,2026-04-25T14:27:53+00:00
628652ab-33a8-409e-a143-1f02e1b19e08,bug_fixing,Исправление ошибок,medium,1,0,computer_science_teacher,Ты преподаватель информатики.,Это фрагмент учебного примера с ошибкой.,,"Найди и исправь ошибку в коде. Кратко объясни причину ошибки:
{code}","{""code"": ""def add_one(x):\n    return x + '1'""}",code_and_text,"Ты преподаватель информатики.

Контекст: Это фрагмент учебного примера с ошибкой.

Найди и исправь ошибку в коде. Кратко объясни причину ошибки:
def add_one(x):
 return x + '1'

Ответ должен быть средней подробности.",216,31,4,6,4,0,1,1,1,0,3,3,0,0.65,0.65,2026-04-25T14:27:53+00:00
fa3c8db4-ede8-4323-b43a-a00c90e946a9,bug_fixing,Исправление ошибок,medium,1,1,none,,Этот код является частью внутреннего инструмента.,"Ограничения:
- Не используй внешние зависимости.
- Сохрани исходную логику программы, исправив только ошибку.","Исправь ошибку в следующем коде и поясни, что было не так:
{code}","{""code"": ""def divide(a, b):\n    return a / b\n\nprint(divide(10, 0))""}",code_and_text,"Контекст: Этот код является частью внутреннего инструмента.

Исправь ошибку в следующем коде и поясни, что было не так:
def divide(a, b):
 return a / b

print(divide(10, 0))

Ограничения:
- Не используй внешние зависимости.
- Сохрани исходную логику программы, исправив только ошибку.

Ответ должен быть средней подробности.",324,46,4,9,5,0,0,1,1,5,1,3,1,1.0,1.0,2026-04-25T14:27:53+00:00
5c3bdc34-39e4-41e8-8a06-fad91a2f7edf,bug_fixing,Исправление ошибок,medium,1,1,python_developer,Ты Python-разработчик.,Код используется в небольшом Python-проекте.,"Ограничения:
- Используй только стандартную библиотеку Python.
- Сохрани исходную логику программы, исправив только ошибку.","Найди и исправь ошибку в коде. Кратко объясни причину ошибки:
{code}","{""code"": ""numbers = [1, 2, 3]\nprint(numbers[3])""}",code_and_text,"Ты Python-разработчик.

Контекст: Код используется в небольшом Python-проекте.

Найди и исправь ошибку в коде. Кратко объясни причину ошибки:
numbers = [1, 2, 3]
print(numbers[3])

Ограничения:
- Используй только стандартную библиотеку Python.
- Сохрани исходную логику программы, исправив только ошибку.

Ответ должен быть средней подробности.",344,45,6,9,5,0,1,1,1,5,3,5,4,1.0,1.0,2026-04-25T14:27:53+00:00
8c32ab44-b927-4123-a472-9d1130b430b6,bug_fixing,Исправление ошибок,medium,1,1,qa_engineer,Ты QA-инженер.,Этот код является частью внутреннего инструмента.,"Ограничения:
- Используй только стандартную библиотеку Python.
- Сохрани исходную логику программы, исправив только ошибку.","Найди и исправь ошибку в коде. Кратко объясни причину ошибки:
{code}","{""code"": ""value = int('abc')""}",code_and_text,"Ты QA-инженер.

Контекст: Этот код является частью внутреннего инструмента.

Найди и исправь ошибку в коде. Кратко объясни причину ошибки:
value = int('abc')

Ограничения:
- Используй только стандартную библиотеку Python.
- Сохрани исходную логику программы, исправив только ошибку.

Ответ должен быть средней подробности.",322,41,6,8,5,0,1,1,1,5,3,5,2,1.0,1.0,2026-04-25T14:27:53+00:00
ec5d3aec-f854-48dc-91ca-4ef9cb9c8226,bug_fixing,Исправление ошибок,medium,1,1,computer_science_teacher,Ты преподаватель информатики.,Этот код является частью внутреннего инструмента.,"Ограничения:
- Используй только стандартную библиотеку Python.
- Объясни причину ошибки перед исправленным кодом.","Найди и исправь ошибку в коде. Кратко объясни причину ошибки:
{code}","{""code"": ""def divide(a, b):\n    return a / b\n\nprint(divide(10, 0))""}",code_and_text,"Ты преподаватель информатики.

Контекст: Этот код является частью внутреннего инструмента.

Найди и исправь ошибку в коде. Кратко объясни причину ошибки:
def divide(a, b):
 return a / b

print(divide(10, 0))

Ограничения:
- Используй только стандартную библиотеку Python.
- Объясни причину ошибки перед исправленным кодом.

Ответ должен быть средней подробности.",362,48,6,10,6,0,1,1,1,4,4,5,2,1.0,1.0,2026-04-25T14:27:53+00:00
f9963991-7b74-4779-a1cf-f67239c4079b,bug_fixing,Исправление ошибок,long,0,0,none,,,,"Проанализируй код, укажи ошибку, объясни причину и предложи исправленный вариант:
{code}","{""code"": ""for i in range(5)\n    print(i)""}",code_and_text,"Проанализируй код, укажи ошибку, объясни причину и предложи исправленный вариант:
for i in range(5)
 print(i)

Ответ должен быть подробным и структурированным.",159,23,1,4,2,0,0,1,1,1,3,3,1,0.5,0.6,2026-04-25T14:27:53+00:00
97feaf16-abd5-435c-b3d9-6fcbb8d7a8c9,bug_fixing,Исправление ошибок,long,0,0,python_developer,Ты Python-разработчик.,,,"Найди и исправь ошибку в коде. Подробно объясни причину проблемы и покажи исправленную версию:
{code}","{""code"": ""data = {'a': 1}\nprint(data['b'])""}",code_and_text,"Ты Python-разработчик.

Найди и исправь ошибку в коде. Подробно объясни причину проблемы и покажи исправленную версию:
data = {'a': 1}
print(data['b'])

Ответ должен быть подробным и структурированным.",201,29,3,5,3,0,1,1,1,0,4,4,1,0.5,0.6,2026-04-25T14:27:53+00:00
9d565c3e-1ed6-46df-b260-9802add4ca82,bug_fixing,Исправление ошибок,long,0,0,qa_engineer,Ты QA-инженер.,,,"Проанализируй код, укажи ошибку, объясни причину и предложи исправленный вариант:
{code}","{""code"": ""numbers = [1, 2, 3]\nprint(numbers[3])""}",code_and_text,"Ты QA-инженер.

Проанализируй код, укажи ошибку, объясни причину и предложи исправленный вариант:
numbers = [1, 2, 3]
print(numbers[3])

Ответ должен быть подробным и структурированным.",185,26,2,5,3,0,1,1,1,1,3,3,1,0.5,0.6,2026-04-25T14:27:53+00:00
6341c1ad-16de-4dec-b7a3-7fd2a3298257,bug_fixing,Исправление ошибок,long,0,0,computer_science_teacher,Ты преподаватель информатики.,,,"Проанализируй код, укажи ошибку, объясни причину и предложи исправленный вариант:
{code}","{""code"": ""value = int('abc')""}",code_and_text,"Ты преподаватель информатики.

Проанализируй код, укажи ошибку, объясни причину и предложи исправленный вариант:
value = int('abc')

Ответ должен быть подробным и структурированным.",181,22,2,4,3,0,1,1,1,1,3,3,1,0.5,0.6,2026-04-25T14:27:53+00:00
7db2007c-f84c-4b98-aa14-e2df1dc862c6,bug_fixing,Исправление ошибок,long,0,1,none,,,"Ограничения:
- Не используй внешние зависимости.
- Объясни причину ошибки перед исправленным кодом.","Найди и исправь ошибку в коде. Подробно объясни причину проблемы и покажи исправленную версию:
{code}","{""code"": ""data = {'a': 1}\nprint(data['b'])""}",code_and_text,"Найди и исправь ошибку в коде. Подробно объясни причину проблемы и покажи исправленную версию:
data = {'a': 1}
print(data['b'])

Ограничения:
- Не используй внешние зависимости.
- Объясни причину ошибки перед исправленным кодом.

Ответ должен быть подробным и структурированным.",278,37,4,7,3,0,0,1,1,4,5,6,0,0.85,0.65,2026-04-25T14:27:53+00:00
0aad89bc-b20b-4497-83e1-12f951773bbb,bug_fixing,Исправление ошибок,long,0,1,python_developer,Ты Python-разработчик.,,"Ограничения:
- Используй только стандартную библиотеку Python.
- Сохрани исходную логику программы, исправив только ошибку.","Проанализируй код, укажи ошибку, объясни причину и предложи исправленный вариант:
{code}","{""code"": ""for i in range(5)\n    print(i)""}",code_and_text,"Ты Python-разработчик.

Проанализируй код, укажи ошибку, объясни причину и предложи исправленный вариант:
for i in range(5)
 print(i)

Ограничения:
- Используй только стандартную библиотеку Python.
- Сохрани исходную логику программы, исправив только ошибку.

Ответ должен быть подробным и структурированным.",308,39,4,8,4,0,1,1,1,6,3,5,3,0.85,0.8,2026-04-25T14:27:53+00:00
5c240d63-3e8e-47d8-b148-3734d5fca704,bug_fixing,Исправление ошибок,long,0,1,qa_engineer,Ты QA-инженер.,,"Ограничения:
- Не используй внешние зависимости.
- Сохрани исходную логику программы, исправив только ошибку.","Проанализируй код, укажи ошибку, объясни причину и предложи исправленный вариант:
{code}","{""code"": ""def divide(a, b):\n    return a / b\n\nprint(divide(10, 0))""}",code_and_text,"Ты QA-инженер.

Проанализируй код, укажи ошибку, объясни причину и предложи исправленный вариант:
def divide(a, b):
 return a / b

print(divide(10, 0))

Ограничения:
- Не используй внешние зависимости.
- Сохрани исходную логику программы, исправив только ошибку.

Ответ должен быть подробным и структурированным.",312,42,4,9,5,0,1,1,1,6,3,5,1,0.85,0.8,2026-04-25T14:27:53+00:00
098dfca5-d1fd-430b-8a4f-a50763ae2928,bug_fixing,Исправление ошибок,long,0,1,computer_science_teacher,Ты преподаватель информатики.,,"Ограничения:
- Используй только стандартную библиотеку Python.
- Объясни причину ошибки перед исправленным кодом.","Найди и исправь ошибку в коде. Подробно объясни причину проблемы и покажи исправленную версию:
{code}","{""code"": ""def divide(a, b):\n    return a / b\n\nprint(divide(10, 0))""}",code_and_text,"Ты преподаватель информатики.

Найди и исправь ошибку в коде. Подробно объясни причину проблемы и покажи исправленную версию:
def divide(a, b):
 return a / b

print(divide(10, 0))

Ограничения:
- Используй только стандартную библиотеку Python.
- Объясни причину ошибки перед исправленным кодом.

Ответ должен быть подробным и структурированным.",344,46,5,9,5,0,1,1,1,4,5,6,1,0.85,0.8,2026-04-25T14:27:53+00:00
3a5bf9cd-e0a4-40d6-bb73-2f99d510200c,bug_fixing,Исправление ошибок,long,1,0,none,,Код используется в небольшом Python-проекте.,,"Проанализируй код, укажи ошибку, объясни причину и предложи исправленный вариант:
{code}","{""code"": ""def add_one(x):\n    return x + '1'""}",code_and_text,"Контекст: Код используется в небольшом Python-проекте.

Проанализируй код, укажи ошибку, объясни причину и предложи исправленный вариант:
def add_one(x):
 return x + '1'

Ответ должен быть подробным и структурированным.",219,29,2,5,3,0,0,1,1,1,3,3,3,0.65,0.8,2026-04-25T14:27:53+00:00
4de8bb2c-6044-4570-a6fc-2569a8b88214,bug_fixing,Исправление ошибок,long,1,0,python_developer,Ты Python-разработчик.,Код используется в небольшом Python-проекте.,,"Проанализируй код, укажи ошибку, объясни причину и предложи исправленный вариант:
{code}","{""code"": ""for i in range(5)\n    print(i)""}",code_and_text,"Ты Python-разработчик.

Контекст: Код используется в небольшом Python-проекте.

Проанализируй код, укажи ошибку, объясни причину и предложи исправленный вариант:
for i in range(5)
 print(i)

Ответ должен быть подробным и структурированным.",239,33,3,6,4,0,1,1,1,1,3,3,4,0.65,0.8,2026-04-25T14:27:53+00:00
6a2e49e5-7208-428a-949c-9831257e3ab8,bug_fixing,Исправление ошибок,long,1,0,qa_engineer,Ты QA-инженер.,Код используется в небольшом Python-проекте.,,"Проанализируй код, укажи ошибку, объясни причину и предложи исправленный вариант:
{code}","{""code"": ""def divide(a, b):\n    return a / b\n\nprint(divide(10, 0))""}",code_and_text,"Ты QA-инженер.

Контекст: Код используется в небольшом Python-проекте.

Проанализируй код, укажи ошибку, объясни причину и предложи исправленный вариант:
def divide(a, b):
 return a / b

print(divide(10, 0))

Ответ должен быть подробным и структурированным.",257,37,3,7,5,0,1,1,1,1,3,3,3,0.65,0.8,2026-04-25T14:27:53+00:00
a414a704-3a21-43ec-821b-8681e46c94ba,bug_fixing,Исправление ошибок,long,1,0,computer_science_teacher,Ты преподаватель информатики.,Этот код является частью внутреннего инструмента.,,"Проанализируй код, укажи ошибку, объясни причину и предложи исправленный вариант:
{code}","{""code"": ""def divide(a, b):\n    return a / b\n\nprint(divide(10, 0))""}",code_and_text,"Ты преподаватель информатики.

Контекст: Этот код является частью внутреннего инструмента.

Проанализируй код, укажи ошибку, объясни причину и предложи исправленный вариант:
def divide(a, b):
 return a / b

print(divide(10, 0))

Ответ должен быть подробным и структурированным.",277,37,3,7,5,0,1,1,1,1,3,3,2,0.65,0.8,2026-04-25T14:27:53+00:00
dc976a55-a838-4bc0-9ce3-0cac74158d8f,bug_fixing,Исправление ошибок,long,1,1,none,,Этот код является частью внутреннего инструмента.,"Ограничения:
- Не используй внешние зависимости.
- Объясни причину ошибки перед исправленным кодом.","Найди и исправь ошибку в коде. Подробно объясни причину проблемы и покажи исправленную версию:
{code}","{""code"": ""data = {'a': 1}\nprint(data['b'])""}",code_and_text,"Контекст: Этот код является частью внутреннего инструмента.

Найди и исправь ошибку в коде. Подробно объясни причину проблемы и покажи исправленную версию:
data = {'a': 1}
print(data['b'])

Ограничения:
- Не используй внешние зависимости.
- Объясни причину ошибки перед исправленным кодом.

Ответ должен быть подробным и структурированным.",339,44,5,8,4,0,0,1,1,4,5,6,1,1.0,1.0,2026-04-25T14:27:53+00:00
988d774a-4c12-49ea-9bef-7ee921965be4,bug_fixing,Исправление ошибок,long,1,1,python_developer,Ты Python-разработчик.,Этот код является частью внутреннего инструмента.,"Ограничения:
- Ответ должен быть понятен начинающему специалисту.
- Сохрани исходную логику программы, исправив только ошибку.","Найди и исправь ошибку в коде. Подробно объясни причину проблемы и покажи исправленную версию:
{code}","{""code"": ""numbers = [1, 2, 3]\nprint(numbers[3])""}",code_and_text,"Ты Python-разработчик.

Контекст: Этот код является частью внутреннего инструмента.

Найди и исправь ошибку в коде. Подробно объясни причину проблемы и покажи исправленную версию:
numbers = [1, 2, 3]
print(numbers[3])

Ограничения:
- Ответ должен быть понятен начинающему специалисту.
- Сохрани исходную логику программы, исправив только ошибку.

Ответ должен быть подробным и структурированным.",395,51,6,9,5,0,1,1,1,4,4,5,2,1.0,1.0,2026-04-25T14:27:53+00:00
b3e691d2-df0e-4de9-8278-7259459e1fc9,bug_fixing,Исправление ошибок,long,1,1,qa_engineer,Ты QA-инженер.,Код используется в небольшом Python-проекте.,"Ограничения:
- Ответ должен быть понятен начинающему специалисту.
- Сохрани исходную логику программы, исправив только ошибку.","Найди и исправь ошибку в коде. Подробно объясни причину проблемы и покажи исправленную версию:
{code}","{""code"": ""for i in range(5)\n    print(i)""}",code_and_text,"Ты QA-инженер.

Контекст: Код используется в небольшом Python-проекте.

Найди и исправь ошибку в коде. Подробно объясни причину проблемы и покажи исправленную версию:
for i in range(5)
 print(i)

Ограничения:
- Ответ должен быть понятен начинающему специалисту.
- Сохрани исходную логику программы, исправив только ошибку.

Ответ должен быть подробным и структурированным.",372,51,6,9,5,0,1,1,1,4,4,5,2,1.0,1.0,2026-04-25T14:27:53+00:00
d4a32ac9-4ea1-4a52-958b-3ea5c00d4be5,bug_fixing,Исправление ошибок,long,1,1,computer_science_teacher,Ты преподаватель информатики.,Этот код является частью внутреннего инструмента.,"Ограничения:
- Не используй внешние зависимости.
- Объясни причину ошибки перед исправленным кодом.","Проанализируй код, укажи ошибку, объясни причину и предложи исправленный вариант:
{code}","{""code"": ""numbers = [1, 2, 3]\nprint(numbers[3])""}",code_and_text,"Ты преподаватель информатики.

Контекст: Этот код является частью внутреннего инструмента.

Проанализируй код, укажи ошибку, объясни причину и предложи исправленный вариант:
numbers = [1, 2, 3]
print(numbers[3])

Ограничения:
- Не используй внешние зависимости.
- Объясни причину ошибки перед исправленным кодом.

Ответ должен быть подробным и структурированным.",362,44,5,9,5,0,1,1,1,5,4,5,2,1.0,1.0,2026-04-25T14:27:53+00:00
b7fdc147-8aa2-46b4-acc9-fd3578303109,algorithm_explanation,Объяснение алгоритма,short,0,0,none,,,,"Кратко опиши, как работает {algorithm}.","{""algorithm"": ""бинарный поиск""}",text,"Кратко опиши, как работает бинарный поиск.

Ответ должен быть кратким.",70,10,2,2,2,0,0,1,0,0,1,1,1,0.3,0.4,2026-04-25T14:27:53+00:00
8fce29b9-9532-4f11-9425-eb52f97e3256,algorithm_explanation,Объяснение алгоритма,short,0,0,python_developer,Ты Python-разработчик.,,,Объясни алгоритм {algorithm}.,"{""algorithm"": ""быстрая сортировка""}",text,"Ты Python-разработчик.

Объясни алгоритм быстрая сортировка.

Ответ должен быть кратким.",88,11,3,3,3,0,1,1,0,0,1,1,3,0.5,0.4,2026-04-25T14:27:53+00:00
b89da6eb-6ec0-49b5-846f-cb7df4b0457e,algorithm_explanation,Объяснение алгоритма,short,0,0,qa_engineer,Ты QA-инженер.,,,"Кратко опиши, как работает {algorithm}.","{""algorithm"": ""алгоритм Кнута — Морриса — Пратта""}",text,"Ты QA-инженер.

Кратко опиши, как работает алгоритм Кнута — Морриса — Пратта.

Ответ должен быть кратким.",105,15,3,3,3,0,1,1,0,0,1,1,1,0.5,0.4,2026-04-25T14:27:53+00:00
b01d3841-5c12-4800-b97d-ac084270be98,algorithm_explanation,Объяснение алгоритма,short,0,0,computer_science_teacher,Ты преподаватель информатики.,,,"Кратко опиши, как работает {algorithm}.","{""algorithm"": ""быстрая сортировка""}",text,"Ты преподаватель информатики.

Кратко опиши, как работает быстрая сортировка.

Ответ должен быть кратким.",105,13,3,3,3,0,1,1,0,0,1,1,1,0.5,0.4,2026-04-25T14:27:53+00:00
098cd263-0b60-47e3-8000-9cfe3a8c3b70,algorithm_explanation,Объяснение алгоритма,short,0,1,none,,,"Ограничения:
- Используй только стандартную библиотеку Python.
- При необходимости приведи короткий пример.",Объясни алгоритм {algorithm}.,"{""algorithm"": ""бинарный поиск""}",text,"Объясни алгоритм бинарный поиск.

Ограничения:
- Используй только стандартную библиотеку Python.
- При необходимости приведи короткий пример.

Ответ должен быть кратким.",169,19,4,5,3,0,0,1,0,5,2,3,3,0.85,0.6,2026-04-25T14:27:53+00:00
cafd0cd2-10e3-476c-ac15-fa50b67dee8b,algorithm_explanation,Объяснение алгоритма,short,0,1,python_developer,Ты Python-разработчик.,,"Ограничения:
- Ответ должен быть понятен начинающему специалисту.
- При необходимости приведи короткий пример.",Объясни алгоритм {algorithm}.,"{""algorithm"": ""алгоритм Дейкстры""}",text,"Ты Python-разработчик.

Объясни алгоритм алгоритм Дейкстры.

Ограничения:
- Ответ должен быть понятен начинающему специалисту.
- При необходимости приведи короткий пример.

Ответ должен быть кратким.",199,23,5,6,4,0,1,1,0,4,2,2,3,0.85,0.7,2026-04-25T14:27:53+00:00
a86e6c56-3609-4aaa-9b98-e855699d0dd2,algorithm_explanation,Объяснение алгоритма,short,0,1,qa_engineer,Ты QA-инженер.,,"Ограничения:
- Используй только стандартную библиотеку Python.
- Укажи временную сложность алгоритма.",Объясни алгоритм {algorithm}.,"{""algorithm"": ""быстрая сортировка""}",text,"Ты QA-инженер.

Объясни алгоритм быстрая сортировка.

Ограничения:
- Используй только стандартную библиотеку Python.
- Укажи временную сложность алгоритма.

Ответ должен быть кратким.",183,21,5,6,4,0,1,1,0,5,2,3,4,0.85,0.7,2026-04-25T14:27:53+00:00
c9035bcc-2fac-45ed-a52a-a662df29acfa,algorithm_explanation,Объяснение алгоритма,short,0,1,computer_science_teacher,Ты преподаватель информатики.,,"Ограничения:
- Ответ должен быть понятен начинающему специалисту.
- Укажи временную сложность алгоритма.",Объясни алгоритм {algorithm}.,"{""algorithm"": ""алгоритм Кнута — Морриса — Пратта""}",text,"Ты преподаватель информатики.

Объясни алгоритм алгоритм Кнута — Морриса — Пратта.

Ограничения:
- Ответ должен быть понятен начинающему специалисту.
- Укажи временную сложность алгоритма.

Ответ должен быть кратким.",216,24,5,6,4,0,1,1,0,4,2,2,3,0.85,0.7,2026-04-25T14:27:53+00:00
57a1f8ab-c054-4307-bf2d-f9e9a0da017c,algorithm_explanation,Объяснение алгоритма,short,1,0,none,,"Нужно краткое, но понятное объяснение для технического собеседования.",,Объясни алгоритм {algorithm}.,"{""algorithm"": ""быстрая сортировка""}",text,"Контекст: Нужно краткое, но понятное объяснение для технического собеседования.

Объясни алгоритм быстрая сортировка.

Ответ должен быть кратким.",145,17,3,3,3,0,0,1,0,0,1,1,2,0.65,0.6,2026-04-25T14:27:53+00:00
43182c13-6277-4b93-b261-74bb8126ffb1,algorithm_explanation,Объяснение алгоритма,short,1,0,python_developer,Ты Python-разработчик.,"Нужно краткое, но понятное объяснение для технического собеседования.",,"Кратко опиши, как работает {algorithm}.","{""algorithm"": ""алгоритм Кнута — Морриса — Пратта""}",text,"Ты Python-разработчик.

Контекст: Нужно краткое, но понятное объяснение для технического собеседования.

Кратко опиши, как работает алгоритм Кнута — Морриса — Пратта.

Ответ должен быть кратким.",194,24,4,4,4,0,1,1,0,0,1,1,2,0.65,0.7,2026-04-25T14:27:53+00:00
f218166e-2e35-4d09-9474-97a348c828fc,algorithm_explanation,Объяснение алгоритма,short,1,0,qa_engineer,Ты QA-инженер.,"Объяснение нужно студенту, который только изучает алгоритмы.",,"Кратко опиши, как работает {algorithm}.","{""algorithm"": ""сортировка слиянием""}",text,"Ты QA-инженер.

Контекст: Объяснение нужно студенту, который только изучает алгоритмы.

Кратко опиши, как работает сортировка слиянием.

Ответ должен быть кратким.",163,21,4,4,4,0,1,1,0,0,1,1,1,0.65,0.7,2026-04-25T14:27:53+00:00
05f8ffc8-2043-4976-9f1a-298043ecb817,algorithm_explanation,Объяснение алгоритма,short,1,0,computer_science_teacher,Ты преподаватель информатики.,Объяснение требуется для учебного конспекта.,,Объясни алгоритм {algorithm}.,"{""algorithm"": ""алгоритм Дейкстры""}",text,"Ты преподаватель информатики.

Контекст: Объяснение требуется для учебного конспекта.

Объясни алгоритм алгоритм Дейкстры.

Ответ должен быть кратким.",150,17,4,4,4,0,1,1,0,0,1,1,2,0.65,0.6,2026-04-25T14:27:53+00:00
a50dada8-b81c-41b5-b92b-4966a1f31b4a,algorithm_explanation,Объяснение алгоритма,short,1,1,none,,"Объяснение нужно студенту, который только изучает алгоритмы.","Ограничения:
- Не используй внешние зависимости.
- При необходимости приведи короткий пример.","Кратко опиши, как работает {algorithm}.","{""algorithm"": ""алгоритм Кнута — Морриса — Пратта""}",text,"Контекст: Объяснение нужно студенту, который только изучает алгоритмы.

Кратко опиши, как работает алгоритм Кнута — Морриса — Пратта.

Ограничения:
- Не используй внешние зависимости.
- При необходимости приведи короткий пример.

Ответ должен быть кратким.",256,30,5,6,4,0,0,1,0,5,2,3,1,1.0,0.9,2026-04-25T14:27:53+00:00
d19da5d0-7eb4-491e-9696-4c839ef6b6f0,algorithm_explanation,Объяснение алгоритма,short,1,1,python_developer,Ты Python-разработчик.,Объяснение требуется для учебного конспекта.,"Ограничения:
- Используй только стандартную библиотеку Python.
- Укажи временную сложность алгоритма.",Объясни алгоритм {algorithm}.,"{""algorithm"": ""сортировка слиянием""}",text,"Ты Python-разработчик.

Контекст: Объяснение требуется для учебного конспекта.

Объясни алгоритм сортировка слиянием.

Ограничения:
- Используй только стандартную библиотеку Python.
- Укажи временную сложность алгоритма.

Ответ должен быть кратким.",248,27,6,7,5,0,1,1,0,5,2,3,5,1.0,0.9,2026-04-25T14:27:53+00:00
055f10a9-e602-4fac-94e8-66b22dfbcea3,algorithm_explanation,Объяснение алгоритма,short,1,1,qa_engineer,Ты QA-инженер.,"Нужно краткое, но понятное объяснение для технического собеседования.","Ограничения:
- Не используй внешние зависимости.
- При необходимости приведи короткий пример.",Объясни алгоритм {algorithm}.,"{""algorithm"": ""сортировка слиянием""}",text,"Ты QA-инженер.

Контекст: Нужно краткое, но понятное объяснение для технического собеседования.

Объясни алгоритм сортировка слиянием.

Ограничения:
- Не используй внешние зависимости.
- При необходимости приведи короткий пример.

Ответ должен быть кратким.",257,30,6,7,5,0,1,1,0,5,2,3,2,1.0,0.9,2026-04-25T14:27:53+00:00
9f44483a-bcb1-48b8-9f22-d08b6bb86452,algorithm_explanation,Объяснение алгоритма,short,1,1,computer_science_teacher,Ты преподаватель информатики.,"Нужно краткое, но понятное объяснение для технического собеседования.","Ограничения:
- Используй только стандартную библиотеку Python.
- Укажи временную сложность алгоритма.",Объясни алгоритм {algorithm}.,"{""algorithm"": ""бинарный поиск""}",text,"Ты преподаватель информатики.

Контекст: Нужно краткое, но понятное объяснение для технического собеседования.

Объясни алгоритм бинарный поиск.

Ограничения:
- Используй только стандартную библиотеку Python.
- Укажи временную сложность алгоритма.

Ответ должен быть кратким.",275,30,6,7,5,0,1,1,0,5,2,3,4,1.0,0.9,2026-04-25T14:27:53+00:00
19c125f3-5fd1-404e-81c0-b7b034f3d6b1,algorithm_explanation,Объяснение алгоритма,medium,0,0,none,,,,Опиши принцип работы алгоритма {algorithm} и его временную сложность.,"{""algorithm"": ""алгоритм Кнута — Морриса — Пратта""}",structured_text,"Опиши принцип работы алгоритма алгоритм Кнута — Морриса — Пратта и его временную сложность.

Ответ должен быть средней подробности.",131,17,2,2,2,0,0,1,0,0,1,1,2,0.3,0.4,2026-04-25T14:27:53+00:00
2185d0ae-5c5a-4fcf-a633-599deb4af000,algorithm_explanation,Объяснение алгоритма,medium,0,0,python_developer,Ты Python-разработчик.,,,Объясни алгоритм {algorithm} простыми словами и укажи его сложность.,"{""algorithm"": ""алгоритм Кнута — Морриса — Пратта""}",structured_text,"Ты Python-разработчик.

Объясни алгоритм алгоритм Кнута — Морриса — Пратта простыми словами и укажи его сложность.

Ответ должен быть средней подробности.",154,20,3,3,3,0,1,1,0,1,2,2,4,0.5,0.5,2026-04-25T14:27:53+00:00
33c666a8-98a9-45b2-a38b-6e0cca43a8ec,algorithm_explanation,Объяснение алгоритма,medium,0,0,qa_engineer,Ты QA-инженер.,,,Опиши принцип работы алгоритма {algorithm} и его временную сложность.,"{""algorithm"": ""сортировка слиянием""}",structured_text,"Ты QA-инженер.

Опиши принцип работы алгоритма сортировка слиянием и его временную сложность.

Ответ должен быть средней подробности.",133,18,3,3,3,0,1,1,0,0,1,1,2,0.5,0.4,2026-04-25T14:27:53+00:00
3c436b57-9116-42e1-bf5c-5b182653b63f,algorithm_explanation,Объяснение алгоритма,medium,0,0,computer_science_teacher,Ты преподаватель информатики.,,,Объясни алгоритм {algorithm} простыми словами и укажи его сложность.,"{""algorithm"": ""алгоритм Кнута — Морриса — Пратта""}",structured_text,"Ты преподаватель информатики.

Объясни алгоритм алгоритм Кнута — Морриса — Пратта простыми словами и укажи его сложность.

Ответ должен быть средней подробности.",161,20,3,3,3,0,1,1,0,1,2,2,3,0.5,0.5,2026-04-25T14:27:53+00:00
43691a6c-ff4a-4fce-b2b5-bf506f88ec5c,algorithm_explanation,Объяснение алгоритма,medium,0,1,none,,,"Ограничения:
- Ответ должен быть понятен начинающему специалисту.
- Укажи временную сложность алгоритма.",Опиши принцип работы алгоритма {algorithm} и его временную сложность.,"{""algorithm"": ""бинарный поиск""}",structured_text,"Опиши принцип работы алгоритма бинарный поиск и его временную сложность.

Ограничения:
- Ответ должен быть понятен начинающему специалисту.
- Укажи временную сложность алгоритма.

Ответ должен быть средней подробности.",218,26,4,5,3,0,0,1,0,4,2,2,3,0.85,0.7,2026-04-25T14:27:53+00:00
7b458881-3aae-4fe5-a29a-27b7846566fc,algorithm_explanation,Объяснение алгоритма,medium,0,1,python_developer,Ты Python-разработчик.,,"Ограничения:
- Не используй внешние зависимости.
- Укажи временную сложность алгоритма.",Объясни алгоритм {algorithm} простыми словами и укажи его сложность.,"{""algorithm"": ""быстрая сортировка""}",structured_text,"Ты Python-разработчик.

Объясни алгоритм быстрая сортировка простыми словами и укажи его сложность.

Ограничения:
- Не используй внешние зависимости.
- Укажи временную сложность алгоритма.

Ответ должен быть средней подробности.",228,27,5,6,4,0,1,1,0,5,3,4,5,0.85,0.7,2026-04-25T14:27:53+00:00
27551e69-67c2-443d-b9ab-e0e998f46686,algorithm_explanation,Объяснение алгоритма,medium,0,1,qa_engineer,Ты QA-инженер.,,"Ограничения:
- Ответ должен быть понятен начинающему специалисту.
- Укажи временную сложность алгоритма.",Опиши принцип работы алгоритма {algorithm} и его временную сложность.,"{""algorithm"": ""бинарный поиск""}",structured_text,"Ты QA-инженер.

Опиши принцип работы алгоритма бинарный поиск и его временную сложность.

Ограничения:
- Ответ должен быть понятен начинающему специалисту.
- Укажи временную сложность алгоритма.

Ответ должен быть средней подробности.",234,29,5,6,4,0,1,1,0,4,2,2,3,0.85,0.7,2026-04-25T14:27:53+00:00
36b11d59-8212-46ad-8605-bedd8f7fa009,algorithm_explanation,Объяснение алгоритма,medium,0,1,computer_science_teacher,Ты преподаватель информатики.,,"Ограничения:
- Не используй внешние зависимости.
- При необходимости приведи короткий пример.",Опиши принцип работы алгоритма {algorithm} и его временную сложность.,"{""algorithm"": ""бинарный поиск""}",structured_text,"Ты преподаватель информатики.

Опиши принцип работы алгоритма бинарный поиск и его временную сложность.

Ограничения:
- Не используй внешние зависимости.
- При необходимости приведи короткий пример.

Ответ должен быть средней подробности.",238,28,5,6,4,0,1,1,0,5,2,3,2,0.85,0.7,2026-04-25T14:27:53+00:00
8624bf02-b7df-4d6b-be47-b4771240d648,algorithm_explanation,Объяснение алгоритма,medium,1,0,none,,Объяснение требуется для учебного конспекта.,,Опиши принцип работы алгоритма {algorithm} и его временную сложность.,"{""algorithm"": ""быстрая сортировка""}",structured_text,"Контекст: Объяснение требуется для учебного конспекта.

Опиши принцип работы алгоритма быстрая сортировка и его временную сложность.

Ответ должен быть средней подробности.",172,21,3,3,3,0,0,1,0,0,1,1,2,0.65,0.7,2026-04-25T14:27:53+00:00
9b1e4e6d-2d07-4b38-a1a7-08a7fd656b75,algorithm_explanation,Объяснение алгоритма,medium,1,0,python_developer,Ты Python-разработчик.,"Объяснение нужно студенту, который только изучает алгоритмы.",,Опиши принцип работы алгоритма {algorithm} и его временную сложность.,"{""algorithm"": ""сортировка слиянием""}",structured_text,"Ты Python-разработчик.

Контекст: Объяснение нужно студенту, который только изучает алгоритмы.

Опиши принцип работы алгоритма сортировка слиянием и его временную сложность.

Ответ должен быть средней подробности.",213,26,4,4,4,0,1,1,0,0,1,1,3,0.65,0.7,2026-04-25T14:27:53+00:00
eba142e0-fe2a-4fd5-8c5d-05c4cbc8489d,algorithm_explanation,Объяснение алгоритма,medium,1,0,qa_engineer,Ты QA-инженер.,Объяснение требуется для учебного конспекта.,,Опиши принцип работы алгоритма {algorithm} и его временную сложность.,"{""algorithm"": ""быстрая сортировка""}",structured_text,"Ты QA-инженер.

Контекст: Объяснение требуется для учебного конспекта.

Опиши принцип работы алгоритма быстрая сортировка и его временную сложность.

Ответ должен быть средней подробности.",188,24,4,4,4,0,1,1,0,0,1,1,2,0.65,0.7,2026-04-25T14:27:53+00:00
1aaa33b1-b282-49d6-b723-6ffcb24bb272,algorithm_explanation,Объяснение алгоритма,medium,1,0,computer_science_teacher,Ты преподаватель информатики.,"Объяснение нужно студенту, который только изучает алгоритмы.",,Опиши принцип работы алгоритма {algorithm} и его временную сложность.,"{""algorithm"": ""бинарный поиск""}",structured_text,"Ты преподаватель информатики.

Контекст: Объяснение нужно студенту, который только изучает алгоритмы.

Опиши принцип работы алгоритма бинарный поиск и его временную сложность.

Ответ должен быть средней подробности.",215,26,4,4,4,0,1,1,0,0,1,1,2,0.65,0.7,2026-04-25T14:27:53+00:00
f520b72f-ff3c-4c5d-9562-ea9fa39b3caf,algorithm_explanation,Объяснение алгоритма,medium,1,1,none,,Объяснение требуется для учебного конспекта.,"Ограничения:
- Не используй внешние зависимости.
- Укажи временную сложность алгоритма.",Опиши принцип работы алгоритма {algorithm} и его временную сложность.,"{""algorithm"": ""поиск в ширину""}",structured_text,"Контекст: Объяснение требуется для учебного конспекта.

Опиши принцип работы алгоритма поиск в ширину и его временную сложность.

Ограничения:
- Не используй внешние зависимости.
- Укажи временную сложность алгоритма.

Ответ должен быть средней подробности.",257,31,5,6,4,0,0,1,0,5,2,3,3,1.0,0.9,2026-04-25T14:27:53+00:00
5e630cf8-6685-453e-9b54-2b1f009ea250,algorithm_explanation,Объяснение алгоритма,medium,1,1,python_developer,Ты Python-разработчик.,"Нужно краткое, но понятное объяснение для технического собеседования.","Ограничения:
- Используй только стандартную библиотеку Python.
- При необходимости приведи короткий пример.",Объясни алгоритм {algorithm} простыми словами и укажи его сложность.,"{""algorithm"": ""бинарный поиск""}",structured_text,"Ты Python-разработчик.

Контекст: Нужно краткое, но понятное объяснение для технического собеседования.

Объясни алгоритм бинарный поиск простыми словами и укажи его сложность.

Ограничения:
- Используй только стандартную библиотеку Python.
- При необходимости приведи короткий пример.

Ответ должен быть средней подробности.",325,38,6,7,5,0,1,1,0,6,3,4,5,1.0,0.9,2026-04-25T14:27:53+00:00
3c123842-6385-4fb9-869e-1f29d9d94941,algorithm_explanation,Объяснение алгоритма,medium,1,1,qa_engineer,Ты QA-инженер.,"Объяснение нужно студенту, который только изучает алгоритмы.","Ограничения:
- Ответ должен быть понятен начинающему специалисту.
- Укажи временную сложность алгоритма.",Объясни алгоритм {algorithm} простыми словами и укажи его сложность.,"{""algorithm"": ""бинарный поиск""}",structured_text,"Ты QA-инженер.

Контекст: Объяснение нужно студенту, который только изучает алгоритмы.

Объясни алгоритм бинарный поиск простыми словами и укажи его сложность.

Ограничения:
- Ответ должен быть понятен начинающему специалисту.
- Укажи временную сложность алгоритма.

Ответ должен быть средней подробности.",305,37,6,7,5,0,1,1,0,4,3,3,4,1.0,0.9,2026-04-25T14:27:53+00:00
00413ac6-8f5d-41f6-863f-c3a5a2a98caa,algorithm_explanation,Объяснение алгоритма,medium,1,1,computer_science_teacher,Ты преподаватель информатики.,Объяснение требуется для учебного конспекта.,"Ограничения:
- Ответ должен быть понятен начинающему специалисту.
- Укажи временную сложность алгоритма.",Опиши принцип работы алгоритма {algorithm} и его временную сложность.,"{""algorithm"": ""поиск в глубину""}",structured_text,"Ты преподаватель информатики.

Контекст: Объяснение требуется для учебного конспекта.

Опиши принцип работы алгоритма поиск в глубину и его временную сложность.

Ограничения:
- Ответ должен быть понятен начинающему специалисту.
- Укажи временную сложность алгоритма.

Ответ должен быть средней подробности.",306,36,6,7,5,0,1,1,0,4,2,2,3,1.0,0.9,2026-04-25T14:27:53+00:00
2d7bc553-64be-4b99-998b-aa1ffcb5e5cb,algorithm_explanation,Объяснение алгоритма,long,0,0,none,,,,"Объясни алгоритм {algorithm} простыми словами, затем укажи сложность и покажи небольшой пример работы.","{""algorithm"": ""поиск в глубину""}",structured_text,"Объясни алгоритм поиск в глубину простыми словами, затем укажи сложность и покажи небольшой пример работы.

Ответ должен быть подробным и структурированным.",156,21,2,2,2,0,0,1,0,1,3,3,3,0.3,0.5,2026-04-25T14:27:53+00:00
68b2111a-8e36-4791-a1e9-02f8777a6277,algorithm_explanation,Объяснение алгоритма,long,0,0,python_developer,Ты Python-разработчик.,,,"Объясни алгоритм {algorithm} простыми словами, затем укажи сложность и покажи небольшой пример работы.","{""algorithm"": ""алгоритм Дейкстры""}",structured_text,"Ты Python-разработчик.

Объясни алгоритм алгоритм Дейкстры простыми словами, затем укажи сложность и покажи небольшой пример работы.

Ответ должен быть подробным и структурированным.",182,23,3,3,3,0,1,1,0,1,3,3,4,0.5,0.5,2026-04-25T14:27:53+00:00
86875b29-7f14-4020-9f27-3b2e52b2d978,algorithm_explanation,Объяснение алгоритма,long,0,0,qa_engineer,Ты QA-инженер.,,,"Объясни алгоритм {algorithm} простыми словами, затем укажи сложность и покажи небольшой пример работы.","{""algorithm"": ""бинарный поиск""}",structured_text,"Ты QA-инженер.

Объясни алгоритм бинарный поиск простыми словами, затем укажи сложность и покажи небольшой пример работы.

Ответ должен быть подробным и структурированным.",171,23,3,3,3,0,1,1,0,1,3,3,3,0.5,0.5,2026-04-25T14:27:53+00:00
7e36d87a-572f-4a06-abdf-ad98f3f6cc8b,algorithm_explanation,Объяснение алгоритма,long,0,0,computer_science_teacher,Ты преподаватель информатики.,,,"Объясни алгоритм {algorithm} простыми словами, затем укажи сложность и покажи небольшой пример работы.","{""algorithm"": ""алгоритм Дейкстры""}",structured_text,"Ты преподаватель информатики.

Объясни алгоритм алгоритм Дейкстры простыми словами, затем укажи сложность и покажи небольшой пример работы.

Ответ должен быть подробным и структурированным.",189,23,3,3,3,0,1,1,0,1,3,3,3,0.5,0.5,2026-04-25T14:27:53+00:00
1f6a643d-ff38-4eab-8b70-312d4fdd68d1,algorithm_explanation,Объяснение алгоритма,long,0,1,none,,,"Ограничения:
- Используй только стандартную библиотеку Python.
- Укажи временную сложность алгоритма.","Объясни алгоритм {algorithm} простыми словами, затем укажи сложность и покажи небольшой пример работы.","{""algorithm"": ""поиск в глубину""}",structured_text,"Объясни алгоритм поиск в глубину простыми словами, затем укажи сложность и покажи небольшой пример работы.

Ограничения:
- Используй только стандартную библиотеку Python.
- Укажи временную сложность алгоритма.

Ответ должен быть подробным и структурированным.",259,31,4,5,3,0,0,1,0,5,4,5,5,0.85,0.7,2026-04-25T14:27:53+00:00
7c5805cb-8868-4c60-bea0-df3be208b14d,algorithm_explanation,Объяснение алгоритма,long,0,1,python_developer,Ты Python-разработчик.,,"Ограничения:
- Ответ должен быть понятен начинающему специалисту.
- Укажи временную сложность алгоритма.","Объясни алгоритм {algorithm} простыми словами, затем укажи сложность и покажи небольшой пример работы.","{""algorithm"": ""алгоритм Дейкстры""}",structured_text,"Ты Python-разработчик.

Объясни алгоритм алгоритм Дейкстры простыми словами, затем укажи сложность и покажи небольшой пример работы.

Ограничения:
- Ответ должен быть понятен начинающему специалисту.
- Укажи временную сложность алгоритма.

Ответ должен быть подробным и структурированным.",288,34,5,6,4,0,1,1,0,4,4,4,5,0.85,0.7,2026-04-25T14:27:53+00:00
1d0da9ae-b501-4456-b8d1-165a467202ad,algorithm_explanation,Объяснение алгоритма,long,0,1,qa_engineer,Ты QA-инженер.,,"Ограничения:
- Не используй внешние зависимости.
- Укажи временную сложность алгоритма.","Объясни алгоритм {algorithm} простыми словами, затем укажи сложность и покажи небольшой пример работы.","{""algorithm"": ""поиск в ширину""}",structured_text,"Ты QA-инженер.

Объясни алгоритм поиск в ширину простыми словами, затем укажи сложность и покажи небольшой пример работы.

Ограничения:
- Не используй внешние зависимости.
- Укажи временную сложность алгоритма.

Ответ должен быть подробным и структурированным.",260,33,5,6,4,0,1,1,0,5,4,5,4,0.85,0.7,2026-04-25T14:27:53+00:00
519da333-1c94-4dc2-b867-0bc18a281e8f,algorithm_explanation,Объяснение алгоритма,long,0,1,computer_science_teacher,Ты преподаватель информатики.,,"Ограничения:
- Используй только стандартную библиотеку Python.
- При необходимости приведи короткий пример.","Объясни алгоритм {algorithm} простыми словами, затем укажи сложность и покажи небольшой пример работы.","{""algorithm"": ""бинарный поиск""}",structured_text,"Ты преподаватель информатики.

Объясни алгоритм бинарный поиск простыми словами, затем укажи сложность и покажи небольшой пример работы.

Ограничения:
- Используй только стандартную библиотеку Python.
- При необходимости приведи короткий пример.

Ответ должен быть подробным и структурированным.",295,34,5,6,4,0,1,1,0,6,4,5,4,0.85,0.7,2026-04-25T14:27:53+00:00
f8e5cc11-bb4f-44f5-8944-ec50930e1907,algorithm_explanation,Объяснение алгоритма,long,1,0,none,,Объяснение требуется для учебного конспекта.,,"Объясни алгоритм {algorithm} простыми словами, затем укажи сложность и покажи небольшой пример работы.","{""algorithm"": ""поиск в ширину""}",structured_text,"Контекст: Объяснение требуется для учебного конспекта.

Объясни алгоритм поиск в ширину простыми словами, затем укажи сложность и покажи небольшой пример работы.

Ответ должен быть подробным и структурированным.",211,27,3,3,3,0,0,1,0,1,3,3,3,0.65,0.7,2026-04-25T14:27:53+00:00
22c30451-a262-4d2a-b010-f721956e0025,algorithm_explanation,Объяснение алгоритма,long,1,0,python_developer,Ты Python-разработчик.,"Нужно краткое, но понятное объяснение для технического собеседования.",,"Объясни алгоритм {algorithm} простыми словами, затем укажи сложность и покажи небольшой пример работы.","{""algorithm"": ""алгоритм Дейкстры""}",structured_text,"Ты Python-разработчик.

Контекст: Нужно краткое, но понятное объяснение для технического собеседования.

Объясни алгоритм алгоритм Дейкстры простыми словами, затем укажи сложность и покажи небольшой пример работы.

Ответ должен быть подробным и структурированным.",263,32,4,4,4,0,1,1,0,1,3,3,4,0.65,0.7,2026-04-25T14:27:53+00:00
b8bca6f0-79b4-4b73-a379-bfb77f6375bb,algorithm_explanation,Объяснение алгоритма,long,1,0,qa_engineer,Ты QA-инженер.,"Объяснение нужно студенту, который только изучает алгоритмы.",,"Объясни алгоритм {algorithm} простыми словами, затем укажи сложность и покажи небольшой пример работы.","{""algorithm"": ""алгоритм Кнута — Морриса — Пратта""}",structured_text,"Ты QA-инженер.

Контекст: Объяснение нужно студенту, который только изучает алгоритмы.

Объясни алгоритм алгоритм Кнута — Морриса — Пратта простыми словами, затем укажи сложность и покажи небольшой пример работы.

Ответ должен быть подробным и структурированным.",262,33,4,4,4,0,1,1,0,1,3,3,3,0.65,0.7,2026-04-25T14:27:53+00:00
f00c2b38-a293-48f3-9c8d-24dcad2346ef,algorithm_explanation,Объяснение алгоритма,long,1,0,computer_science_teacher,Ты преподаватель информатики.,Объяснение требуется для учебного конспекта.,,"Подробно объясни алгоритм {algorithm}, опиши его принцип работы, временную сложность и приведи короткий пример.","{""algorithm"": ""алгоритм Дейкстры""}",structured_text,"Ты преподаватель информатики.

Контекст: Объяснение требуется для учебного конспекта.

Подробно объясни алгоритм алгоритм Дейкстры, опиши его принцип работы, временную сложность и приведи короткий пример.

Ответ должен быть подробным и структурированным.",254,30,4,4,4,0,1,1,0,0,3,3,3,0.65,0.7,2026-04-25T14:27:53+00:00
75defaf5-1050-4619-bb86-0ad9571834e3,algorithm_explanation,Объяснение алгоритма,long,1,1,none,,"Объяснение нужно студенту, который только изучает алгоритмы.","Ограничения:
- Не используй внешние зависимости.
- При необходимости приведи короткий пример.","Объясни алгоритм {algorithm} простыми словами, затем укажи сложность и покажи небольшой пример работы.","{""algorithm"": ""поиск в глубину""}",structured_text,"Контекст: Объяснение нужно студенту, который только изучает алгоритмы.

Объясни алгоритм поиск в глубину простыми словами, затем укажи сложность и покажи небольшой пример работы.

Ограничения:
- Не используй внешние зависимости.
- При необходимости приведи короткий пример.

Ответ должен быть подробным и структурированным.",323,39,5,6,4,0,0,1,0,6,4,5,3,1.0,0.9,2026-04-25T14:27:53+00:00
0e511ae3-80f0-414c-91a4-f809e2fb94f3,algorithm_explanation,Объяснение алгоритма,long,1,1,python_developer,Ты Python-разработчик.,"Объяснение нужно студенту, который только изучает алгоритмы.","Ограничения:
- Ответ должен быть понятен начинающему специалисту.
- Укажи временную сложность алгоритма.","Подробно объясни алгоритм {algorithm}, опиши его принцип работы, временную сложность и приведи короткий пример.","{""algorithm"": ""алгоритм Дейкстры""}",structured_text,"Ты Python-разработчик.

Контекст: Объяснение нужно студенту, который только изучает алгоритмы.

Подробно объясни алгоритм алгоритм Дейкстры, опиши его принцип работы, временную сложность и приведи короткий пример.

Ограничения:
- Ответ должен быть понятен начинающему специалисту.
- Укажи временную сложность алгоритма.

Ответ должен быть подробным и структурированным.",369,43,6,7,5,0,1,1,0,4,4,4,5,1.0,0.9,2026-04-25T14:27:53+00:00
a880d568-6c08-4966-8368-ecab04a526f8,algorithm_explanation,Объяснение алгоритма,long,1,1,qa_engineer,Ты QA-инженер.,"Объяснение нужно студенту, который только изучает алгоритмы.","Ограничения:
- Используй только стандартную библиотеку Python.
- Укажи временную сложность алгоритма.","Подробно объясни алгоритм {algorithm}, опиши его принцип работы, временную сложность и приведи короткий пример.","{""algorithm"": ""быстрая сортировка""}",structured_text,"Ты QA-инженер.

Контекст: Объяснение нужно студенту, который только изучает алгоритмы.

Подробно объясни алгоритм быстрая сортировка, опиши его принцип работы, временную сложность и приведи короткий пример.

Ограничения:
- Используй только стандартную библиотеку Python.
- Укажи временную сложность алгоритма.

Ответ должен быть подробным и структурированным.",359,42,6,7,5,0,1,1,0,5,4,5,5,1.0,0.9,2026-04-25T14:27:53+00:00
f875cd02-e494-4404-918c-2ce22c40b1d5,algorithm_explanation,Объяснение алгоритма,long,1,1,computer_science_teacher,Ты преподаватель информатики.,"Нужно краткое, но понятное объяснение для технического собеседования.","Ограничения:
- Ответ должен быть понятен начинающему специалисту.
- Укажи временную сложность алгоритма.","Подробно объясни алгоритм {algorithm}, опиши его принцип работы, временную сложность и приведи короткий пример.","{""algorithm"": ""поиск в ширину""}",structured_text,"Ты преподаватель информатики.

Контекст: Нужно краткое, но понятное объяснение для технического собеседования.

Подробно объясни алгоритм поиск в ширину, опиши его принцип работы, временную сложность и приведи короткий пример.

Ограничения:
- Ответ должен быть понятен начинающему специалисту.
- Укажи временную сложность алгоритма.

Ответ должен быть подробным и структурированным.",382,45,6,7,5,0,1,1,0,4,4,4,4,1.0,0.9,2026-04-25T14:27:53+00:00
505bb67b-a42c-4a59-a87d-6f870a2904ff,testing,Тестирование,short,0,0,none,,,,"Составь тест-кейсы для функции:
{code}","{""code"": ""def get_first_item(items):\n    return items[0]""}",test_cases,"Составь тест-кейсы для функции:
def get_first_item(items):
 return items[0]

Ответ должен быть кратким.",103,15,1,4,2,0,0,1,1,0,1,1,1,0.5,0.5,2026-04-25T14:27:53+00:00
425b7da0-7666-43c6-ad04-4fb99de9623b,testing,Тестирование,short,0,0,python_developer,Ты Python-разработчик.,,,"Составь тест-кейсы для функции:
{code}","{""code"": ""def divide(a, b):\n    return a / b""}",test_cases,"Ты Python-разработчик.

Составь тест-кейсы для функции:
def divide(a, b):
 return a / b

Ответ должен быть кратким.",115,19,2,5,3,0,1,1,1,0,1,1,2,0.5,0.5,2026-04-25T14:27:53+00:00
2347e5f9-e817-47db-a712-8360d8cd6a27,testing,Тестирование,short,0,0,qa_engineer,Ты QA-инженер.,,,"Напиши тесты для следующего кода:
{code}","{""code"": ""def is_even(n):\n    return n % 2 == 0""}",tests,"Ты QA-инженер.

Напиши тесты для следующего кода:
def is_even(n):
 return n % 2 == 0

Ответ должен быть кратким.",112,19,2,5,3,0,1,1,1,0,1,1,1,0.5,0.5,2026-04-25T14:27:53+00:00
85a1a50a-5472-421a-8d82-58e54ca59544,testing,Тестирование,short,0,0,computer_science_teacher,Ты преподаватель информатики.,,,"Напиши тесты для следующего кода:
{code}","{""code"": ""def get_first_item(items):\n    return items[0]""}",tests,"Ты преподаватель информатики.

Напиши тесты для следующего кода:
def get_first_item(items):
 return items[0]

Ответ должен быть кратким.",136,18,2,5,3,0,1,1,1,0,1,1,1,0.5,0.5,2026-04-25T14:27:53+00:00
dda99048-6759-47e0-b0a1-5cd023a490d1,testing,Тестирование,short,0,1,none,,,"Ограничения:
- Не используй внешние зависимости.
- Добавь хотя бы один граничный случай.","Напиши тесты для следующего кода:
{code}","{""code"": ""def divide(a, b):\n    return a / b""}",tests,"Напиши тесты для следующего кода:
def divide(a, b):
 return a / b

Ограничения:
- Не используй внешние зависимости.
- Добавь хотя бы один граничный случай.

Ответ должен быть кратким.",183,27,3,7,3,0,0,1,1,5,2,3,1,0.85,0.8,2026-04-25T14:27:53+00:00
c12bfecb-be40-431d-a520-e1090b7ac81d,testing,Тестирование,short,0,1,python_developer,Ты Python-разработчик.,,"Ограничения:
- Используй только стандартную библиотеку Python.
- Раздели тесты на позитивные и негативные.","Напиши тесты для следующего кода:
{code}","{""code"": ""def merge_dicts(a, b):\n    result = a.copy()\n    result.update(b)\n    return result""}",tests,"Ты Python-разработчик.

Напиши тесты для следующего кода:
def merge_dicts(a, b):
 result = a.copy()
 result.update(b)
 return result

Ограничения:
- Используй только стандартную библиотеку Python.
- Раздели тесты на позитивные и негативные.

Ответ должен быть кратким.",268,36,6,10,4,0,1,1,1,5,1,3,4,0.85,0.8,2026-04-25T14:27:53+00:00
c24f8e89-e4f5-47e8-a118-a82dada94679,testing,Тестирование,short,0,1,qa_engineer,Ты QA-инженер.,,"Ограничения:
- Ответ должен быть понятен начинающему специалисту.
- Добавь хотя бы один граничный случай.","Составь тест-кейсы для функции:
{code}","{""code"": ""def divide(a, b):\n    return a / b""}",test_cases,"Ты QA-инженер.

Составь тест-кейсы для функции:
def divide(a, b):
 return a / b

Ограничения:
- Ответ должен быть понятен начинающему специалисту.
- Добавь хотя бы один граничный случай.

Ответ должен быть кратким.",214,32,4,8,4,0,1,1,1,4,2,2,1,0.85,0.8,2026-04-25T14:27:53+00:00
cf489f4f-60c4-4553-a4c1-91afdef8e73d,testing,Тестирование,short,0,1,computer_science_teacher,Ты преподаватель информатики.,,"Ограничения:
- Не используй внешние зависимости.
- Добавь хотя бы один граничный случай.","Составь тест-кейсы для функции:
{code}","{""code"": ""def merge_dicts(a, b):\n    result = a.copy()\n    result.update(b)\n    return result""}",test_cases,"Ты преподаватель информатики.

Составь тест-кейсы для функции:
def merge_dicts(a, b):
 result = a.copy()
 result.update(b)
 return result

Ограничения:
- Не используй внешние зависимости.
- Добавь хотя бы один граничный случай.

Ответ должен быть кратким.",255,35,6,10,4,0,1,1,1,5,2,3,1,0.85,0.8,2026-04-25T14:27:53+00:00
eb56add1-a0c7-4bbb-9301-dc692beb1356,testing,Тестирование,short,1,0,none,,Нужно подготовить проверку для небольшой функции.,,"Составь тест-кейсы для функции:
{code}","{""code"": ""def divide(a, b):\n    return a / b""}",test_cases,"Контекст: Нужно подготовить проверку для небольшой функции.

Составь тест-кейсы для функции:
def divide(a, b):
 return a / b

Ответ должен быть кратким.",152,23,2,5,3,0,0,1,1,0,1,1,1,0.65,0.8,2026-04-25T14:27:53+00:00
df1965a4-5d5a-40ff-9a02-3b27c557e9f2,testing,Тестирование,short,1,0,python_developer,Ты Python-разработчик.,Нужно подготовить проверку для небольшой функции.,,"Составь тест-кейсы для функции:
{code}","{""code"": ""def get_first_item(items):\n    return items[0]""}",test_cases,"Ты Python-разработчик.

Контекст: Нужно подготовить проверку для небольшой функции.

Составь тест-кейсы для функции:
def get_first_item(items):
 return items[0]

Ответ должен быть кратким.",188,25,3,6,4,0,1,1,1,0,1,1,2,0.65,0.8,2026-04-25T14:27:53+00:00
bab6077d-5c91-4687-ba12-0b2387873f8a,testing,Тестирование,short,1,0,qa_engineer,Ты QA-инженер.,Это учебная задача по тестированию.,,"Напиши тесты для следующего кода:
{code}","{""code"": ""def normalize_name(name):\n    return name.strip().title()""}",tests,"Ты QA-инженер.

Контекст: Это учебная задача по тестированию.

Напиши тесты для следующего кода:
def normalize_name(name):
 return name.strip().title()

Ответ должен быть кратким.",179,25,5,6,4,0,1,1,1,0,1,1,1,0.65,0.8,2026-04-25T14:27:53+00:00
2750f2ca-8ea5-41ef-9a45-ccc1e02e9f2a,testing,Тестирование,short,1,0,computer_science_teacher,Ты преподаватель информатики.,Нужно подготовить проверку для небольшой функции.,,"Составь тест-кейсы для функции:
{code}","{""code"": ""def divide(a, b):\n    return a / b""}",test_cases,"Ты преподаватель информатики.

Контекст: Нужно подготовить проверку для небольшой функции.

Составь тест-кейсы для функции:
def divide(a, b):
 return a / b

Ответ должен быть кратким.",183,26,3,6,4,0,1,1,1,0,1,1,1,0.65,0.8,2026-04-25T14:27:53+00:00
83ad1f3e-6cc8-42b9-8693-24a14611633a,testing,Тестирование,short,1,1,none,,Это учебная задача по тестированию.,"Ограничения:
- Не используй внешние зависимости.
- Добавь хотя бы один граничный случай.","Составь тест-кейсы для функции:
{code}","{""code"": ""def is_even(n):\n    return n % 2 == 0""}",test_cases,"Контекст: Это учебная задача по тестированию.

Составь тест-кейсы для функции:
def is_even(n):
 return n % 2 == 0

Ограничения:
- Не используй внешние зависимости.
- Добавь хотя бы один граничный случай.

Ответ должен быть кратким.",231,33,4,8,4,0,0,1,1,5,2,3,1,1.0,1.0,2026-04-25T14:27:53+00:00
57337ea3-b811-43fb-8f07-03ba7e08ceaa,testing,Тестирование,short,1,1,python_developer,Ты Python-разработчик.,Речь идёт о модуле на Python.,"Ограничения:
- Ответ должен быть понятен начинающему специалисту.
- Раздели тесты на позитивные и негативные.","Составь тест-кейсы для функции:
{code}","{""code"": ""def normalize_name(name):\n    return name.strip().title()""}",test_cases,"Ты Python-разработчик.

Контекст: Речь идёт о модуле на Python.

Составь тест-кейсы для функции:
def normalize_name(name):
 return name.strip().title()

Ограничения:
- Ответ должен быть понятен начинающему специалисту.
- Раздели тесты на позитивные и негативные.

Ответ должен быть кратким.",290,39,7,9,5,0,1,1,1,4,1,2,4,1.0,1.0,2026-04-25T14:27:53+00:00
5d32777b-daeb-4b43-9b4d-ece863bf74aa,testing,Тестирование,short,1,1,qa_engineer,Ты QA-инженер.,Речь идёт о модуле на Python.,"Ограничения:
- Ответ должен быть понятен начинающему специалисту.
- Раздели тесты на позитивные и негативные.","Напиши тесты для следующего кода:
{code}","{""code"": ""def divide(a, b):\n    return a / b""}",tests,"Ты QA-инженер.

Контекст: Речь идёт о модуле на Python.

Напиши тесты для следующего кода:
def divide(a, b):
 return a / b

Ограничения:
- Ответ должен быть понятен начинающему специалисту.
- Раздели тесты на позитивные и негативные.

Ответ должен быть кратким.",261,39,5,9,5,0,1,1,1,4,1,2,3,1.0,1.0,2026-04-25T14:27:53+00:00
9e1cb8d6-9fa6-4942-a9d4-67c9879d4ff8,testing,Тестирование,short,1,1,computer_science_teacher,Ты преподаватель информатики.,Нужно подготовить проверку для небольшой функции.,"Ограничения:
- Ответ должен быть понятен начинающему специалисту.
- Добавь хотя бы один граничный случай.","Напиши тесты для следующего кода:
{code}","{""code"": ""def is_even(n):\n    return n % 2 == 0""}",tests,"Ты преподаватель информатики.

Контекст: Нужно подготовить проверку для небольшой функции.

Напиши тесты для следующего кода:
def is_even(n):
 return n % 2 == 0

Ограничения:
- Ответ должен быть понятен начинающему специалисту.
- Добавь хотя бы один граничный случай.

Ответ должен быть кратким.",295,39,5,9,5,0,1,1,1,4,2,2,1,1.0,1.0,2026-04-25T14:27:53+00:00
ace3d8d8-461e-4355-ab23-ddf8ec619f96,testing,Тестирование,medium,0,0,none,,,,"Составь позитивные и негативные тест-кейсы для функции:
{code}","{""code"": ""def merge_dicts(a, b):\n    result = a.copy()\n    result.update(b)\n    return result""}",test_cases,"Составь позитивные и негативные тест-кейсы для функции:
def merge_dicts(a, b):
 result = a.copy()
 result.update(b)
 return result

Ответ должен быть средней подробности.",170,25,3,6,2,0,0,1,1,0,1,1,1,0.5,0.6,2026-04-25T14:27:53+00:00
049b4532-a452-4ca3-a5f2-8f41c09be3fc,testing,Тестирование,medium,0,0,python_developer,Ты Python-разработчик.,,,"Составь позитивные и негативные тест-кейсы для функции:
{code}","{""code"": ""def get_first_item(items):\n    return items[0]""}",test_cases,"Ты Python-разработчик.

Составь позитивные и негативные тест-кейсы для функции:
def get_first_item(items):
 return items[0]

Ответ должен быть средней подробности.",163,22,2,5,3,0,1,1,1,0,1,1,2,0.5,0.6,2026-04-25T14:27:53+00:00
50cd4022-247a-40d9-bb53-d434a59ce321,testing,Тестирование,medium,0,0,qa_engineer,Ты QA-инженер.,,,"Напиши unit-тесты для следующего кода и кратко поясни, что проверяет каждый тест:
{code}","{""code"": ""def divide(a, b):\n    return a / b""}",tests,"Ты QA-инженер.

Напиши unit-тесты для следующего кода и кратко поясни, что проверяет каждый тест:
def divide(a, b):
 return a / b

Ответ должен быть средней подробности.",169,28,2,5,3,0,1,1,1,0,1,1,3,0.5,0.6,2026-04-25T14:27:53+00:00
9c813233-ebe5-4f24-a347-622dcff521f6,testing,Тестирование,medium,0,0,computer_science_teacher,Ты преподаватель информатики.,,,"Составь позитивные и негативные тест-кейсы для функции:
{code}","{""code"": ""def get_first_item(items):\n    return items[0]""}",test_cases,"Ты преподаватель информатики.

Составь позитивные и негативные тест-кейсы для функции:
def get_first_item(items):
 return items[0]

Ответ должен быть средней подробности.",170,22,2,5,3,0,1,1,1,0,1,1,1,0.5,0.6,2026-04-25T14:27:53+00:00
1e0a520b-36a1-4247-813c-ed3759ab8376,testing,Тестирование,medium,0,1,none,,,"Ограничения:
- Ответ должен быть понятен начинающему специалисту.
- Добавь хотя бы один граничный случай.","Напиши unit-тесты для следующего кода и кратко поясни, что проверяет каждый тест:
{code}","{""code"": ""def merge_dicts(a, b):\n    result = a.copy()\n    result.update(b)\n    return result""}",tests,"Напиши unit-тесты для следующего кода и кратко поясни, что проверяет каждый тест:
def merge_dicts(a, b):
 result = a.copy()
 result.update(b)
 return result

Ограничения:
- Ответ должен быть понятен начинающему специалисту.
- Добавь хотя бы один граничный случай.

Ответ должен быть средней подробности.",303,43,5,9,3,0,0,1,1,4,2,2,3,0.85,0.8,2026-04-25T14:27:53+00:00
71ecd573-2bb2-404b-b9bc-99e09c56dba1,testing,Тестирование,medium,0,1,python_developer,Ты Python-разработчик.,,"Ограничения:
- Ответ должен быть понятен начинающему специалисту.
- Добавь хотя бы один граничный случай.","Напиши unit-тесты для следующего кода и кратко поясни, что проверяет каждый тест:
{code}","{""code"": ""def normalize_name(name):\n    return name.strip().title()""}",tests,"Ты Python-разработчик.

Напиши unit-тесты для следующего кода и кратко поясни, что проверяет каждый тест:
def normalize_name(name):
 return name.strip().title()

Ограничения:
- Ответ должен быть понятен начинающему специалисту.
- Добавь хотя бы один граничный случай.

Ответ должен быть средней подробности.",307,41,6,8,4,0,1,1,1,4,2,2,4,0.85,0.8,2026-04-25T14:27:53+00:00
4c6e2076-6a5b-419d-989c-ed97bd558070,testing,Тестирование,medium,0,1,qa_engineer,Ты QA-инженер.,,"Ограничения:
- Не используй внешние зависимости.
- Раздели тесты на позитивные и негативные.","Составь позитивные и негативные тест-кейсы для функции:
{code}","{""code"": ""def merge_dicts(a, b):\n    result = a.copy()\n    result.update(b)\n    return result""}",test_cases,"Ты QA-инженер.

Составь позитивные и негативные тест-кейсы для функции:
def merge_dicts(a, b):
 result = a.copy()
 result.update(b)
 return result

Ограничения:
- Не используй внешние зависимости.
- Раздели тесты на позитивные и негативные.

Ответ должен быть средней подробности.",280,39,6,10,4,0,1,1,1,5,1,3,2,0.85,0.8,2026-04-25T14:27:53+00:00
e07eafc2-1283-46f8-85d7-0e1ef95170ea,testing,Тестирование,medium,0,1,computer_science_teacher,Ты преподаватель информатики.,,"Ограничения:
- Ответ должен быть понятен начинающему специалисту.
- Добавь хотя бы один граничный случай.","Составь позитивные и негативные тест-кейсы для функции:
{code}","{""code"": ""def divide(a, b):\n    return a / b""}",test_cases,"Ты преподаватель информатики.

Составь позитивные и негативные тест-кейсы для функции:
def divide(a, b):
 return a / b

Ограничения:
- Ответ должен быть понятен начинающему специалисту.
- Добавь хотя бы один граничный случай.

Ответ должен быть средней подробности.",265,36,4,8,4,0,1,1,1,4,2,2,1,0.85,0.8,2026-04-25T14:27:53+00:00
d4712265-a0f2-4fa0-b7b8-2402064f6391,testing,Тестирование,medium,1,0,none,,Это учебная задача по тестированию.,,"Напиши unit-тесты для следующего кода и кратко поясни, что проверяет каждый тест:
{code}","{""code"": ""def get_first_item(items):\n    return items[0]""}",tests,"Контекст: Это учебная задача по тестированию.

Напиши unit-тесты для следующего кода и кратко поясни, что проверяет каждый тест:
def get_first_item(items):
 return items[0]

Ответ должен быть средней подробности.",212,30,2,5,3,0,0,1,1,0,1,1,3,0.65,0.8,2026-04-25T14:27:53+00:00
a43a6de7-6f4a-42f2-8754-367bac9fb8ce,testing,Тестирование,medium,1,0,python_developer,Ты Python-разработчик.,Это учебная задача по тестированию.,,"Составь позитивные и негативные тест-кейсы для функции:
{code}","{""code"": ""def divide(a, b):\n    return a / b""}",test_cases,"Ты Python-разработчик.

Контекст: Это учебная задача по тестированию.

Составь позитивные и негативные тест-кейсы для функции:
def divide(a, b):
 return a / b

Ответ должен быть средней подробности.",198,29,3,6,4,0,1,1,1,0,1,1,2,0.65,0.8,2026-04-25T14:27:53+00:00
7c900618-2353-42b2-9372-04c9478ffd31,testing,Тестирование,medium,1,0,qa_engineer,Ты QA-инженер.,Это учебная задача по тестированию.,,"Напиши unit-тесты для следующего кода и кратко поясни, что проверяет каждый тест:
{code}","{""code"": ""def merge_dicts(a, b):\n    result = a.copy()\n    result.update(b)\n    return result""}",tests,"Ты QA-инженер.

Контекст: Это учебная задача по тестированию.

Напиши unit-тесты для следующего кода и кратко поясни, что проверяет каждый тест:
def merge_dicts(a, b):
 result = a.copy()
 result.update(b)
 return result

Ответ должен быть средней подробности.",259,39,5,8,4,0,1,1,1,0,1,1,3,0.65,0.8,2026-04-25T14:27:53+00:00
d873f369-92ab-443c-86a4-862564ae663a,testing,Тестирование,medium,1,0,computer_science_teacher,Ты преподаватель информатики.,Нужно подготовить проверку для небольшой функции.,,"Напиши unit-тесты для следующего кода и кратко поясни, что проверяет каждый тест:
{code}","{""code"": ""def get_first_item(items):\n    return items[0]""}",tests,"Ты преподаватель информатики.

Контекст: Нужно подготовить проверку для небольшой функции.

Напиши unit-тесты для следующего кода и кратко поясни, что проверяет каждый тест:
def get_first_item(items):
 return items[0]

Ответ должен быть средней подробности.",257,34,3,6,4,0,1,1,1,0,1,1,3,0.65,0.8,2026-04-25T14:27:53+00:00
a606427e-16f9-48a6-b7a7-c8a65919ce13,testing,Тестирование,medium,1,1,none,,Нужно подготовить проверку для небольшой функции.,"Ограничения:
- Не используй внешние зависимости.
- Добавь хотя бы один граничный случай.","Напиши unit-тесты для следующего кода и кратко поясни, что проверяет каждый тест:
{code}","{""code"": ""def is_even(n):\n    return n % 2 == 0""}",tests,"Контекст: Нужно подготовить проверку для небольшой функции.

Напиши unit-тесты для следующего кода и кратко поясни, что проверяет каждый тест:
def is_even(n):
 return n % 2 == 0

Ограничения:
- Не используй внешние зависимости.
- Добавь хотя бы один граничный случай.

Ответ должен быть средней подробности.",307,43,4,8,4,0,0,1,1,5,2,3,3,1.0,1.0,2026-04-25T14:27:53+00:00
2d102145-9700-4a91-9707-14d888768099,testing,Тестирование,medium,1,1,python_developer,Ты Python-разработчик.,Речь идёт о модуле на Python.,"Ограничения:
- Используй только стандартную библиотеку Python.
- Добавь хотя бы один граничный случай.","Составь позитивные и негативные тест-кейсы для функции:
{code}","{""code"": ""def divide(a, b):\n    return a / b""}",test_cases,"Ты Python-разработчик.

Контекст: Речь идёт о модуле на Python.

Составь позитивные и негативные тест-кейсы для функции:
def divide(a, b):
 return a / b

Ограничения:
- Используй только стандартную библиотеку Python.
- Добавь хотя бы один граничный случай.

Ответ должен быть средней подробности.",296,42,5,9,5,0,1,1,1,5,2,3,4,1.0,1.0,2026-04-25T14:27:53+00:00
dcfa72a0-1bc1-4a96-b080-6c4c0a236971,testing,Тестирование,medium,1,1,qa_engineer,Ты QA-инженер.,Это учебная задача по тестированию.,"Ограничения:
- Ответ должен быть понятен начинающему специалисту.
- Добавь хотя бы один граничный случай.","Составь позитивные и негативные тест-кейсы для функции:
{code}","{""code"": ""def divide(a, b):\n    return a / b""}",test_cases,"Ты QA-инженер.

Контекст: Это учебная задача по тестированию.

Составь позитивные и негативные тест-кейсы для функции:
def divide(a, b):
 return a / b

Ограничения:
- Ответ должен быть понятен начинающему специалисту.
- Добавь хотя бы один граничный случай.

Ответ должен быть средней подробности.",297,42,5,9,5,0,1,1,1,4,2,2,1,1.0,1.0,2026-04-25T14:27:53+00:00
2cac8e1b-4fbe-4c65-a2c5-9f96b6d3306a,testing,Тестирование,medium,1,1,computer_science_teacher,Ты преподаватель информатики.,Это учебная задача по тестированию.,"Ограничения:
- Ответ должен быть понятен начинающему специалисту.
- Добавь хотя бы один граничный случай.","Составь позитивные и негативные тест-кейсы для функции:
{code}","{""code"": ""def normalize_name(name):\n    return name.strip().title()""}",test_cases,"Ты преподаватель информатики.

Контекст: Это учебная задача по тестированию.

Составь позитивные и негативные тест-кейсы для функции:
def normalize_name(name):
 return name.strip().title()

Ограничения:
- Ответ должен быть понятен начинающему специалисту.
- Добавь хотя бы один граничный случай.

Ответ должен быть средней подробности.",335,42,7,9,5,0,1,1,1,4,2,2,1,1.0,1.0,2026-04-25T14:27:53+00:00
b5907a8f-7429-4116-84f2-f95991d7570e,testing,Тестирование,long,0,0,none,,,,"Напиши unit-тесты для следующего кода. Раздели их на позитивные, негативные и граничные случаи, а также кратко поясни каждый тест:
{code}","{""code"": ""def get_first_item(items):\n    return items[0]""}",tests,"Напиши unit-тесты для следующего кода. Раздели их на позитивные, негативные и граничные случаи, а также кратко поясни каждый тест:
def get_first_item(items):
 return items[0]

Ответ должен быть подробным и структурированным.",224,32,2,4,2,0,0,1,1,1,1,2,3,0.5,0.6,2026-04-25T14:27:53+00:00
5f8e5978-a312-4739-91a6-7d9106a68b7d,testing,Тестирование,long,0,0,python_developer,Ты Python-разработчик.,,,"Напиши unit-тесты для следующего кода. Раздели их на позитивные, негативные и граничные случаи, а также кратко поясни каждый тест:
{code}","{""code"": ""def merge_dicts(a, b):\n    result = a.copy()\n    result.update(b)\n    return result""}",tests,"Ты Python-разработчик.

Напиши unit-тесты для следующего кода. Раздели их на позитивные, негативные и граничные случаи, а также кратко поясни каждый тест:
def merge_dicts(a, b):
 result = a.copy()
 result.update(b)
 return result

Ответ должен быть подробным и структурированным.",279,41,5,7,3,0,1,1,1,1,1,2,4,0.5,0.6,2026-04-25T14:27:53+00:00
a8646019-7ac8-44a7-b8a6-d4ad1d863831,testing,Тестирование,long,0,0,qa_engineer,Ты QA-инженер.,,,"Напиши unit-тесты для следующего кода. Раздели их на позитивные, негативные и граничные случаи, а также кратко поясни каждый тест:
{code}","{""code"": ""def normalize_name(name):\n    return name.strip().title()""}",tests,"Ты QA-инженер.

Напиши unit-тесты для следующего кода. Раздели их на позитивные, негативные и граничные случаи, а также кратко поясни каждый тест:
def normalize_name(name):
 return name.strip().title()

Ответ должен быть подробным и структурированным.",251,36,5,5,3,0,1,1,1,1,1,2,3,0.5,0.6,2026-04-25T14:27:53+00:00
2b69ef67-748c-42bd-bb59-c98aacf22fd0,testing,Тестирование,long,0,0,computer_science_teacher,Ты преподаватель информатики.,,,"Напиши unit-тесты для следующего кода. Раздели их на позитивные, негативные и граничные случаи, а также кратко поясни каждый тест:
{code}","{""code"": ""def is_even(n):\n    return n % 2 == 0""}",tests,"Ты преподаватель информатики.

Напиши unit-тесты для следующего кода. Раздели их на позитивные, негативные и граничные случаи, а также кратко поясни каждый тест:
def is_even(n):
 return n % 2 == 0

Ответ должен быть подробным и структурированным.",246,36,3,5,3,0,1,1,1,1,1,2,3,0.5,0.6,2026-04-25T14:27:53+00:00
a066738b-8377-4084-b196-1aed41414c83,testing,Тестирование,long,0,1,none,,,"Ограничения:
- Используй только стандартную библиотеку Python.
- Раздели тесты на позитивные и негативные.","Напиши unit-тесты для следующего кода. Раздели их на позитивные, негативные и граничные случаи, а также кратко поясни каждый тест:
{code}","{""code"": ""def is_even(n):\n    return n % 2 == 0""}",tests,"Напиши unit-тесты для следующего кода. Раздели их на позитивные, негативные и граничные случаи, а также кратко поясни каждый тест:
def is_even(n):
 return n % 2 == 0

Ограничения:
- Используй только стандартную библиотеку Python.
- Раздели тесты на позитивные и негативные.

Ответ должен быть подробным и структурированным.",323,45,4,7,3,0,0,1,1,5,1,4,5,0.85,0.8,2026-04-25T14:27:53+00:00
02e44210-2bd1-4d1a-bae9-78761f7c73ed,testing,Тестирование,long,0,1,python_developer,Ты Python-разработчик.,,"Ограничения:
- Используй только стандартную библиотеку Python.
- Раздели тесты на позитивные и негативные.","Напиши unit-тесты для следующего кода. Раздели их на позитивные, негативные и граничные случаи, а также кратко поясни каждый тест:
{code}","{""code"": ""def merge_dicts(a, b):\n    result = a.copy()\n    result.update(b)\n    return result""}",tests,"Ты Python-разработчик.

Напиши unit-тесты для следующего кода. Раздели их на позитивные, негативные и граничные случаи, а также кратко поясни каждый тест:
def merge_dicts(a, b):
 result = a.copy()
 result.update(b)
 return result

Ограничения:
- Используй только стандартную библиотеку Python.
- Раздели тесты на позитивные и негативные.

Ответ должен быть подробным и структурированным.",387,53,7,10,4,0,1,1,1,5,1,4,6,0.85,0.8,2026-04-25T14:27:53+00:00
39b0321d-a27d-46a4-8e55-401718ecd1d9,testing,Тестирование,long,0,1,qa_engineer,Ты QA-инженер.,,"Ограничения:
- Не используй внешние зависимости.
- Раздели тесты на позитивные и негативные.","Напиши unit-тесты для следующего кода. Раздели их на позитивные, негативные и граничные случаи, а также кратко поясни каждый тест:
{code}","{""code"": ""def get_first_item(items):\n    return items[0]""}",tests,"Ты QA-инженер.

Напиши unit-тесты для следующего кода. Раздели их на позитивные, негативные и граничные случаи, а также кратко поясни каждый тест:
def get_first_item(items):
 return items[0]

Ограничения:
- Не используй внешние зависимости.
- Раздели тесты на позитивные и негативные.

Ответ должен быть подробным и структурированным.",334,46,5,8,4,0,1,1,1,5,1,4,4,0.85,0.8,2026-04-25T14:27:53+00:00
6e69d382-ba72-47b4-910e-699b25e7192b,testing,Тестирование,long,0,1,computer_science_teacher,Ты преподаватель информатики.,,"Ограничения:
- Не используй внешние зависимости.
- Добавь хотя бы один граничный случай.","Напиши unit-тесты для следующего кода. Раздели их на позитивные, негативные и граничные случаи, а также кратко поясни каждый тест:
{code}","{""code"": ""def get_first_item(items):\n    return items[0]""}",tests,"Ты преподаватель информатики.

Напиши unit-тесты для следующего кода. Раздели их на позитивные, негативные и граничные случаи, а также кратко поясни каждый тест:
def get_first_item(items):
 return items[0]

Ограничения:
- Не используй внешние зависимости.
- Добавь хотя бы один граничный случай.

Ответ должен быть подробным и структурированным.",345,46,5,8,4,0,1,1,1,6,2,4,3,0.85,0.8,2026-04-25T14:27:53+00:00
7da8af43-818f-481f-adb4-1deb06c9ec74,testing,Тестирование,long,1,0,none,,Это учебная задача по тестированию.,,"Напиши unit-тесты для следующего кода. Раздели их на позитивные, негативные и граничные случаи, а также кратко поясни каждый тест:
{code}","{""code"": ""def merge_dicts(a, b):\n    result = a.copy()\n    result.update(b)\n    return result""}",tests,"Контекст: Это учебная задача по тестированию.

Напиши unit-тесты для следующего кода. Раздели их на позитивные, негативные и граничные случаи, а также кратко поясни каждый тест:
def merge_dicts(a, b):
 result = a.copy()
 result.update(b)
 return result

Ответ должен быть подробным и структурированным.",302,44,5,7,3,0,0,1,1,1,1,2,3,0.65,0.8,2026-04-25T14:27:53+00:00
b63fcf8f-7e69-453a-a108-4de915c79cd9,testing,Тестирование,long,1,0,python_developer,Ты Python-разработчик.,Нужно подготовить проверку для небольшой функции.,,"Напиши unit-тесты для следующего кода. Раздели их на позитивные, негативные и граничные случаи, а также кратко поясни каждый тест:
{code}","{""code"": ""def divide(a, b):\n    return a / b""}",tests,"Ты Python-разработчик.

Контекст: Нужно подготовить проверку для небольшой функции.

Напиши unit-тесты для следующего кода. Раздели их на позитивные, негативные и граничные случаи, а также кратко поясни каждый тест:
def divide(a, b):
 return a / b

Ответ должен быть подробным и структурированным.",297,43,4,6,4,0,1,1,1,1,1,2,4,0.65,0.8,2026-04-25T14:27:53+00:00
76b880df-62b7-4fe4-bd2a-cf81491ed527,testing,Тестирование,long,1,0,qa_engineer,Ты QA-инженер.,Это учебная задача по тестированию.,,"Напиши unit-тесты для следующего кода. Раздели их на позитивные, негативные и граничные случаи, а также кратко поясни каждый тест:
{code}","{""code"": ""def merge_dicts(a, b):\n    result = a.copy()\n    result.update(b)\n    return result""}",tests,"Ты QA-инженер.

Контекст: Это учебная задача по тестированию.

Напиши unit-тесты для следующего кода. Раздели их на позитивные, негативные и граничные случаи, а также кратко поясни каждый тест:
def merge_dicts(a, b):
 result = a.copy()
 result.update(b)
 return result

Ответ должен быть подробным и структурированным.",318,47,6,8,4,0,1,1,1,1,1,2,3,0.65,0.8,2026-04-25T14:27:53+00:00
090dff9e-8e41-4ffc-99d3-ff9b5472175b,testing,Тестирование,long,1,0,computer_science_teacher,Ты преподаватель информатики.,Речь идёт о модуле на Python.,,"Составь полный набор тест-кейсов для функции, включая позитивные, негативные и граничные сценарии:
{code}","{""code"": ""def merge_dicts(a, b):\n    result = a.copy()\n    result.update(b)\n    return result""}",test_cases,"Ты преподаватель информатики.

Контекст: Речь идёт о модуле на Python.

Составь полный набор тест-кейсов для функции, включая позитивные, негативные и граничные сценарии:
def merge_dicts(a, b):
 result = a.copy()
 result.update(b)
 return result

Ответ должен быть подробным и структурированным.",295,41,5,8,4,0,1,1,1,0,1,1,2,0.65,0.8,2026-04-25T14:27:53+00:00
36d467f7-1b92-415e-b202-4648bf079bb8,testing,Тестирование,long,1,1,none,,Нужно подготовить проверку для небольшой функции.,"Ограничения:
- Не используй внешние зависимости.
- Раздели тесты на позитивные и негативные.","Составь полный набор тест-кейсов для функции, включая позитивные, негативные и граничные сценарии:
{code}","{""code"": ""def get_first_item(items):\n    return items[0]""}",test_cases,"Контекст: Нужно подготовить проверку для небольшой функции.

Составь полный набор тест-кейсов для функции, включая позитивные, негативные и граничные сценарии:
def get_first_item(items):
 return items[0]

Ограничения:
- Не используй внешние зависимости.
- Раздели тесты на позитивные и негативные.

Ответ должен быть подробным и структурированным.",347,43,4,8,4,0,0,1,1,5,1,3,2,1.0,1.0,2026-04-25T14:27:53+00:00
285aa827-8630-4954-bc09-cf55fc55e0f9,testing,Тестирование,long,1,1,python_developer,Ты Python-разработчик.,Речь идёт о модуле на Python.,"Ограничения:
- Не используй внешние зависимости.
- Добавь хотя бы один граничный случай.","Напиши unit-тесты для следующего кода. Раздели их на позитивные, негативные и граничные случаи, а также кратко поясни каждый тест:
{code}","{""code"": ""def is_even(n):\n    return n % 2 == 0""}",tests,"Ты Python-разработчик.

Контекст: Речь идёт о модуле на Python.

Напиши unit-тесты для следующего кода. Раздели их на позитивные, негативные и граничные случаи, а также кратко поясни каждый тест:
def is_even(n):
 return n % 2 == 0

Ограничения:
- Не используй внешние зависимости.
- Добавь хотя бы один граничный случай.

Ответ должен быть подробным и структурированным.",370,54,6,9,5,0,1,1,1,6,2,4,5,1.0,1.0,2026-04-25T14:27:53+00:00
eaea0514-35e4-4d0a-89d4-6c3796fe00b6,testing,Тестирование,long,1,1,qa_engineer,Ты QA-инженер.,Нужно подготовить проверку для небольшой функции.,"Ограничения:
- Используй только стандартную библиотеку Python.
- Добавь хотя бы один граничный случай.","Напиши unit-тесты для следующего кода. Раздели их на позитивные, негативные и граничные случаи, а также кратко поясни каждый тест:
{code}","{""code"": ""def merge_dicts(a, b):\n    result = a.copy()\n    result.update(b)\n    return result""}",tests,"Ты QA-инженер.

Контекст: Нужно подготовить проверку для небольшой функции.

Напиши unit-тесты для следующего кода. Раздели их на позитивные, негативные и граничные случаи, а также кратко поясни каждый тест:
def merge_dicts(a, b):
 result = a.copy()
 result.update(b)
 return result

Ограничения:
- Используй только стандартную библиотеку Python.
- Добавь хотя бы один граничный случай.

Ответ должен быть подробным и структурированным.",436,60,8,11,5,0,1,1,1,6,2,4,4,1.0,1.0,2026-04-25T14:27:53+00:00
a159a34e-7ab4-43be-a1ba-b7db3864e94f,testing,Тестирование,long,1,1,computer_science_teacher,Ты преподаватель информатики.,Нужно подготовить проверку для небольшой функции.,"Ограничения:
- Используй только стандартную библиотеку Python.
- Добавь хотя бы один граничный случай.","Составь полный набор тест-кейсов для функции, включая позитивные, негативные и граничные сценарии:
{code}","{""code"": ""def normalize_name(name):\n    return name.strip().title()""}",test_cases,"Ты преподаватель информатики.

Контекст: Нужно подготовить проверку для небольшой функции.

Составь полный набор тест-кейсов для функции, включая позитивные, негативные и граничные сценарии:
def normalize_name(name):
 return name.strip().title()

Ограничения:
- Используй только стандартную библиотеку Python.
- Добавь хотя бы один граничный случай.

Ответ должен быть подробным и структурированным.",399,48,7,9,5,0,1,1,1,5,2,3,2,1.0,1.0,2026-04-25T14:27:53+00:00
